character,unicode,usage_count,categories
ㄴ,U+3134,1,SCENARIO
가,U+AC00,6531,BATTLE_CHATTER;BATTLE_HELP;ENEMY;ENEMY_ACTION;EQUIPMENT;FIELD_TABLE;ITEM;MAGIC;NPC_DIALOGUE;NPC_SPEAKER_NAME;SCENARIO;SKILL;SKILL_EFFECT;STATUS;SYSTEM
각,U+AC01,699,BATTLE;BATTLE_CHATTER;BATTLE_UI;ENEMY_ACTION;FIELD_TABLE;ITEM;MAGIC;NPC_DIALOGUE;NPC_SPEAKER_NAME;SCENARIO
간,U+AC04,593,BATTLE_HELP;ENEMY;ENEMY_ACTION;FIELD_TABLE;ITEM;MAGIC;NPC_DIALOGUE;NPC_SPEAKER_NAME;SCENARIO;SKILL_EFFECT;SYSTEM
갇,U+AC07,11,NPC_DIALOGUE
갈,U+AC08,348,BATTLE_CHATTER;ITEM;NPC_DIALOGUE;SCENARIO
감,U+AC10,348,BATTLE_CHATTER;ITEM;MAGIC;NPC_DIALOGUE;NPC_SPEAKER_NAME;SCENARIO;SKILL;SKILL_EFFECT
갑,U+AC11,181,BATTLE_CHATTER;ENEMY;FIELD_TABLE;ITEM;NPC_DIALOGUE;NPC_SPEAKER_NAME;SCENARIO;SYSTEM
값,U+AC12,13,NPC_DIALOGUE
갓,U+AC13,16,ENEMY;NPC_DIALOGUE
갔,U+AC14,121,NPC_DIALOGUE;SCENARIO
강,U+AC15,183,BATTLE;BATTLE_CHATTER;BATTLE_HELP;ENEMY;EQUIPMENT;FIELD_TABLE;ITEM;NPC_DIALOGUE;SCENARIO;SKILL;STATUS;SYSTEM
갖,U+AC16,50,ITEM;NPC_DIALOGUE;SCENARIO
같,U+AC19,1091,BATTLE_CHATTER;BATTLE_HELP;NPC_DIALOGUE;SCENARIO;SKILL
갚,U+AC1A,24,NPC_DIALOGUE;SCENARIO
갛,U+AC1B,9,NPC_DIALOGUE
개,U+AC1C,261,BATTLE_UI;ENEMY;FIELD_TABLE;ITEM;MAGIC;NPC_DIALOGUE;SCENARIO;SYSTEM
객,U+AC1D,27,FIELD_TABLE;NPC_DIALOGUE;NPC_SPEAKER_NAME;SCENARIO
갬,U+AC2C,3,ITEM;NPC_DIALOGUE
갯,U+AC2F,16,ENEMY_ACTION;ITEM;NPC_DIALOGUE;SCENARIO
갱,U+AC31,8,NPC_DIALOGUE;SCENARIO
갸,U+AC38,2,NPC_DIALOGUE;SCENARIO
걀,U+AC40,2,SCENARIO
걔,U+AC54,4,NPC_DIALOGUE
거,U+AC70,3207,BATTLE_CHATTER;BATTLE_HELP;ENEMY;ENEMY_ACTION;FIELD_TABLE;ITEM;MAGIC;NPC_DIALOGUE;NPC_SPEAKER_NAME;SCENARIO;SKILL;SYSTEM
걱,U+AC71,105,NPC_DIALOGUE;NPC_SPEAKER_NAME;SCENARIO
건,U+AC74,1685,BATTLE_CHATTER;BATTLE_HELP;NPC_DIALOGUE;NPC_SPEAKER_NAME;SCENARIO;SYSTEM
걷,U+AC77,34,NPC_DIALOGUE;SCENARIO
걸,U+AC78,949,BATTLE_CHATTER;BATTLE_HELP;ITEM;NPC_DIALOGUE;SCENARIO;SKILL
검,U+AC80,99,BATTLE_HELP;ENEMY;FIELD_TABLE;ITEM;NPC_DIALOGUE;SCENARIO;SKILL
겁,U+AC81,124,BATTLE_CHATTER;BATTLE_HELP;ITEM;MAGIC;NPC_DIALOGUE;NPC_SPEAKER_NAME;SCENARIO
것,U+AC83,1247,BATTLE_CHATTER;ITEM;MAGIC;NPC_DIALOGUE;SCENARIO;SKILL
겉,U+AC89,6,NPC_DIALOGUE;SCENARIO
게,U+AC8C,3570,BATTLE_CHATTER;BATTLE_HELP;ENEMY;EQUIPMENT;FIELD_TABLE;ITEM;MAGIC;NPC_DIALOGUE;NPC_SPEAKER_NAME;SCENARIO;SKILL;SKILL_EFFECT;SYSTEM
겍,U+AC8D,10,NPC_DIALOGUE
겐,U+AC90,43,ENEMY_ACTION;NPC_DIALOGUE
겠,U+ACA0,1613,BATTLE_CHATTER;BATTLE_HELP;NPC_DIALOGUE;SCENARIO
겨,U+ACA8,211,BATTLE_CHATTER;FIELD_TABLE;ITEM;NPC_DIALOGUE;SCENARIO;SYSTEM
격,U+ACA9,293,BATTLE;BATTLE_CHATTER;BATTLE_HELP;ENEMY;ENEMY_ACTION;EQUIPMENT;FIELD_TABLE;ITEM;MAGIC;NPC_DIALOGUE;NPC_SPEAKER_NAME;SCENARIO;SKILL;SKILL_EFFECT;STATUS;SYSTEM
겪,U+ACAA,11,NPC_DIALOGUE
견,U+ACAC,52,BATTLE_CHATTER;BATTLE_HELP;ITEM;NPC_DIALOGUE;NPC_SPEAKER_NAME;SCENARIO
결,U+ACB0,289,BATTLE;BATTLE_CHATTER;BATTLE_HELP;ITEM;MAGIC;NPC_DIALOGUE;SCENARIO;SKILL;STATUS;SYSTEM
겸,U+ACB8,5,NPC_DIALOGUE
겹,U+ACB9,11,ITEM;NPC_DIALOGUE
겼,U+ACBC,40,NPC_DIALOGUE;SCENARIO
경,U+ACBD,334,BATTLE_CHATTER;EQUIPMENT;ITEM;MAGIC;NPC_DIALOGUE;NPC_SPEAKER_NAME;SCENARIO;STATUS;SYSTEM
곁,U+ACC1,15,NPC_DIALOGUE;SCENARIO
계,U+ACC4,1000,EQUIPMENT;FIELD;FIELD_RUNTIME;FIELD_TABLE;ITEM;MAGIC;NPC_DIALOGUE;NPC_SPEAKER_NAME;SCENARIO;SKILL;STATUS;SYSTEM
곗,U+ACD7,1,NPC_DIALOGUE
고,U+ACE0,5512,BATTLE_CHATTER;BATTLE_HELP;ENEMY;EQUIPMENT;FIELD_TABLE;ITEM;MAGIC;NPC_DIALOGUE;NPC_SPEAKER_NAME;SCENARIO;SKILL;STATUS;SYSTEM
곡,U+ACE1,205,ENEMY_ACTION;FIELD;FIELD_RUNTIME;FIELD_TABLE;ITEM;NPC_DIALOGUE;SCENARIO;SYSTEM
곤,U+ACE4,137,ENEMY;ENEMY_ACTION;NPC_DIALOGUE;NPC_SPEAKER_NAME;SCENARIO
곧,U+ACE7,68,NPC_DIALOGUE;SCENARIO
골,U+ACE8,71,BATTLE_CHATTER;BATTLE_HELP;ENEMY;FIELD_TABLE;ITEM;NPC_DIALOGUE;NPC_SPEAKER_NAME;SCENARIO
곯,U+ACEF,1,NPC_DIALOGUE
곰,U+ACF0,38,NPC_DIALOGUE;SCENARIO
곱,U+ACF1,12,NPC_DIALOGUE;SCENARIO
곳,U+ACF3,476,BATTLE_HELP;FIELD_TABLE;ITEM;NPC_DIALOGUE;SCENARIO;SYSTEM
공,U+ACF5,366,BATTLE;BATTLE_CHATTER;BATTLE_HELP;ENEMY_ACTION;EQUIPMENT;FIELD_TABLE;ITEM;MAGIC;NPC_DIALOGUE;NPC_SPEAKER_NAME;SCENARIO;SKILL;SKILL_EFFECT;STATUS;SYSTEM
곶,U+ACF6,3,FIELD_TABLE;NPC_DIALOGUE
과,U+ACFC,571,BATTLE_CHATTER;BATTLE_HELP;EQUIPMENT;FIELD_TABLE;ITEM;MAGIC;NPC_DIALOGUE;NPC_SPEAKER_NAME;SCENARIO;SKILL_EFFECT;STATUS;SYSTEM
곽,U+ACFD,7,FIELD_TABLE;NPC_DIALOGUE
관,U+AD00,339,EQUIPMENT;FIELD_TABLE;ITEM;NPC_DIALOGUE;NPC_SPEAKER_NAME;SCENARIO;SYSTEM
광,U+AD11,105,BATTLE;ENEMY_ACTION;FIELD_TABLE;ITEM;MAGIC;NPC_DIALOGUE;NPC_SPEAKER_NAME;SCENARIO;SKILL;SYSTEM
괘,U+AD18,7,NPC_DIALOGUE;SCENARIO
괜,U+AD1C,368,BATTLE_CHATTER;NPC_DIALOGUE;SCENARIO
괴,U+AD34,163,FIELD_TABLE;ITEM;NPC_DIALOGUE;SCENARIO
굉,U+AD49,23,NPC_DIALOGUE;SCENARIO
교,U+AD50,68,ITEM;NPC_DIALOGUE;NPC_SPEAKER_NAME;SCENARIO;SYSTEM
구,U+AD6C,1429,BATTLE;BATTLE_CHATTER;ENEMY;ENEMY_ACTION;EQUIPMENT;FIELD;FIELD_RUNTIME;FIELD_TABLE;ITEM;MAGIC;NPC_DIALOGUE;NPC_SPEAKER_NAME;SCENARIO;SKILL;STATUS;SYSTEM
국,U+AD6D,91,FIELD_TABLE;ITEM;MAGIC;NPC_DIALOGUE;SCENARIO
군,U+AD70,604,BATTLE;BATTLE_CHATTER;ITEM;MAGIC;NPC_DIALOGUE;SCENARIO;SYSTEM
굳,U+AD73,26,NPC_DIALOGUE;SCENARIO
굴,U+AD74,185,BATTLE_CHATTER;FIELD_TABLE;ITEM;NPC_DIALOGUE;SCENARIO
굵,U+AD75,1,NPC_DIALOGUE
굶,U+AD76,22,NPC_DIALOGUE
굼,U+AD7C,3,BATTLE_CHATTER;NPC_DIALOGUE
굽,U+AD7D,31,NPC_DIALOGUE;SCENARIO
궁,U+AD81,39,FIELD_TABLE;ITEM;NPC_DIALOGUE;SCENARIO;SKILL
궂,U+AD82,9,NPC_DIALOGUE;SCENARIO
궈,U+AD88,1,NPC_DIALOGUE
권,U+AD8C,45,BATTLE_CHATTER;ITEM;NPC_DIALOGUE;NPC_SPEAKER_NAME;SCENARIO;SKILL;SYSTEM
궤,U+ADA4,1,ITEM
귀,U+ADC0,132,BATTLE_HELP;ENEMY_ACTION;ITEM;NPC_DIALOGUE;SCENARIO;SYSTEM
귈,U+ADC8,1,NPC_DIALOGUE
귐,U+ADD0,1,NPC_DIALOGUE
규,U+ADDC,50,ITEM;MAGIC;NPC_DIALOGUE;SCENARIO
균,U+ADE0,6,ENEMY_ACTION;NPC_DIALOGUE
귤,U+ADE4,3,NPC_DIALOGUE
그,U+ADF8,7923,BATTLE_CHATTER;BATTLE_HELP;ENEMY;ENEMY_ACTION;EQUIPMENT;FIELD;FIELD_RUNTIME;FIELD_TABLE;ITEM;MAGIC;NPC_DIALOGUE;NPC_SPEAKER_NAME;SCENARIO;SYSTEM
극,U+ADF9,124,BATTLE_HELP;ENEMY_ACTION;ITEM;NPC_DIALOGUE;NPC_SPEAKER_NAME;SCENARIO;SKILL
근,U+ADFC,149,BATTLE_CHATTER;ITEM;NPC_DIALOGUE;NPC_SPEAKER_NAME;SCENARIO;SKILL_EFFECT
글,U+AE00,189,FIELD_TABLE;ITEM;NPC_DIALOGUE;NPC_SPEAKER_NAME;SCENARIO
긁,U+AE01,5,SCENARIO
금,U+AE08,951,BATTLE_CHATTER;BATTLE_HELP;FIELD_TABLE;ITEM;MAGIC;NPC_DIALOGUE;SCENARIO;SYSTEM
급,U+AE09,59,BATTLE_HELP;ITEM;MAGIC;NPC_DIALOGUE;SCENARIO
긋,U+AE0B,41,NPC_DIALOGUE;NPC_SPEAKER_NAME;SCENARIO
긍,U+AE0D,9,NPC_DIALOGUE;SCENARIO
기,U+AE30,5579,BATTLE;BATTLE_CHATTER;BATTLE_HELP;ENEMY;ENEMY_ACTION;EQUIPMENT;FIELD_TABLE;ITEM;MAGIC;NPC_DIALOGUE;NPC_SPEAKER_NAME;SCENARIO;SKILL;STATUS;SYSTEM
긴,U+AE34,322,BATTLE_CHATTER;ENEMY_ACTION;ITEM;MAGIC;NPC_DIALOGUE;SCENARIO
길,U+AE38,352,BATTLE_CHATTER;ENEMY;ENEMY_ACTION;FIELD_TABLE;ITEM;NPC_DIALOGUE;NPC_SPEAKER_NAME;SCENARIO
김,U+AE40,31,NPC_DIALOGUE;SCENARIO
깁,U+AE41,5,BATTLE_CHATTER;NPC_DIALOGUE;SCENARIO
깃,U+AE43,31,ITEM;NPC_DIALOGUE;SCENARIO
깅,U+AE45,7,ITEM;NPC_DIALOGUE
깊,U+AE4A,64,ENEMY_ACTION;NPC_DIALOGUE;SCENARIO
까,U+AE4C,2544,BATTLE_CHATTER;BATTLE_HELP;ENEMY_ACTION;ITEM;MAGIC;NPC_DIALOGUE;NPC_SPEAKER_NAME;SCENARIO;SYSTEM
깎,U+AE4E,12,ITEM;NPC_DIALOGUE;SCENARIO
깐,U+AE50,184,BATTLE_CHATTER;NPC_DIALOGUE;SCENARIO
깔,U+AE54,6,NPC_DIALOGUE;SCENARIO
깜,U+AE5C,38,BATTLE_HELP;NPC_DIALOGUE;SCENARIO
깝,U+AE5D,17,BATTLE_HELP;NPC_DIALOGUE;SCENARIO
깡,U+AE61,2,NPC_DIALOGUE;NPC_SPEAKER_NAME
깥,U+AE65,8,NPC_DIALOGUE
깨,U+AE68,89,BATTLE_HELP;ITEM;NPC_DIALOGUE;SCENARIO
꺄,U+AE84,1,NPC_DIALOGUE
꺅,U+AE85,2,NPC_DIALOGUE
꺼,U+AEBC,30,ITEM;NPC_DIALOGUE;SCENARIO
꺽,U+AEBD,11,NPC_DIALOGUE
꺾,U+AEBE,4,NPC_DIALOGUE
껍,U+AECD,15,ITEM;NPC_DIALOGUE;SCENARIO
껏,U+AECF,42,BATTLE_HELP;ITEM;NPC_DIALOGUE;SCENARIO
껑,U+AED1,2,NPC_DIALOGUE
께,U+AED8,323,BATTLE_CHATTER;NPC_DIALOGUE;SCENARIO;SKILL_EFFECT;SYSTEM
껴,U+AEF4,59,BATTLE_CHATTER;NPC_DIALOGUE;SCENARIO
꼈,U+AF08,8,NPC_DIALOGUE
꼬,U+AF2C,263,NPC_DIALOGUE;SCENARIO
꼭,U+AF2D,82,NPC_DIALOGUE;SCENARIO
꼴,U+AF34,31,NPC_DIALOGUE;SCENARIO;SYSTEM
꼼,U+AF3C,3,NPC_DIALOGUE;SCENARIO
꼽,U+AF3D,3,NPC_DIALOGUE
꽁,U+AF41,3,NPC_DIALOGUE;SCENARIO
꽂,U+AF42,3,BATTLE_HELP;NPC_DIALOGUE;SCENARIO
꽃,U+AF43,109,FIELD_TABLE;ITEM;MAGIC;NPC_DIALOGUE;NPC_SPEAKER_NAME;SCENARIO;SKILL
꽉,U+AF49,17,NPC_DIALOGUE;SCENARIO
꽤,U+AF64,123,NPC_DIALOGUE;SCENARIO
꽥,U+AF65,1,NPC_DIALOGUE
꾀,U+AF80,4,NPC_DIALOGUE
꾸,U+AFB8,71,BATTLE_CHATTER;ITEM;NPC_DIALOGUE;SCENARIO;SKILL
꾹,U+AFB9,14,NPC_DIALOGUE;SCENARIO
꾼,U+AFBC,68,ITEM;NPC_DIALOGUE;NPC_SPEAKER_NAME;SCENARIO
꿀,U+AFC0,20,NPC_DIALOGUE;SCENARIO
꿈,U+AFC8,191,ITEM;MAGIC;NPC_DIALOGUE;SCENARIO
꿉,U+AFC9,7,NPC_DIALOGUE;SCENARIO
꿎,U+AFCE,2,SCENARIO
꿔,U+AFD4,9,NPC_DIALOGUE;SCENARIO
꿨,U+AFE8,1,NPC_DIALOGUE
꿰,U+AFF0,16,ENEMY_ACTION;ITEM;NPC_DIALOGUE;SKILL
뀌,U+B00C,10,NPC_DIALOGUE;SCENARIO
뀐,U+B010,1,NPC_DIALOGUE
끄,U+B044,73,ITEM;NPC_DIALOGUE;SCENARIO;SYSTEM
끈,U+B048,51,ITEM;MAGIC;NPC_DIALOGUE;SCENARIO
끊,U+B04A,48,BATTLE_CHATTER;ITEM;NPC_DIALOGUE;SCENARIO
끌,U+B04C,46,ITEM;NPC_DIALOGUE;SCENARIO;SKILL
끓,U+B053,14,NPC_DIALOGUE
끔,U+B054,43,NPC_DIALOGUE;SCENARIO
끗,U+B057,21,ITEM;NPC_DIALOGUE;SCENARIO
끙,U+B059,1,NPC_DIALOGUE
끝,U+B05D,256,BATTLE_CHATTER;BATTLE_HELP;BATTLE_UI;ITEM;NPC_DIALOGUE;SCENARIO;SYSTEM
끼,U+B07C,197,FIELD_TABLE;ITEM;NPC_DIALOGUE;SCENARIO;SYSTEM
낄,U+B084,3,NPC_DIALOGUE;SCENARIO
낌,U+B08C,82,BATTLE_CHATTER;NPC_DIALOGUE;SCENARIO
낑,U+B091,1,NPC_DIALOGUE
나,U+B098,4569,BATTLE_CHATTER;BATTLE_HELP;BATTLE_UI;CHARACTER;ENEMY;ENEMY_ACTION;EQUIPMENT;FIELD_TABLE;ITEM;MAGIC;NPC_DIALOGUE;NPC_SPEAKER_NAME;SCENARIO;SKILL;STATUS;SYSTEM
낙,U+B099,24,BATTLE_UI;ITEM;NPC_DIALOGUE;SCENARIO
낚,U+B09A,8,NPC_DIALOGUE
난,U+B09C,808,BATTLE_CHATTER;BATTLE_HELP;ENEMY_ACTION;ITEM;NPC_DIALOGUE;SCENARIO;SKILL
날,U+B0A0,1091,BATTLE_CHATTER;BATTLE_HELP;ENEMY_ACTION;FIELD_TABLE;ITEM;MAGIC;NPC_DIALOGUE;SCENARIO;SKILL;SKILL_EFFECT;SYSTEM
낡,U+B0A1,17,NPC_DIALOGUE;SCENARIO
남,U+B0A8,482,BATTLE_CHATTER;FIELD_TABLE;ITEM;NPC_DIALOGUE;NPC_SPEAKER_NAME;SCENARIO
납,U+B0A9,35,EQUIPMENT;FIELD_TABLE;ITEM;NPC_DIALOGUE;SCENARIO;STATUS;SYSTEM
낫,U+B0AB,18,BATTLE_CHATTER;NPC_DIALOGUE;SCENARIO
났,U+B0AC,145,NPC_DIALOGUE;SCENARIO;SYSTEM
낭,U+B0AD,6,NPC_DIALOGUE
낮,U+B0AE,26,NPC_DIALOGUE;SCENARIO
낯,U+B0AF,26,FIELD_TABLE;NPC_DIALOGUE
낳,U+B0B3,29,NPC_DIALOGUE;SCENARIO
내,U+B0B4,1448,BATTLE_CHATTER;BATTLE_HELP;ENEMY;ENEMY_ACTION;FIELD_TABLE;ITEM;NPC_DIALOGUE;NPC_SPEAKER_NAME;SCENARIO;SKILL;SKILL_EFFECT;SYSTEM
낸,U+B0B8,32,ITEM;MAGIC;NPC_DIALOGUE;SCENARIO
낼,U+B0BC,49,BATTLE_CHATTER;NPC_DIALOGUE;SCENARIO;SYSTEM
냄,U+B0C4,61,BATTLE_CHATTER;ITEM;NPC_DIALOGUE;SCENARIO
냈,U+B0C8,35,NPC_DIALOGUE;SCENARIO
냉,U+B0C9,6,ITEM;MAGIC;NPC_DIALOGUE
냐,U+B0D0,378,ENEMY_ACTION;ITEM;MAGIC;NPC_DIALOGUE;SCENARIO
냥,U+B0E5,220,BATTLE_CHATTER;ITEM;NPC_DIALOGUE;NPC_SPEAKER_NAME;SCENARIO
너,U+B108,797,BATTLE_CHATTER;BATTLE_HELP;ENEMY;ENEMY_ACTION;FIELD_TABLE;ITEM;MAGIC;NPC_DIALOGUE;SCENARIO;SKILL;SYSTEM
넉,U+B109,2,ITEM;NPC_DIALOGUE
넋,U+B10B,1,SCENARIO
넌,U+B10C,67,NPC_DIALOGUE;SCENARIO
널,U+B110,26,NPC_DIALOGUE;SCENARIO
넓,U+B113,32,ITEM;NPC_DIALOGUE;SCENARIO
넘,U+B118,93,BATTLE_CHATTER;FIELD_TABLE;ITEM;NPC_DIALOGUE;SCENARIO;SYSTEM
넙,U+B119,1,NPC_DIALOGUE
넛,U+B11B,3,NPC_DIALOGUE;SCENARIO
넜,U+B11C,2,NPC_DIALOGUE
넣,U+B123,67,BATTLE_HELP;ITEM;NPC_DIALOGUE;SCENARIO;SYSTEM
네,U+B124,2245,BATTLE_CHATTER;BATTLE_HELP;ENEMY;ENEMY_ACTION;FIELD_TABLE;ITEM;MAGIC;NPC_DIALOGUE;SCENARIO
넨,U+B128,3,NPC_DIALOGUE
넬,U+B12C,8,ENEMY;ENEMY_ACTION;ITEM;SCENARIO
넵,U+B135,5,SCENARIO
넷,U+B137,2,NPC_DIALOGUE;NPC_SPEAKER_NAME
녀,U+B140,705,BATTLE_CHATTER;BATTLE_HELP;ITEM;NPC_DIALOGUE;NPC_SPEAKER_NAME;SCENARIO
녁,U+B141,31,BATTLE_CHATTER;NPC_DIALOGUE;SCENARIO
년,U+B144,249,NPC_DIALOGUE;NPC_SPEAKER_NAME;SCENARIO
념,U+B150,46,BATTLE_CHATTER;NPC_DIALOGUE;SCENARIO
녔,U+B154,8,NPC_DIALOGUE;SCENARIO
녕,U+B155,24,NPC_DIALOGUE;SCENARIO
노,U+B178,240,BATTLE_CHATTER;BATTLE_HELP;ENEMY;ENEMY_ACTION;FIELD_TABLE;ITEM;MAGIC;NPC_DIALOGUE;NPC_SPEAKER_NAME;SCENARIO;SYSTEM
녹,U+B179,34,ITEM;MAGIC;NPC_DIALOGUE;SCENARIO
논,U+B17C,29,ENEMY_ACTION;ITEM;NPC_DIALOGUE;SCENARIO
놀,U+B180,186,ITEM;NPC_DIALOGUE;SCENARIO
놈,U+B188,73,ENEMY;ENEMY_ACTION;NPC_DIALOGUE;SCENARIO
농,U+B18D,36,BATTLE_CHATTER;ITEM;NPC_DIALOGUE;SCENARIO
높,U+B192,60,EQUIPMENT;ITEM;MAGIC;NPC_DIALOGUE;SCENARIO;SKILL;SYSTEM
놓,U+B193,109,ITEM;MAGIC;NPC_DIALOGUE;SCENARIO
놔,U+B194,8,NPC_DIALOGUE;SCENARIO
놨,U+B1A8,7,NPC_DIALOGUE;SCENARIO
뇌,U+B1CC,11,BATTLE;ENEMY_ACTION;ITEM;MAGIC;NPC_DIALOGUE;SYSTEM
뇨,U+B1E8,35,NPC_DIALOGUE;NPC_SPEAKER_NAME
누,U+B204,294,BATTLE_CHATTER;ITEM;NPC_DIALOGUE;SCENARIO;SYSTEM
눈,U+B208,260,BATTLE_CHATTER;ITEM;NPC_DIALOGUE;NPC_SPEAKER_NAME;SCENARIO
눌,U+B20C,27,NPC_DIALOGUE;SCENARIO;SYSTEM
눕,U+B215,2,NPC_DIALOGUE
눠,U+B220,11,NPC_DIALOGUE;SCENARIO
눴,U+B234,1,NPC_DIALOGUE
뉩,U+B269,2,EQUIPMENT;SYSTEM
뉴,U+B274,22,BATTLE_HELP;NPC_DIALOGUE;SCENARIO;SYSTEM
늉,U+B289,1,SCENARIO
느,U+B290,349,BATTLE_CHATTER;NPC_DIALOGUE;NPC_SPEAKER_NAME;SCENARIO
늑,U+B291,19,ITEM;NPC_DIALOGUE;SCENARIO
는,U+B294,6746,BATTLE_CHATTER;BATTLE_HELP;ENEMY_ACTION;EQUIPMENT;FIELD_TABLE;ITEM;MAGIC;NPC_DIALOGUE;NPC_SPEAKER_NAME;SCENARIO;SKILL;SKILL_EFFECT;SYSTEM
늘,U+B298,942,BATTLE_HELP;EQUIPMENT;FIELD_TABLE;ITEM;MAGIC;NPC_DIALOGUE;SCENARIO;SKILL;STATUS;SYSTEM
늙,U+B299,18,NPC_DIALOGUE
늠,U+B2A0,3,NPC_DIALOGUE
능,U+B2A5,97,BATTLE;BATTLE_HELP;EQUIPMENT;ITEM;NPC_DIALOGUE;SCENARIO;SKILL_EFFECT;STATUS;SYSTEM
늦,U+B2A6,47,BATTLE_CHATTER;NPC_DIALOGUE;SCENARIO
늪,U+B2AA,1,SCENARIO
늬,U+B2AC,12,NPC_DIALOGUE;SCENARIO
니,U+B2C8,3998,BATTLE_CHATTER;BATTLE_HELP;ENEMY;ENEMY_ACTION;EQUIPMENT;FIELD;FIELD_RUNTIME;FIELD_TABLE;ITEM;NPC_DIALOGUE;NPC_SPEAKER_NAME;SCENARIO;STATUS;SYSTEM
닉,U+B2C9,10,ENEMY_ACTION;ITEM;NPC_DIALOGUE;SCENARIO
닌,U+B2CC,62,ITEM;NPC_DIALOGUE;SCENARIO
닐,U+B2D0,44,NPC_DIALOGUE;SCENARIO
님,U+B2D8,975,BATTLE_CHATTER;ITEM;NPC_DIALOGUE;NPC_SPEAKER_NAME;SCENARIO
닙,U+B2D9,17,NPC_DIALOGUE;SCENARIO
닛,U+B2DB,85,ITEM;NPC_DIALOGUE;SCENARIO
닝,U+B2DD,7,ENEMY_ACTION;ITEM;NPC_DIALOGUE;SCENARIO
다,U+B2E4,6527,BATTLE;BATTLE_CHATTER;BATTLE_HELP;BATTLE_UI;CHARACTER;ENEMY_ACTION;EQUIPMENT;FIELD_TABLE;ITEM;MAGIC;NPC_DIALOGUE;NPC_SPEAKER_NAME;SCENARIO;SKILL;STATUS;SYSTEM
닥,U+B2E5,29,NPC_DIALOGUE;SCENARIO
닦,U+B2E6,11,ITEM;NPC_DIALOGUE;SCENARIO
단,U+B2E8,489,BATTLE;BATTLE_CHATTER;BATTLE_HELP;FIELD_TABLE;ITEM;NPC_DIALOGUE;NPC_SPEAKER_NAME;SCENARIO;SKILL;SYSTEM
닫,U+B2EB,18,BATTLE_HELP;NPC_DIALOGUE;SCENARIO
달,U+B2EC,317,BATTLE_CHATTER;ENEMY_ACTION;EQUIPMENT;FIELD_TABLE;ITEM;NPC_DIALOGUE;SCENARIO;SKILL;SYSTEM
닭,U+B2ED,12,NPC_DIALOGUE;SCENARIO
닮,U+B2EE,12,NPC_DIALOGUE;SCENARIO
닳,U+B2F3,1,NPC_DIALOGUE
담,U+B2F4,100,BATTLE_CHATTER;ITEM;NPC_DIALOGUE;SCENARIO;SKILL
답,U+B2F5,136,BATTLE_CHATTER;ITEM;NPC_DIALOGUE;SCENARIO
닷,U+B2F7,19,NPC_DIALOGUE;SCENARIO
당,U+B2F9,490,BATTLE;BATTLE_CHATTER;FIELD_TABLE;ITEM;MAGIC;NPC_DIALOGUE;SCENARIO;SYSTEM
닿,U+B2FF,27,ITEM;NPC_DIALOGUE;SCENARIO
대,U+B300,1747,BATTLE;BATTLE_CHATTER;BATTLE_HELP;ENEMY;ENEMY_ACTION;EQUIPMENT;FIELD_TABLE;ITEM;MAGIC;NPC_DIALOGUE;NPC_SPEAKER_NAME;SCENARIO;SKILL;SYSTEM
댁,U+B301,2,NPC_DIALOGUE
댄,U+B304,3,ENEMY_ACTION;NPC_DIALOGUE;SKILL
댈,U+B308,1,NPC_DIALOGUE
댓,U+B313,1,NPC_DIALOGUE
댔,U+B314,5,NPC_DIALOGUE
더,U+B354,697,BATTLE_CHATTER;BATTLE_HELP;ENEMY;ENEMY_ACTION;FIELD_TABLE;ITEM;NPC_DIALOGUE;SCENARIO;STATUS;SYSTEM
덕,U+B355,96,NPC_DIALOGUE;SCENARIO
던,U+B358,577,ITEM;NPC_DIALOGUE;SCENARIO;SKILL
덜,U+B35C,30,ITEM;NPC_DIALOGUE;SCENARIO
덤,U+B364,25,BATTLE_CHATTER;NPC_DIALOGUE;SCENARIO
덥,U+B365,13,NPC_DIALOGUE
덧,U+B367,3,NPC_DIALOGUE
덩,U+B369,35,ITEM;MAGIC;NPC_DIALOGUE;NPC_SPEAKER_NAME;SCENARIO
덫,U+B36B,6,NPC_DIALOGUE
덮,U+B36E,31,NPC_DIALOGUE;SCENARIO;SYSTEM
데,U+B370,1623,BATTLE_CHATTER;ENEMY;ENEMY_ACTION;ITEM;MAGIC;NPC_DIALOGUE;NPC_SPEAKER_NAME;SCENARIO;SYSTEM
덴,U+B374,4,ENEMY_ACTION;ITEM;MAGIC
델,U+B378,1,NPC_DIALOGUE
뎅,U+B385,10,NPC_DIALOGUE
뎌,U+B38C,1,NPC_DIALOGUE
도,U+B3C4,5028,BATTLE;BATTLE_CHATTER;BATTLE_HELP;ENEMY;ENEMY_ACTION;EQUIPMENT;FIELD;FIELD_RUNTIME;FIELD_TABLE;ITEM;MAGIC;NPC_DIALOGUE;NPC_SPEAKER_NAME;SCENARIO;SKILL;SKILL_EFFECT;STATUS;SYSTEM
독,U+B3C5,80,ENEMY_ACTION;ITEM;MAGIC;NPC_DIALOGUE;NPC_SPEAKER_NAME;SCENARIO;STATUS;SYSTEM
돈,U+B3C8,158,BATTLE_HELP;ENEMY_ACTION;ITEM;NPC_DIALOGUE;SCENARIO
돋,U+B3CB,6,ITEM;NPC_DIALOGUE;SCENARIO
돌,U+B3CC,646,BATTLE_CHATTER;BATTLE_HELP;FIELD_TABLE;ITEM;MAGIC;NPC_DIALOGUE;SCENARIO;SKILL;SYSTEM
돔,U+B3D4,1,ENEMY
돕,U+B3D5,22,BATTLE_CHATTER;NPC_DIALOGUE;SCENARIO
돗,U+B3D7,2,NPC_DIALOGUE
동,U+B3D9,515,BATTLE;BATTLE_CHATTER;BATTLE_HELP;ENEMY_ACTION;EQUIPMENT;FIELD_TABLE;ITEM;MAGIC;NPC_DIALOGUE;SCENARIO;SKILL;SKILL_EFFECT;STATUS;SYSTEM
돼,U+B3FC,311,BATTLE_CHATTER;BATTLE_HELP;ENEMY;NPC_DIALOGUE;SCENARIO
됐,U+B410,964,BATTLE;BATTLE_CHATTER;NPC_DIALOGUE;SCENARIO
되,U+B418,706,BATTLE_CHATTER;BATTLE_HELP;EQUIPMENT;ITEM;MAGIC;NPC_DIALOGUE;SCENARIO;SKILL;SYSTEM
된,U+B41C,292,BATTLE_CHATTER;ITEM;NPC_DIALOGUE;SCENARIO
될,U+B420,187,ITEM;NPC_DIALOGUE;SCENARIO
됨,U+B428,1,SYSTEM
됩,U+B429,30,BATTLE_CHATTER;BATTLE_HELP;EQUIPMENT;NPC_DIALOGUE;SCENARIO;STATUS;SYSTEM
두,U+B450,2631,BATTLE;BATTLE_CHATTER;ENEMY;ENEMY_ACTION;EQUIPMENT;FIELD_TABLE;ITEM;NPC_DIALOGUE;SCENARIO;SKILL;SYSTEM
둑,U+B451,20,NPC_DIALOGUE;SCENARIO
둔,U+B454,109,BATTLE_CHATTER;NPC_DIALOGUE;SCENARIO
둘,U+B458,202,BATTLE_CHATTER;NPC_DIALOGUE;SCENARIO
둠,U+B460,7,ENEMY;ENEMY_ACTION;ITEM;NPC_DIALOGUE;SCENARIO
둡,U+B461,1,NPC_DIALOGUE
둥,U+B465,81,NPC_DIALOGUE;SCENARIO
둬,U+B46C,98,NPC_DIALOGUE;SCENARIO
뒀,U+B480,11,NPC_DIALOGUE
뒤,U+B4A4,211,FIELD_TABLE;NPC_DIALOGUE;SCENARIO;SYSTEM
뒷,U+B4B7,12,NPC_DIALOGUE;SCENARIO
듀,U+B4C0,8,ENEMY;ITEM;MAGIC;NPC_DIALOGUE
듄,U+B4C4,46,NPC_DIALOGUE
드,U+B4DC,688,BATTLE_CHATTER;BATTLE_HELP;ENEMY;ENEMY_ACTION;FIELD;FIELD_RUNTIME;FIELD_TABLE;ITEM;MAGIC;NPC_DIALOGUE;NPC_SPEAKER_NAME;SCENARIO;SKILL;SKILL_EFFECT;SYSTEM
득,U+B4DD,67,BATTLE;BATTLE_HELP;ENEMY_ACTION;ITEM;NPC_DIALOGUE;SCENARIO;STATUS;SYSTEM
든,U+B4E0,830,BATTLE_CHATTER;ITEM;MAGIC;NPC_DIALOGUE;SCENARIO;SKILL;SKILL_EFFECT
듣,U+B4E3,92,ITEM;NPC_DIALOGUE;SCENARIO
들,U+B4E4,2018,BATTLE_CHATTER;ENEMY_ACTION;FIELD_TABLE;ITEM;NPC_DIALOGUE;NPC_SPEAKER_NAME;SCENARIO;SKILL;SYSTEM
듬,U+B4EC,15,FIELD_TABLE;NPC_DIALOGUE;SCENARIO
듭,U+B4ED,7,BATTLE_CHATTER;NPC_DIALOGUE;SKILL;SYSTEM
듯,U+B4EF,44,BATTLE_CHATTER;ITEM;NPC_DIALOGUE;SCENARIO
등,U+B4F1,56,NPC_DIALOGUE;SCENARIO
디,U+B514,719,BATTLE_CHATTER;ENEMY;ENEMY_ACTION;FIELD;FIELD_RUNTIME;FIELD_TABLE;ITEM;MAGIC;NPC_DIALOGUE;NPC_SPEAKER_NAME;SCENARIO;SYSTEM
딘,U+B518,75,ITEM;NPC_DIALOGUE;SCENARIO
딜,U+B51C,19,ITEM;NPC_DIALOGUE;SCENARIO
딨,U+B528,1,NPC_DIALOGUE
딪,U+B52A,23,ITEM;MAGIC;NPC_DIALOGUE
따,U+B530,229,BATTLE_HELP;EQUIPMENT;NPC_DIALOGUE;SCENARIO;SYSTEM
딱,U+B531,102,ITEM;NPC_DIALOGUE;SCENARIO
딴,U+B534,13,NPC_DIALOGUE
딸,U+B538,60,NPC_DIALOGUE;NPC_SPEAKER_NAME;SCENARIO
땀,U+B540,12,NPC_DIALOGUE;SCENARIO
땅,U+B545,103,ITEM;MAGIC;NPC_DIALOGUE;SKILL;SKILL_EFFECT;STATUS;SYSTEM
때,U+B54C,927,BATTLE_CHATTER;BATTLE_HELP;EQUIPMENT;ITEM;NPC_DIALOGUE;SCENARIO;STATUS;SYSTEM
땐,U+B550,38,NPC_DIALOGUE
땠,U+B560,14,NPC_DIALOGUE;SCENARIO
땡,U+B561,7,NPC_DIALOGUE
떠,U+B5A0,245,ITEM;NPC_DIALOGUE;SCENARIO;STATUS;SYSTEM
떡,U+B5A1,10,NPC_DIALOGUE
떤,U+B5A4,176,NPC_DIALOGUE;SCENARIO
떨,U+B5A8,116,BATTLE_CHATTER;ENEMY_ACTION;ITEM;MAGIC;NPC_DIALOGUE;SCENARIO
떫,U+B5AB,4,NPC_DIALOGUE
떴,U+B5B4,2,NPC_DIALOGUE
떻,U+B5BB,293,BATTLE_CHATTER;NPC_DIALOGUE;SCENARIO
떼,U+B5BC,35,BATTLE_CHATTER;NPC_DIALOGUE;SCENARIO
뗀,U+B5C0,1,NPC_DIALOGUE
뗄,U+B5C4,3,NPC_DIALOGUE
또,U+B610,262,NPC_DIALOGUE;SCENARIO;SYSTEM
똑,U+B611,59,NPC_DIALOGUE;SCENARIO
똥,U+B625,4,NPC_DIALOGUE
뚜,U+B69C,2,NPC_DIALOGUE
뚝,U+B69D,5,NPC_DIALOGUE;SCENARIO
뚤,U+B6A4,1,NPC_DIALOGUE
뚫,U+B6AB,20,ENEMY_ACTION;ITEM;NPC_DIALOGUE;SCENARIO;SKILL
뚱,U+B6B1,11,NPC_DIALOGUE;SCENARIO
뛰,U+B6F0,51,BATTLE_CHATTER;FIELD_TABLE;ITEM;NPC_DIALOGUE;SCENARIO;SYSTEM
뛴,U+B6F4,1,ITEM
뛸,U+B6F8,1,SYSTEM
뜁,U+B701,1,SYSTEM
뜨,U+B728,148,BATTLE_CHATTER;BATTLE_HELP;ITEM;MAGIC;NPC_DIALOGUE;SCENARIO
뜩,U+B729,41,NPC_DIALOGUE;SCENARIO
뜬,U+B72C,12,ITEM;NPC_DIALOGUE
뜯,U+B72F,11,NPC_DIALOGUE;SCENARIO
뜸,U+B738,2,NPC_DIALOGUE
뜻,U+B73B,179,BATTLE_CHATTER;NPC_DIALOGUE;SCENARIO
띄,U+B744,18,NPC_DIALOGUE
띤,U+B764,2,ITEM
라,U+B77C,3682,BATTLE_CHATTER;BATTLE_HELP;ENEMY;ENEMY_ACTION;EQUIPMENT;FIELD;FIELD_RUNTIME;FIELD_TABLE;ITEM;MAGIC;NPC_DIALOGUE;NPC_SPEAKER_NAME;SCENARIO;SKILL;SYSTEM
락,U+B77D,132,FIELD;FIELD_RUNTIME;FIELD_TABLE;ITEM;NPC_DIALOGUE;SCENARIO;SYSTEM
란,U+B780,519,BATTLE;BATTLE_HELP;CHARACTER;ENEMY_ACTION;FIELD;FIELD_RUNTIME;FIELD_TABLE;ITEM;MAGIC;NPC_DIALOGUE;NPC_SPEAKER_NAME;SCENARIO;STATUS;SYSTEM
랄,U+B784,67,NPC_DIALOGUE;SCENARIO
람,U+B78C,1004,BATTLE_CHATTER;ENEMY;ENEMY_ACTION;FIELD_TABLE;ITEM;MAGIC;NPC_DIALOGUE;SCENARIO;SKILL;SKILL_EFFECT;STATUS;SYSTEM
랍,U+B78D,7,NPC_DIALOGUE;SCENARIO
랏,U+B78F,12,NPC_DIALOGUE
랐,U+B790,105,NPC_DIALOGUE;SCENARIO
랑,U+B791,397,ENEMY_ACTION;FIELD_TABLE;ITEM;NPC_DIALOGUE;NPC_SPEAKER_NAME;SCENARIO
랗,U+B797,2,NPC_DIALOGUE
래,U+B798,1726,BATTLE_CHATTER;BATTLE_HELP;ENEMY;ENEMY_ACTION;FIELD_TABLE;ITEM;MAGIC;NPC_DIALOGUE;SCENARIO;SKILL;SYSTEM
랙,U+B799,1,SCENARIO
랜,U+B79C,75,ENEMY;ENEMY_ACTION;ITEM;NPC_DIALOGUE;SCENARIO;SKILL
램,U+B7A8,2,ENEMY_ACTION
랫,U+B7AB,22,ENEMY_ACTION;NPC_DIALOGUE
랬,U+B7AC,70,NPC_DIALOGUE;SCENARIO
랴,U+B7B4,2,NPC_DIALOGUE
략,U+B7B5,1,NPC_DIALOGUE
량,U+B7C9,38,ITEM;NPC_DIALOGUE;NPC_SPEAKER_NAME;SCENARIO;SYSTEM
러,U+B7EC,1220,BATTLE_CHATTER;BATTLE_HELP;ENEMY;ENEMY_ACTION;EQUIPMENT;FIELD_TABLE;ITEM;MAGIC;NPC_DIALOGUE;SCENARIO;SKILL;SYSTEM
럭,U+B7ED,7,ENEMY;ITEM;NPC_DIALOGUE
런,U+B7F0,1183,BATTLE_CHATTER;BATTLE_HELP;EQUIPMENT;FIELD_TABLE;NPC_DIALOGUE;SCENARIO;SYSTEM
럴,U+B7F4,155,BATTLE_CHATTER;BATTLE_HELP;ENEMY;ENEMY_ACTION;ITEM;NPC_DIALOGUE;SCENARIO
럼,U+B7FC,609,BATTLE_HELP;EQUIPMENT;ITEM;NPC_DIALOGUE;SCENARIO;SYSTEM
럽,U+B7FD,88,ITEM;NPC_DIALOGUE;SCENARIO
럿,U+B7FF,2,NPC_DIALOGUE;SCENARIO
렀,U+B800,26,NPC_DIALOGUE;SCENARIO
렁,U+B801,13,NPC_DIALOGUE;SCENARIO;SKILL
렇,U+B807,1328,BATTLE_CHATTER;BATTLE_HELP;NPC_DIALOGUE;SCENARIO
레,U+B808,382,BATTLE;BATTLE_HELP;ENEMY;ENEMY_ACTION;EQUIPMENT;ITEM;MAGIC;NPC_DIALOGUE;NPC_SPEAKER_NAME;SCENARIO;STATUS;SYSTEM
렉,U+B809,1,ENEMY
렌,U+B80C,8,ITEM;NPC_DIALOGUE;SCENARIO
렐,U+B810,3,NPC_DIALOGUE
렘,U+B818,17,FIELD_TABLE;ITEM;NPC_DIALOGUE;SCENARIO
렛,U+B81B,11,ITEM;NPC_DIALOGUE
려,U+B824,1198,BATTLE_CHATTER;BATTLE_HELP;ENEMY_ACTION;EQUIPMENT;FIELD_TABLE;ITEM;MAGIC;NPC_DIALOGUE;SCENARIO;SKILL;SKILL_EFFECT;STATUS;SYSTEM
력,U+B825,350,BATTLE;BATTLE_CHATTER;BATTLE_HELP;EQUIPMENT;ITEM;MAGIC;NPC_DIALOGUE;SCENARIO;SKILL;SKILL_EFFECT;STATUS;SYSTEM
련,U+B828,47,BATTLE_HELP;EQUIPMENT;ITEM;MAGIC;NPC_DIALOGUE;NPC_SPEAKER_NAME;SCENARIO;SKILL;SYSTEM
렬,U+B82C,14,ITEM;MAGIC;NPC_DIALOGUE;SCENARIO
렴,U+B834,57,NPC_DIALOGUE;SCENARIO
렵,U+B835,37,BATTLE_CHATTER;NPC_DIALOGUE;SCENARIO
렷,U+B837,1,NPC_DIALOGUE
렸,U+B838,354,BATTLE_CHATTER;NPC_DIALOGUE;SCENARIO
령,U+B839,73,ENEMY;EQUIPMENT;ITEM;NPC_DIALOGUE;SCENARIO;SKILL;STATUS;SYSTEM
례,U+B840,33,BATTLE_HELP;EQUIPMENT;NPC_DIALOGUE;SCENARIO;SYSTEM
로,U+B85C,3062,BATTLE_CHATTER;BATTLE_HELP;ENEMY;ENEMY_ACTION;EQUIPMENT;FIELD_TABLE;ITEM;MAGIC;NPC_DIALOGUE;NPC_SPEAKER_NAME;SCENARIO;SKILL;SKILL_EFFECT;STATUS;SYSTEM
록,U+B85D,113,BATTLE_CHATTER;EQUIPMENT;FIELD_TABLE;ITEM;NPC_DIALOGUE;SCENARIO;STATUS;SYSTEM
론,U+B860,295,CHARACTER;ENEMY_ACTION;FIELD_TABLE;ITEM;NPC_DIALOGUE;NPC_SPEAKER_NAME;SCENARIO
롤,U+B864,1,ENEMY_ACTION
롭,U+B86D,55,ITEM;NPC_DIALOGUE;NPC_SPEAKER_NAME;SCENARIO
롯,U+B86F,157,FIELD_TABLE;NPC_DIALOGUE;NPC_SPEAKER_NAME;SCENARIO;SYSTEM
롱,U+B871,12,NPC_DIALOGUE;SCENARIO
뢰,U+B8B0,20,BATTLE_UI;ITEM;NPC_DIALOGUE;SCENARIO
료,U+B8CC,105,BATTLE_CHATTER;BATTLE_HELP;ENEMY_ACTION;ITEM;NPC_DIALOGUE;SCENARIO;SKILL;SYSTEM
룡,U+B8E1,195,ENEMY_ACTION;FIELD;FIELD_RUNTIME;FIELD_TABLE;ITEM;NPC_DIALOGUE;SCENARIO;SKILL;SYSTEM
루,U+B8E8,244,ENEMY;ENEMY_ACTION;EQUIPMENT;FIELD_TABLE;ITEM;MAGIC;NPC_DIALOGUE;NPC_SPEAKER_NAME;SCENARIO;SYSTEM
룩,U+B8E9,10,NPC_DIALOGUE;SCENARIO
룬,U+B8EC,2,ITEM
룰,U+B8F0,7,ITEM;NPC_DIALOGUE;SCENARIO
룻,U+B8FB,25,NPC_DIALOGUE;SCENARIO
뤄,U+B904,9,NPC_DIALOGUE
뤘,U+B918,2,NPC_DIALOGUE;SCENARIO
뤼,U+B93C,1,NPC_DIALOGUE
류,U+B958,32,ENEMY_ACTION;EQUIPMENT;ITEM;NPC_DIALOGUE;SCENARIO;SYSTEM
륙,U+B959,44,ENEMY_ACTION;NPC_DIALOGUE;SCENARIO;SYSTEM
률,U+B960,4,ITEM;NPC_DIALOGUE
륭,U+B96D,54,NPC_DIALOGUE;SCENARIO
르,U+B974,955,BATTLE_HELP;ENEMY;ENEMY_ACTION;FIELD;FIELD_RUNTIME;FIELD_TABLE;ITEM;MAGIC;NPC_DIALOGUE;NPC_SPEAKER_NAME;SCENARIO;SKILL;STATUS;SYSTEM
른,U+B978,340,ENEMY;ENEMY_ACTION;ITEM;MAGIC;NPC_DIALOGUE;NPC_SPEAKER_NAME;SCENARIO;SKILL;SYSTEM
를,U+B97C,2139,BATTLE_CHATTER;BATTLE_HELP;EQUIPMENT;ITEM;MAGIC;NPC_DIALOGUE;SCENARIO;SKILL;SKILL_EFFECT;STATUS;SYSTEM
름,U+B984,256,ITEM;NPC_DIALOGUE;NPC_SPEAKER_NAME;SCENARIO
릅,U+B985,12,EQUIPMENT;NPC_DIALOGUE;SYSTEM
릇,U+B987,27,NPC_DIALOGUE;SCENARIO
릉,U+B989,1,NPC_DIALOGUE
릎,U+B98E,5,NPC_DIALOGUE
리,U+B9AC,3459,BATTLE;BATTLE_CHATTER;BATTLE_HELP;BATTLE_UI;ENEMY;ENEMY_ACTION;EQUIPMENT;FIELD;FIELD_RUNTIME;FIELD_TABLE;ITEM;MAGIC;NPC_DIALOGUE;NPC_SPEAKER_NAME;SCENARIO;SKILL;SKILL_EFFECT;SYSTEM
릭,U+B9AD,12,EQUIPMENT;NPC_DIALOGUE;SCENARIO;SYSTEM
린,U+B9B0,373,BATTLE_CHATTER;ENEMY;ENEMY_ACTION;ITEM;MAGIC;NPC_DIALOGUE;NPC_SPEAKER_NAME;SCENARIO;SKILL
릴,U+B9B4,291,BATTLE_CHATTER;ENEMY_ACTION;ITEM;NPC_DIALOGUE;SCENARIO;STATUS;SYSTEM
림,U+B9BC,244,BATTLE_CHATTER;FIELD_TABLE;ITEM;NPC_DIALOGUE;NPC_SPEAKER_NAME;SCENARIO
립,U+B9BD,47,BATTLE_CHATTER;NPC_DIALOGUE;SCENARIO
릿,U+B9BF,16,BATTLE_CHATTER;ITEM;NPC_DIALOGUE;SCENARIO
링,U+B9C1,13,BATTLE_UI;ENEMY_ACTION;ITEM;NPC_DIALOGUE
마,U+B9C8,2525,BATTLE;BATTLE_CHATTER;BATTLE_HELP;BATTLE_UI;ENEMY;ENEMY_ACTION;EQUIPMENT;FIELD;FIELD_RUNTIME;FIELD_TABLE;ITEM;MAGIC;NPC_DIALOGUE;NPC_SPEAKER_NAME;SCENARIO;SKILL;SKILL_EFFECT;STATUS;SYSTEM
막,U+B9C9,400,BATTLE_CHATTER;BATTLE_HELP;ENEMY;FIELD_TABLE;ITEM;MAGIC;NPC_DIALOGUE;SCENARIO;SKILL_EFFECT
만,U+B9CC,4409,BATTLE;BATTLE_CHATTER;BATTLE_HELP;EQUIPMENT;ITEM;MAGIC;NPC_DIALOGUE;SCENARIO;SKILL;SYSTEM
많,U+B9CE,228,ITEM;NPC_DIALOGUE;SCENARIO
말,U+B9D0,2823,BATTLE_CHATTER;BATTLE_HELP;EQUIPMENT;NPC_DIALOGUE;SCENARIO;SKILL_EFFECT;SYSTEM
맑,U+B9D1,17,ITEM;NPC_DIALOGUE;SCENARIO
맘,U+B9D8,12,ENEMY_ACTION;ITEM;MAGIC;NPC_DIALOGUE
맙,U+B9D9,74,NPC_DIALOGUE;SCENARIO
맛,U+B9DB,359,NPC_DIALOGUE;SCENARIO
망,U+B9DD,238,BATTLE_CHATTER;ENEMY_ACTION;FIELD_TABLE;NPC_DIALOGUE;SCENARIO
맞,U+B9DE,276,BATTLE_CHATTER;BATTLE_HELP;ITEM;NPC_DIALOGUE;SCENARIO;SYSTEM
맡,U+B9E1,101,BATTLE_CHATTER;ITEM;NPC_DIALOGUE;SCENARIO
맣,U+B9E3,4,NPC_DIALOGUE;SCENARIO
매,U+B9E4,222,BATTLE_HELP;ENEMY_ACTION;FIELD_TABLE;ITEM;NPC_DIALOGUE;NPC_SPEAKER_NAME;SCENARIO;SKILL;SYSTEM
맥,U+B9E5,9,ITEM;NPC_DIALOGUE
맨,U+B9E8,27,BATTLE_HELP;ENEMY;NPC_DIALOGUE
맵,U+B9F5,4,NPC_DIALOGUE;SYSTEM
맷,U+B9F7,4,ITEM;SYSTEM
맹,U+B9F9,160,ITEM;MAGIC;NPC_DIALOGUE;SCENARIO
맺,U+B9FA,5,ITEM;NPC_DIALOGUE
머,U+BA38,492,ENEMY;ENEMY_ACTION;FIELD_TABLE;ITEM;MAGIC;NPC_DIALOGUE;NPC_SPEAKER_NAME;SCENARIO
먹,U+BA39,878,BATTLE_CHATTER;BATTLE_HELP;ENEMY;ITEM;NPC_DIALOGUE;NPC_SPEAKER_NAME;SCENARIO
먼,U+BA3C,165,BATTLE_CHATTER;BATTLE_HELP;ENEMY;ITEM;NPC_DIALOGUE;SCENARIO
멀,U+BA40,80,ITEM;NPC_DIALOGUE;NPC_SPEAKER_NAME;SCENARIO
멈,U+BA48,51,BATTLE_CHATTER;BATTLE_HELP;ITEM;NPC_DIALOGUE;SCENARIO
멋,U+BA4B,140,NPC_DIALOGUE;SCENARIO
멍,U+BA4D,60,BATTLE_CHATTER;FIELD_TABLE;ITEM;NPC_DIALOGUE;SCENARIO
멎,U+BA4E,3,NPC_DIALOGUE;SCENARIO
메,U+BA54,235,BATTLE_HELP;ENEMY;ENEMY_ACTION;ITEM;MAGIC;NPC_DIALOGUE;NPC_SPEAKER_NAME;SCENARIO;SYSTEM
멘,U+BA58,204,FIELD;FIELD_RUNTIME;FIELD_TABLE;ITEM;NPC_DIALOGUE;NPC_SPEAKER_NAME;SCENARIO;SYSTEM
멜,U+BA5C,28,ENEMY;FIELD;FIELD_RUNTIME;FIELD_TABLE;NPC_DIALOGUE;SYSTEM
멧,U+BA67,3,ENEMY;ENEMY_ACTION;SKILL
멩,U+BA69,1,NPC_DIALOGUE
며,U+BA70,192,EQUIPMENT;ITEM;NPC_DIALOGUE;NPC_SPEAKER_NAME;SCENARIO;SKILL;SYSTEM
면,U+BA74,2590,BATTLE_CHATTER;BATTLE_HELP;EQUIPMENT;FIELD_TABLE;ITEM;NPC_DIALOGUE;SCENARIO;STATUS;SYSTEM
멸,U+BA78,34,BATTLE_CHATTER;BATTLE_HELP;ENEMY_ACTION;FIELD_TABLE;ITEM;MAGIC;NPC_DIALOGUE;SCENARIO
몄,U+BA84,1,SCENARIO
명,U+BA85,732,BATTLE;BATTLE_CHATTER;BATTLE_HELP;BATTLE_UI;ENEMY;ENEMY_ACTION;EQUIPMENT;ITEM;MAGIC;NPC_DIALOGUE;NPC_SPEAKER_NAME;SCENARIO;SKILL;STATUS;SYSTEM
몇,U+BA87,104,NPC_DIALOGUE;SCENARIO
모,U+BAA8,1860,BATTLE_CHATTER;ENEMY;ENEMY_ACTION;EQUIPMENT;FIELD_TABLE;ITEM;MAGIC;NPC_DIALOGUE;SCENARIO;SKILL;SKILL_EFFECT;SYSTEM
목,U+BAA9,250,BATTLE_HELP;ENEMY_ACTION;FIELD_TABLE;ITEM;NPC_DIALOGUE;NPC_SPEAKER_NAME;SCENARIO;STATUS;SYSTEM
몫,U+BAAB,19,NPC_DIALOGUE;SCENARIO
몬,U+BAAC,68,BATTLE_HELP;ENEMY;ENEMY_ACTION;ITEM;NPC_DIALOGUE;SCENARIO
몰,U+BAB0,216,BATTLE_CHATTER;ENEMY_ACTION;ITEM;NPC_DIALOGUE;SCENARIO
몸,U+BAB8,143,BATTLE_CHATTER;BATTLE_HELP;ITEM;MAGIC;NPC_DIALOGUE;SCENARIO;SKILL
몹,U+BAB9,7,NPC_DIALOGUE
못,U+BABB,559,BATTLE_CHATTER;BATTLE_HELP;EQUIPMENT;ITEM;NPC_DIALOGUE;SCENARIO;SKILL;SYSTEM
몽,U+BABD,5,ITEM;NPC_DIALOGUE
뫼,U+BAFC,2,NPC_DIALOGUE
묘,U+BB18,29,FIELD_TABLE;NPC_DIALOGUE;SCENARIO
무,U+BB34,1668,BATTLE;BATTLE_CHATTER;BATTLE_HELP;ENEMY;ENEMY_ACTION;EQUIPMENT;FIELD_TABLE;ITEM;MAGIC;NPC_DIALOGUE;NPC_SPEAKER_NAME;SCENARIO;SKILL;SKILL_EFFECT;SYSTEM
묵,U+BB35,29,NPC_DIALOGUE;SCENARIO
묶,U+BB36,7,NPC_DIALOGUE;SCENARIO
문,U+BB38,389,BATTLE_CHATTER;BATTLE_HELP;FIELD_TABLE;ITEM;NPC_DIALOGUE;SCENARIO;SYSTEM
묻,U+BB3B,39,NPC_DIALOGUE;SCENARIO
물,U+BB3C,683,BATTLE_CHATTER;ENEMY;FIELD_TABLE;ITEM;MAGIC;NPC_DIALOGUE;NPC_SPEAKER_NAME;SCENARIO;SKILL;STATUS;SYSTEM
뭇,U+BB47,2,NPC_DIALOGUE
뭉,U+BB49,2,NPC_DIALOGUE
뭐,U+BB50,1214,BATTLE_CHATTER;BATTLE_HELP;NPC_DIALOGUE;SCENARIO
뭔,U+BB54,230,BATTLE_CHATTER;NPC_DIALOGUE;NPC_SPEAKER_NAME;SCENARIO
뭘,U+BB58,127,BATTLE_CHATTER;NPC_DIALOGUE;SCENARIO
뭡,U+BB61,2,NPC_DIALOGUE
뭣,U+BB63,2,NPC_DIALOGUE
뮈,U+BB88,1,SCENARIO
뮤,U+BBA4,4,NPC_DIALOGUE
뮬,U+BBAC,5,ITEM
뮴,U+BBB4,1,MAGIC
므,U+BBC0,2,NPC_DIALOGUE;SCENARIO
미,U+BBF8,1360,BATTLE;BATTLE_CHATTER;CHARACTER;ENEMY;ENEMY_ACTION;FIELD_TABLE;ITEM;MAGIC;NPC_DIALOGUE;NPC_SPEAKER_NAME;SCENARIO
믹,U+BBF9,9,ENEMY;ENEMY_ACTION;ITEM;NPC_DIALOGUE;NPC_SPEAKER_NAME
민,U+BBFC,129,FIELD_TABLE;ITEM;NPC_DIALOGUE;SCENARIO
믿,U+BBFF,134,BATTLE_CHATTER;ITEM;NPC_DIALOGUE;SCENARIO
밀,U+BC00,55,ENEMY_ACTION;FIELD_TABLE;NPC_DIALOGUE;SCENARIO
밈,U+BC08,1,NPC_DIALOGUE
밌,U+BC0C,27,NPC_DIALOGUE
밍,U+BC0D,14,BATTLE_CHATTER;ENEMY;ENEMY_ACTION;NPC_DIALOGUE;SKILL
밑,U+BC11,14,NPC_DIALOGUE;SCENARIO
바,U+BC14,1359,BATTLE_HELP;ENEMY;ENEMY_ACTION;FIELD;FIELD_RUNTIME;FIELD_TABLE;ITEM;MAGIC;NPC_DIALOGUE;NPC_SPEAKER_NAME;SCENARIO;SKILL;SKILL_EFFECT;STATUS;SYSTEM
박,U+BC15,291,FIELD_TABLE;ITEM;NPC_DIALOGUE;NPC_SPEAKER_NAME;SCENARIO;SKILL
밖,U+BC16,186,BATTLE_CHATTER;FIELD_TABLE;NPC_DIALOGUE;SCENARIO
반,U+BC18,297,BATTLE_CHATTER;BATTLE_HELP;ENEMY_ACTION;FIELD_TABLE;ITEM;MAGIC;NPC_DIALOGUE;NPC_SPEAKER_NAME;SCENARIO;SKILL_EFFECT;SYSTEM
받,U+BC1B,274,BATTLE_CHATTER;EQUIPMENT;ITEM;MAGIC;NPC_DIALOGUE;SCENARIO;SKILL;SYSTEM
발,U+BC1C,244,BATTLE_CHATTER;BATTLE_HELP;ENEMY_ACTION;EQUIPMENT;ITEM;MAGIC;NPC_DIALOGUE;NPC_SPEAKER_NAME;SCENARIO;SKILL;SYSTEM
밝,U+BC1D,25,ITEM;NPC_DIALOGUE;SCENARIO
밟,U+BC1F,5,NPC_DIALOGUE;SCENARIO
밤,U+BC24,138,ITEM;NPC_DIALOGUE;SCENARIO
밥,U+BC25,157,BATTLE_CHATTER;NPC_DIALOGUE;SCENARIO
밧,U+BC27,2,FIELD_TABLE;NPC_DIALOGUE
방,U+BC29,539,BATTLE;BATTLE_CHATTER;BATTLE_HELP;ENEMY_ACTION;EQUIPMENT;FIELD_TABLE;ITEM;MAGIC;NPC_DIALOGUE;NPC_SPEAKER_NAME;SCENARIO;SKILL;STATUS;SYSTEM
밭,U+BC2D,24,NPC_DIALOGUE;SCENARIO
배,U+BC30,484,BATTLE_CHATTER;BATTLE_HELP;ENEMY;ENEMY_ACTION;FIELD_TABLE;ITEM;NPC_DIALOGUE;NPC_SPEAKER_NAME;SCENARIO;SKILL;SKILL_EFFECT
백,U+BC31,52,BATTLE_HELP;ITEM;NPC_DIALOGUE;SCENARIO
밴,U+BC34,8,NPC_DIALOGUE
뱀,U+BC40,39,ENEMY;NPC_DIALOGUE
뱃,U+BC43,22,NPC_DIALOGUE;NPC_SPEAKER_NAME;SCENARIO
뱅,U+BC45,11,NPC_DIALOGUE
버,U+BC84,1129,BATTLE_CHATTER;ENEMY;ENEMY_ACTION;FIELD_TABLE;ITEM;MAGIC;NPC_DIALOGUE;NPC_SPEAKER_NAME;SCENARIO;SKILL;SYSTEM
벅,U+BC85,4,BATTLE_CHATTER;NPC_DIALOGUE
번,U+BC88,425,BATTLE_CHATTER;BATTLE_HELP;ITEM;MAGIC;NPC_DIALOGUE;NPC_SPEAKER_NAME;SCENARIO;SYSTEM
벌,U+BC8C,185,ITEM;NPC_DIALOGUE;SCENARIO
범,U+BC94,84,ITEM;NPC_DIALOGUE;SCENARIO
법,U+BC95,443,BATTLE;BATTLE_CHATTER;BATTLE_HELP;ENEMY_ACTION;EQUIPMENT;FIELD_TABLE;ITEM;MAGIC;NPC_DIALOGUE;NPC_SPEAKER_NAME;SCENARIO;SKILL;SKILL_EFFECT;STATUS;SYSTEM
벗,U+BC97,12,NPC_DIALOGUE;SCENARIO
벙,U+BC99,6,NPC_DIALOGUE
베,U+BCA0,76,ENEMY;ENEMY_ACTION;FIELD;FIELD_RUNTIME;FIELD_TABLE;ITEM;MAGIC;NPC_DIALOGUE;NPC_SPEAKER_NAME;SCENARIO;SKILL;SYSTEM
벤,U+BCA4,1,NPC_DIALOGUE
벨,U+BCA8,124,BATTLE_HELP;EQUIPMENT;ITEM;NPC_DIALOGUE;STATUS;SYSTEM
벼,U+BCBC,30,BATTLE_CHATTER;ITEM;NPC_DIALOGUE;SCENARIO
벽,U+BCBD,49,FIELD_TABLE;NPC_DIALOGUE;SCENARIO;SKILL_EFFECT
변,U+BCC0,211,BATTLE;BATTLE_CHATTER;ENEMY_ACTION;EQUIPMENT;ITEM;MAGIC;NPC_DIALOGUE;SCENARIO;SKILL;SKILL_EFFECT;STATUS;SYSTEM
별,U+BCC4,159,BATTLE_CHATTER;FIELD_TABLE;ITEM;NPC_DIALOGUE;SCENARIO
볍,U+BCCD,9,NPC_DIALOGUE
병,U+BCD1,62,BATTLE_HELP;ENEMY;ITEM;NPC_DIALOGUE;NPC_SPEAKER_NAME;SCENARIO;STATUS;SYSTEM
볕,U+BCD5,3,NPC_DIALOGUE;SCENARIO
보,U+BCF4,2007,BATTLE;BATTLE_CHATTER;BATTLE_HELP;BATTLE_UI;ENEMY;FIELD_TABLE;ITEM;NPC_DIALOGUE;NPC_SPEAKER_NAME;SCENARIO;SKILL;SKILL_EFFECT;STATUS;SYSTEM
복,U+BCF5,1517,BATTLE;BATTLE_CHATTER;BATTLE_HELP;ENEMY_ACTION;FIELD_TABLE;ITEM;MAGIC;NPC_DIALOGUE;SCENARIO;SKILL_EFFECT;SYSTEM
볶,U+BCF6,1,NPC_DIALOGUE
본,U+BCF8,326,BATTLE_HELP;ENEMY;ITEM;NPC_DIALOGUE;SCENARIO
볼,U+BCFC,274,BATTLE_HELP;ENEMY_ACTION;ITEM;MAGIC;NPC_DIALOGUE;SCENARIO
봄,U+BD04,9,ITEM;NPC_DIALOGUE
봅,U+BD05,2,BATTLE_HELP;NPC_DIALOGUE
봉,U+BD09,63,FIELD_TABLE;ITEM;MAGIC;NPC_DIALOGUE;SCENARIO;SKILL;SKILL_EFFECT;STATUS;SYSTEM
봐,U+BD10,456,BATTLE_CHATTER;BATTLE_HELP;NPC_DIALOGUE;SCENARIO
봤,U+BD24,118,NPC_DIALOGUE;SCENARIO
봬,U+BD2C,4,NPC_DIALOGUE
뵈,U+BD48,8,NPC_DIALOGUE
뵐,U+BD50,1,NPC_DIALOGUE
뵙,U+BD59,21,NPC_DIALOGUE
부,U+BD80,1266,BATTLE_CHATTER;BATTLE_HELP;ENEMY;ENEMY_ACTION;FIELD_TABLE;ITEM;MAGIC;NPC_DIALOGUE;NPC_SPEAKER_NAME;SCENARIO;SKILL;SYSTEM
북,U+BD81,110,EQUIPMENT;FIELD_TABLE;ITEM;NPC_DIALOGUE;SCENARIO;SYSTEM
분,U+BD84,817,BATTLE_CHATTER;BATTLE_HELP;FIELD_TABLE;ITEM;MAGIC;NPC_DIALOGUE;NPC_SPEAKER_NAME;SCENARIO;SKILL_EFFECT;SYSTEM
불,U+BD88,362,BATTLE_CHATTER;BATTLE_HELP;ENEMY;EQUIPMENT;ITEM;MAGIC;NPC_DIALOGUE;NPC_SPEAKER_NAME;SCENARIO;SKILL;SKILL_EFFECT;STATUS;SYSTEM
붉,U+BD89,32,NPC_DIALOGUE;SCENARIO
붓,U+BD93,11,ITEM;MAGIC;NPC_DIALOGUE;SKILL
붕,U+BD95,38,FIELD_TABLE;NPC_DIALOGUE
붙,U+BD99,89,FIELD_TABLE;ITEM;NPC_DIALOGUE;NPC_SPEAKER_NAME;SCENARIO
뷔,U+BDD4,20,NPC_DIALOGUE;SCENARIO
뷰,U+BDF0,7,FIELD_TABLE;NPC_DIALOGUE
브,U+BE0C,105,BATTLE;BATTLE_HELP;BATTLE_UI;ENEMY;ENEMY_ACTION;FIELD_TABLE;ITEM;MAGIC;NPC_DIALOGUE;NPC_SPEAKER_NAME;SCENARIO;SKILL
븐,U+BE10,4,ITEM;MAGIC;NPC_DIALOGUE
블,U+BE14,35,ENEMY;ENEMY_ACTION;FIELD_TABLE;ITEM;MAGIC;NPC_DIALOGUE;SCENARIO
비,U+BE44,1635,BATTLE;BATTLE_CHATTER;BATTLE_HELP;BATTLE_UI;ENEMY;ENEMY_ACTION;EQUIPMENT;FIELD;FIELD_RUNTIME;FIELD_TABLE;ITEM;MAGIC;NPC_DIALOGUE;NPC_SPEAKER_NAME;SCENARIO;SKILL_EFFECT;STATUS;SYSTEM
빅,U+BE45,1,ENEMY
빈,U+BE48,35,BATTLE_CHATTER;ITEM;NPC_DIALOGUE;SCENARIO;SYSTEM
빌,U+BE4C,65,BATTLE_CHATTER;ENEMY;ITEM;NPC_DIALOGUE;NPC_SPEAKER_NAME;SCENARIO;SKILL
빗,U+BE57,6,ENEMY;NPC_DIALOGUE
빙,U+BE59,13,ITEM;NPC_DIALOGUE
빚,U+BE5A,27,NPC_DIALOGUE;NPC_SPEAKER_NAME;SCENARIO
빛,U+BE5B,164,BATTLE_CHATTER;EQUIPMENT;FIELD_TABLE;ITEM;NPC_DIALOGUE;SCENARIO;SKILL;SKILL_EFFECT;STATUS;SYSTEM
빠,U+BE60,358,BATTLE_CHATTER;ITEM;NPC_DIALOGUE;SCENARIO;SKILL;SYSTEM
빡,U+BE61,15,BATTLE_HELP;NPC_DIALOGUE;SCENARIO
빤,U+BE64,11,NPC_DIALOGUE
빨,U+BE68,178,BATTLE_HELP;FIELD_TABLE;NPC_DIALOGUE;SCENARIO
빴,U+BE74,2,BATTLE_CHATTER;NPC_DIALOGUE
빵,U+BE75,129,NPC_DIALOGUE;SCENARIO
빻,U+BE7B,2,SCENARIO
빼,U+BE7C,53,ITEM;MAGIC;NPC_DIALOGUE;SCENARIO;SKILL;SYSTEM
뺏,U+BE8F,2,NPC_DIALOGUE
뺐,U+BE90,1,NPC_DIALOGUE
뻐,U+BED0,39,NPC_DIALOGUE;SCENARIO
뻑,U+BED1,1,SCENARIO
뻔,U+BED4,22,NPC_DIALOGUE;SCENARIO
뻗,U+BED7,3,NPC_DIALOGUE
뻤,U+BEE4,6,NPC_DIALOGUE;SCENARIO
뼈,U+BF08,15,MAGIC;NPC_DIALOGUE
뼛,U+BF1B,2,ITEM;NPC_DIALOGUE
뽑,U+BF51,4,NPC_DIALOGUE
뾰,U+BFB0,2,NPC_DIALOGUE;SCENARIO
뿌,U+BFCC,69,ITEM;MAGIC;NPC_DIALOGUE;SCENARIO
뿍,U+BFCD,10,NPC_DIALOGUE
뿐,U+BFD0,247,BATTLE_CHATTER;BATTLE_HELP;NPC_DIALOGUE;SCENARIO
뿔,U+BFD4,4,NPC_DIALOGUE
뿜,U+BFDC,11,ITEM;NPC_DIALOGUE
쁘,U+C058,67,BATTLE_CHATTER;NPC_DIALOGUE;SCENARIO
쁜,U+C05C,84,NPC_DIALOGUE;NPC_SPEAKER_NAME;SCENARIO
삐,U+C090,16,NPC_DIALOGUE
사,U+C0AC,2638,BATTLE;BATTLE_CHATTER;BATTLE_HELP;ENEMY;ENEMY_ACTION;EQUIPMENT;FIELD;FIELD_RUNTIME;FIELD_TABLE;ITEM;MAGIC;NPC_DIALOGUE;NPC_SPEAKER_NAME;SCENARIO;SKILL;STATUS;SYSTEM
삭,U+C0AD,1,NPC_DIALOGUE
삯,U+C0AF,1,NPC_DIALOGUE
산,U+C0B0,172,ENEMY_ACTION;FIELD_TABLE;ITEM;NPC_DIALOGUE;NPC_SPEAKER_NAME;SCENARIO
살,U+C0B4,690,BATTLE;BATTLE_CHATTER;BATTLE_HELP;ENEMY_ACTION;ITEM;NPC_DIALOGUE;NPC_SPEAKER_NAME;SCENARIO;STATUS;SYSTEM
삶,U+C0B6,10,NPC_DIALOGUE
삼,U+C0BC,47,FIELD_TABLE;ITEM;NPC_DIALOGUE;SCENARIO
샀,U+C0C0,8,NPC_DIALOGUE;SCENARIO
상,U+C0C1,1074,BATTLE;BATTLE_CHATTER;BATTLE_HELP;BATTLE_UI;ENEMY;EQUIPMENT;FIELD_RUNTIME;FIELD_TABLE;ITEM;MAGIC;NPC_DIALOGUE;NPC_SPEAKER_NAME;SCENARIO;STATUS;SYSTEM
새,U+C0C8,487,BATTLE_CHATTER;BATTLE_HELP;ENEMY;ENEMY_ACTION;FIELD_TABLE;ITEM;MAGIC;NPC_DIALOGUE;NPC_SPEAKER_NAME;SCENARIO;STATUS;SYSTEM
색,U+C0C9,52,ENEMY_ACTION;ITEM;NPC_DIALOGUE;NPC_SPEAKER_NAME;SCENARIO
샌,U+C0CC,11,NPC_DIALOGUE
샐,U+C0D0,2,NPC_DIALOGUE;NPC_SPEAKER_NAME
샘,U+C0D8,8,FIELD_TABLE;ITEM;MAGIC;NPC_DIALOGUE;NPC_SPEAKER_NAME
생,U+C0DD,1071,BATTLE_CHATTER;BATTLE_HELP;ENEMY_ACTION;EQUIPMENT;ITEM;MAGIC;NPC_DIALOGUE;NPC_SPEAKER_NAME;SCENARIO;SKILL;SYSTEM
샤,U+C0E4,40,ENEMY;ENEMY_ACTION;ITEM;MAGIC;NPC_DIALOGUE;NPC_SPEAKER_NAME;SCENARIO
샨,U+C0E8,13,FIELD_TABLE;NPC_DIALOGUE;NPC_SPEAKER_NAME;SCENARIO
샷,U+C0F7,2,NPC_DIALOGUE;SKILL
샹,U+C0F9,4,SCENARIO
서,U+C11C,3239,BATTLE_CHATTER;BATTLE_HELP;ENEMY;ENEMY_ACTION;EQUIPMENT;FIELD_TABLE;ITEM;MAGIC;NPC_DIALOGUE;NPC_SPEAKER_NAME;SCENARIO;SKILL;STATUS;SYSTEM
석,U+C11D,712,BATTLE;BATTLE_CHATTER;BATTLE_HELP;ENEMY_ACTION;FIELD_TABLE;ITEM;MAGIC;NPC_DIALOGUE;SCENARIO;SKILL;SYSTEM
섞,U+C11E,5,NPC_DIALOGUE
선,U+C120,520,BATTLE;BATTLE_CHATTER;BATTLE_HELP;ENEMY_ACTION;EQUIPMENT;FIELD_TABLE;ITEM;MAGIC;NPC_DIALOGUE;NPC_SPEAKER_NAME;SCENARIO;SKILL;STATUS;SYSTEM
설,U+C124,352,BATTLE;BATTLE_HELP;ENEMY_ACTION;FIELD_TABLE;ITEM;NPC_DIALOGUE;SCENARIO;SYSTEM
섬,U+C12C,55,ENEMY_ACTION;FIELD;FIELD_RUNTIME;FIELD_TABLE;ITEM;NPC_DIALOGUE;NPC_SPEAKER_NAME;SCENARIO;SKILL;SYSTEM
섭,U+C12D,33,NPC_DIALOGUE;SCENARIO
섯,U+C12F,24,ENEMY;FIELD_TABLE;ITEM;NPC_DIALOGUE;SCENARIO
섰,U+C130,4,NPC_DIALOGUE;SCENARIO
성,U+C131,838,BATTLE;BATTLE_CHATTER;BATTLE_HELP;ENEMY_ACTION;EQUIPMENT;FIELD_TABLE;ITEM;MAGIC;NPC_DIALOGUE;NPC_SPEAKER_NAME;SCENARIO;SKILL;SKILL_EFFECT;SYSTEM
세,U+C138,950,BATTLE_CHATTER;ENEMY;ENEMY_ACTION;EQUIPMENT;FIELD_TABLE;ITEM;MAGIC;NPC_DIALOGUE;NPC_SPEAKER_NAME;SCENARIO;SKILL;STATUS;SYSTEM
센,U+C13C,20,NPC_DIALOGUE;SCENARIO
셀,U+C140,41,FIELD_TABLE;ITEM;NPC_DIALOGUE;NPC_SPEAKER_NAME;SCENARIO
셈,U+C148,21,BATTLE_CHATTER;NPC_DIALOGUE;SCENARIO
셋,U+C14B,714,NPC_DIALOGUE;SCENARIO
셔,U+C154,55,ENEMY_ACTION;NPC_DIALOGUE;SCENARIO
션,U+C158,4,NPC_DIALOGUE
셜,U+C15C,3,BATTLE_HELP;NPC_DIALOGUE
셨,U+C168,148,NPC_DIALOGUE;SCENARIO
셰,U+C170,10,NPC_DIALOGUE
셸,U+C178,16,FIELD_TABLE;ITEM;NPC_DIALOGUE;SCENARIO
소,U+C18C,1201,BATTLE_CHATTER;BATTLE_UI;CHARACTER;ENEMY_ACTION;EQUIPMENT;FIELD_TABLE;ITEM;NPC_DIALOGUE;NPC_SPEAKER_NAME;SCENARIO;SKILL_EFFECT;STATUS;SYSTEM
속,U+C18D,624,BATTLE_CHATTER;ENEMY_ACTION;EQUIPMENT;FIELD_TABLE;ITEM;MAGIC;NPC_DIALOGUE;NPC_SPEAKER_NAME;SCENARIO;SKILL;SKILL_EFFECT;STATUS;SYSTEM
손,U+C190,300,BATTLE;ITEM;NPC_DIALOGUE;NPC_SPEAKER_NAME;SCENARIO;SYSTEM
솔,U+C194,34,ITEM;NPC_DIALOGUE;SCENARIO
솜,U+C19C,12,ITEM;NPC_DIALOGUE;SKILL
솟,U+C19F,26,ITEM;MAGIC;NPC_DIALOGUE;SCENARIO
송,U+C1A1,75,FIELD_TABLE;NPC_DIALOGUE;SCENARIO
쇄,U+C1C4,6,MAGIC;NPC_DIALOGUE;SKILL;SKILL_EFFECT
쇠,U+C1E0,21,FIELD_TABLE;ITEM;NPC_DIALOGUE;NPC_SPEAKER_NAME;SCENARIO
쇳,U+C1F3,4,NPC_DIALOGUE
쇼,U+C1FC,17,ENEMY_ACTION;ITEM;NPC_DIALOGUE;NPC_SPEAKER_NAME;SCENARIO
숍,U+C20D,4,ITEM;NPC_DIALOGUE;SCENARIO
수,U+C218,1947,BATTLE;BATTLE_CHATTER;BATTLE_HELP;ENEMY;ENEMY_ACTION;EQUIPMENT;FIELD;FIELD_RUNTIME;FIELD_TABLE;ITEM;MAGIC;NPC_DIALOGUE;NPC_SPEAKER_NAME;SCENARIO;SKILL_EFFECT;STATUS;SYSTEM
숙,U+C219,165,BATTLE_CHATTER;BATTLE_HELP;FIELD_TABLE;NPC_DIALOGUE;SCENARIO;SYSTEM
순,U+C21C,105,ITEM;NPC_DIALOGUE;SCENARIO
숟,U+C21F,1,NPC_DIALOGUE
술,U+C220,235,BATTLE;BATTLE_CHATTER;BATTLE_HELP;ITEM;MAGIC;NPC_DIALOGUE;NPC_SPEAKER_NAME;SCENARIO;SKILL;SYSTEM
숨,U+C228,122,BATTLE_CHATTER;ITEM;NPC_DIALOGUE;SCENARIO
숫,U+C22B,2,NPC_DIALOGUE
숭,U+C22D,9,NPC_DIALOGUE;SCENARIO
숲,U+C232,151,ENEMY;FIELD;FIELD_RUNTIME;FIELD_TABLE;ITEM;MAGIC;NPC_DIALOGUE;SCENARIO;SYSTEM
숴,U+C234,1,NPC_DIALOGUE
쉈,U+C248,3,NPC_DIALOGUE
쉬,U+C26C,122,ITEM;NPC_DIALOGUE;NPC_SPEAKER_NAME;SCENARIO
쉰,U+C270,2,NPC_DIALOGUE
쉴,U+C274,14,BATTLE_CHATTER;NPC_DIALOGUE;SCENARIO
쉽,U+C27D,48,NPC_DIALOGUE;SCENARIO
쉿,U+C27F,4,NPC_DIALOGUE;SCENARIO
슈,U+C288,473,ENEMY;ENEMY_ACTION;FIELD_TABLE;ITEM;NPC_DIALOGUE;NPC_SPEAKER_NAME;SCENARIO
슛,U+C29B,3,BATTLE_UI;ENEMY_ACTION;SKILL
스,U+C2A4,1200,BATTLE_HELP;BATTLE_UI;ENEMY;ENEMY_ACTION;EQUIPMENT;FIELD;FIELD_RUNTIME;FIELD_TABLE;ITEM;MAGIC;NPC_DIALOGUE;NPC_SPEAKER_NAME;SCENARIO;SKILL;STATUS;SYSTEM
슥,U+C2A5,1,NPC_DIALOGUE
슨,U+C2A8,393,BATTLE_CHATTER;BATTLE_HELP;NPC_DIALOGUE;SCENARIO
슬,U+C2AC,312,BATTLE;BATTLE_CHATTER;BATTLE_HELP;ENEMY;ENEMY_ACTION;EQUIPMENT;FIELD_TABLE;ITEM;MAGIC;NPC_DIALOGUE;SCENARIO;SKILL_EFFECT;STATUS;SYSTEM
슭,U+C2AD,2,NPC_DIALOGUE
슴,U+C2B4,46,NPC_DIALOGUE;SCENARIO
습,U+C2B5,588,BATTLE;BATTLE_CHATTER;BATTLE_HELP;EQUIPMENT;NPC_DIALOGUE;SCENARIO;STATUS;SYSTEM
슷,U+C2B7,34,NPC_DIALOGUE;SCENARIO
승,U+C2B9,150,BATTLE_CHATTER;BATTLE_HELP;ENEMY_ACTION;FIELD_RUNTIME;FIELD_TABLE;ITEM;NPC_DIALOGUE;SCENARIO
시,U+C2DC,1987,BATTLE_CHATTER;BATTLE_HELP;ENEMY;ENEMY_ACTION;EQUIPMENT;FIELD_TABLE;ITEM;MAGIC;NPC_DIALOGUE;NPC_SPEAKER_NAME;SCENARIO;SKILL;SKILL_EFFECT;STATUS;SYSTEM
식,U+C2DD,658,BATTLE_CHATTER;BATTLE_HELP;ENEMY_ACTION;FIELD_TABLE;ITEM;NPC_DIALOGUE;NPC_SPEAKER_NAME;SCENARIO
신,U+C2E0,1261,BATTLE;BATTLE_CHATTER;ENEMY;ENEMY_ACTION;EQUIPMENT;FIELD_RUNTIME;FIELD_TABLE;ITEM;MAGIC;NPC_DIALOGUE;NPC_SPEAKER_NAME;SCENARIO;SKILL;SKILL_EFFECT;SYSTEM
싣,U+C2E3,4,NPC_DIALOGUE;SCENARIO
실,U+C2E4,544,BATTLE;BATTLE_CHATTER;BATTLE_HELP;FIELD_TABLE;ITEM;NPC_DIALOGUE;NPC_SPEAKER_NAME;SCENARIO;SKILL;SKILL_EFFECT;SYSTEM
싫,U+C2EB,108,BATTLE_CHATTER;NPC_DIALOGUE;SCENARIO
심,U+C2EC,408,BATTLE_CHATTER;BATTLE_HELP;FIELD_TABLE;ITEM;NPC_DIALOGUE;NPC_SPEAKER_NAME;SCENARIO
십,U+C2ED,120,BATTLE_CHATTER;ITEM;NPC_DIALOGUE;SCENARIO
싱,U+C2F1,8,NPC_DIALOGUE;SCENARIO;SKILL
싶,U+C2F6,599,BATTLE_CHATTER;NPC_DIALOGUE;SCENARIO
싸,U+C2F8,195,BATTLE_CHATTER;ITEM;MAGIC;NPC_DIALOGUE;SCENARIO;SKILL
싹,U+C2F9,18,NPC_DIALOGUE;SCENARIO
싼,U+C2FC,8,ITEM;MAGIC;NPC_DIALOGUE;SCENARIO
쌀,U+C300,3,NPC_DIALOGUE;SCENARIO
쌈,U+C308,1,ITEM
쌌,U+C30C,1,NPC_DIALOGUE
쌍,U+C30D,38,BATTLE_HELP;ITEM;NPC_DIALOGUE;SCENARIO;SKILL
쌓,U+C313,10,NPC_DIALOGUE
쌩,U+C329,4,NPC_DIALOGUE
써,U+C368,131,BATTLE_CHATTER;BATTLE_HELP;NPC_DIALOGUE;SCENARIO
썩,U+C369,23,NPC_DIALOGUE;SCENARIO
썬,U+C36C,2,ENEMY
썰,U+C370,5,NPC_DIALOGUE;SCENARIO
썼,U+C37C,6,NPC_DIALOGUE;SCENARIO
썽,U+C37D,1,NPC_DIALOGUE
쎄,U+C384,28,NPC_DIALOGUE;SCENARIO
쏘,U+C3D8,3,NPC_DIALOGUE
쏙,U+C3D9,5,NPC_DIALOGUE
쏟,U+C3DF,13,NPC_DIALOGUE
쐬,U+C42C,6,NPC_DIALOGUE
쑤,U+C464,1,NPC_DIALOGUE
쑥,U+C465,9,NPC_DIALOGUE;SCENARIO
쓰,U+C4F0,312,BATTLE_CHATTER;BATTLE_HELP;ITEM;NPC_DIALOGUE;SCENARIO;STATUS;SYSTEM
쓴,U+C4F4,39,ITEM;NPC_DIALOGUE;SCENARIO;SKILL
쓸,U+C4F8,114,BATTLE_CHATTER;BATTLE_HELP;NPC_DIALOGUE;SCENARIO;SYSTEM
씀,U+C500,102,NPC_DIALOGUE
씁,U+C501,12,BATTLE_HELP;NPC_DIALOGUE
씌,U+C50C,1,SCENARIO
씐,U+C510,1,NPC_DIALOGUE
씨,U+C528,852,BATTLE_CHATTER;FIELD_TABLE;ITEM;NPC_DIALOGUE;NPC_SPEAKER_NAME;SCENARIO;SKILL
씩,U+C529,13,NPC_DIALOGUE;SCENARIO
씬,U+C52C,34,NPC_DIALOGUE;SCENARIO
씹,U+C539,9,NPC_DIALOGUE;SCENARIO
씻,U+C53B,12,ITEM;MAGIC;NPC_DIALOGUE;SCENARIO
씽,U+C53D,1,NPC_DIALOGUE
아,U+C544,6886,BATTLE;BATTLE_CHATTER;BATTLE_HELP;ENEMY;ENEMY_ACTION;EQUIPMENT;FIELD;FIELD_RUNTIME;FIELD_TABLE;ITEM;MAGIC;NPC_DIALOGUE;NPC_SPEAKER_NAME;SCENARIO;SKILL;STATUS;SYSTEM
악,U+C545,165,BATTLE_CHATTER;ENEMY;ENEMY_ACTION;ITEM;NPC_DIALOGUE;NPC_SPEAKER_NAME;SCENARIO
안,U+C548,1394,BATTLE_CHATTER;FIELD;FIELD_RUNTIME;FIELD_TABLE;ITEM;MAGIC;NPC_DIALOGUE;NPC_SPEAKER_NAME;SCENARIO;SYSTEM
앉,U+C549,28,ITEM;NPC_DIALOGUE;NPC_SPEAKER_NAME
않,U+C54A,1179,BATTLE_CHATTER;BATTLE_HELP;ITEM;NPC_DIALOGUE;SCENARIO;SYSTEM
알,U+C54C,1438,BATTLE_CHATTER;BATTLE_HELP;CHARACTER;ENEMY;FIELD_TABLE;ITEM;NPC_DIALOGUE;NPC_SPEAKER_NAME;SCENARIO
앓,U+C553,4,NPC_DIALOGUE;SCENARIO
암,U+C554,17,FIELD_TABLE;ITEM;NPC_DIALOGUE;SCENARIO;SKILL
압,U+C555,31,ITEM;MAGIC;NPC_DIALOGUE;SCENARIO
앗,U+C557,189,ITEM;MAGIC;NPC_DIALOGUE;NPC_SPEAKER_NAME;SCENARIO;SKILL
았,U+C558,562,BATTLE_CHATTER;NPC_DIALOGUE;SCENARIO;SYSTEM
앙,U+C559,223,FIELD_TABLE;ITEM;MAGIC;NPC_DIALOGUE;NPC_SPEAKER_NAME;SCENARIO
앞,U+C55E,197,BATTLE_CHATTER;ITEM;NPC_DIALOGUE;SCENARIO
애,U+C560,320,BATTLE_CHATTER;ENEMY_ACTION;ITEM;NPC_DIALOGUE;SCENARIO;SYSTEM
액,U+C561,16,EQUIPMENT;FIELD_TABLE;NPC_DIALOGUE;SYSTEM
앤,U+C564,3,NPC_DIALOGUE
앨,U+C568,3,ENEMY;ITEM;NPC_DIALOGUE
앰,U+C570,1,ITEM
앳,U+C573,2,NPC_DIALOGUE
앴,U+C574,1,NPC_DIALOGUE
야,U+C57C,4766,BATTLE_CHATTER;BATTLE_HELP;ENEMY;ENEMY_ACTION;FIELD_TABLE;NPC_DIALOGUE;SCENARIO
약,U+C57D,215,BATTLE;BATTLE_CHATTER;ENEMY_ACTION;FIELD_TABLE;ITEM;NPC_DIALOGUE;NPC_SPEAKER_NAME;SCENARIO;SKILL
얀,U+C580,7,FIELD_TABLE;ITEM;NPC_DIALOGUE
얄,U+C584,3,NPC_DIALOGUE
얇,U+C587,2,NPC_DIALOGUE;SCENARIO
얌,U+C58C,24,NPC_DIALOGUE;SCENARIO
얏,U+C58F,2,NPC_DIALOGUE;SCENARIO
양,U+C591,282,ENEMY_ACTION;EQUIPMENT;FIELD_TABLE;ITEM;NPC_DIALOGUE;NPC_SPEAKER_NAME;SCENARIO;SYSTEM
얕,U+C595,16,NPC_DIALOGUE
얗,U+C597,3,ITEM
얘,U+C598,226,NPC_DIALOGUE;SCENARIO
어,U+C5B4,6705,BATTLE;BATTLE_CHATTER;BATTLE_HELP;BATTLE_UI;ENEMY;ENEMY_ACTION;EQUIPMENT;FIELD_TABLE;ITEM;MAGIC;NPC_DIALOGUE;NPC_SPEAKER_NAME;SCENARIO;SKILL;STATUS;SYSTEM
억,U+C5B5,134,BATTLE_CHATTER;BATTLE_HELP;FIELD_TABLE;NPC_DIALOGUE;SCENARIO
언,U+C5B8,469,BATTLE_HELP;ENEMY;ENEMY_ACTION;ITEM;MAGIC;NPC_DIALOGUE;SCENARIO
얹,U+C5B9,9,NPC_DIALOGUE;SCENARIO
얻,U+C5BB,40,BATTLE_HELP;FIELD_TABLE;ITEM;NPC_DIALOGUE;SCENARIO;STATUS;SYSTEM
얼,U+C5BC,334,BATTLE_CHATTER;BATTLE_HELP;ENEMY;ITEM;MAGIC;NPC_DIALOGUE;SCENARIO
얽,U+C5BD,8,NPC_DIALOGUE
엄,U+C5C4,289,BATTLE_CHATTER;BATTLE_HELP;ITEM;NPC_DIALOGUE;NPC_SPEAKER_NAME;SCENARIO
업,U+C5C5,796,BATTLE_HELP;EQUIPMENT;ITEM;MAGIC;NPC_DIALOGUE;NPC_SPEAKER_NAME;SCENARIO;STATUS;SYSTEM
없,U+C5C6,1656,BATTLE;BATTLE_CHATTER;BATTLE_HELP;EQUIPMENT;ITEM;NPC_DIALOGUE;SCENARIO;SYSTEM
엇,U+C5C7,51,NPC_DIALOGUE;SCENARIO
었,U+C5C8,1362,BATTLE_CHATTER;ITEM;NPC_DIALOGUE;SCENARIO;SYSTEM
엉,U+C5C9,30,NPC_DIALOGUE;SCENARIO
엌,U+C5CC,3,FIELD_TABLE;NPC_DIALOGUE;SCENARIO
엎,U+C5CE,6,ITEM;NPC_DIALOGUE
에,U+C5D0,4534,BATTLE_CHATTER;BATTLE_HELP;ENEMY;ENEMY_ACTION;EQUIPMENT;ITEM;MAGIC;NPC_DIALOGUE;NPC_SPEAKER_NAME;SCENARIO;SKILL;STATUS;SYSTEM
엑,U+C5D1,37,BATTLE_HELP;ENEMY;ITEM;NPC_DIALOGUE;SCENARIO
엔,U+C5D4,332,BATTLE_CHATTER;BATTLE_HELP;FIELD_TABLE;NPC_DIALOGUE;SCENARIO
엘,U+C5D8,1,NPC_DIALOGUE
엠,U+C5E0,6,ENEMY_ACTION;NPC_DIALOGUE;SCENARIO
엣,U+C5E3,19,NPC_DIALOGUE;SCENARIO
엥,U+C5E5,3,NPC_DIALOGUE
여,U+C5EC,1595,BATTLE_CHATTER;BATTLE_HELP;EQUIPMENT;FIELD_TABLE;ITEM;NPC_DIALOGUE;NPC_SPEAKER_NAME;SCENARIO;SYSTEM
역,U+C5ED,406,BATTLE_CHATTER;BATTLE_HELP;ITEM;NPC_DIALOGUE;SCENARIO
엮,U+C5EE,8,ITEM;NPC_DIALOGUE
연,U+C5F0,344,BATTLE_UI;FIELD_TABLE;ITEM;MAGIC;NPC_DIALOGUE;NPC_SPEAKER_NAME;SCENARIO;SKILL;SYSTEM
열,U+C5F4,205,BATTLE_CHATTER;EQUIPMENT;FIELD_TABLE;ITEM;MAGIC;NPC_DIALOGUE;SCENARIO;SKILL;SYSTEM
염,U+C5FC,14,ENEMY_ACTION;ITEM;NPC_DIALOGUE;SCENARIO
엽,U+C5FD,22,NPC_DIALOGUE;SCENARIO
엾,U+C5FE,8,NPC_DIALOGUE
엿,U+C5FF,4,NPC_DIALOGUE;SCENARIO
였,U+C600,273,ITEM;NPC_DIALOGUE;SCENARIO
영,U+C601,264,ENEMY_ACTION;FIELD_TABLE;ITEM;MAGIC;NPC_DIALOGUE;NPC_SPEAKER_NAME;SCENARIO
옆,U+C606,18,FIELD_TABLE;NPC_DIALOGUE;SCENARIO
예,U+C608,414,BATTLE_CHATTER;FIELD_TABLE;ITEM;NPC_DIALOGUE;SCENARIO;SYSTEM
옛,U+C61B,171,NPC_DIALOGUE;SCENARIO
오,U+C624,1627,BATTLE;BATTLE_CHATTER;BATTLE_HELP;ENEMY;ENEMY_ACTION;EQUIPMENT;FIELD_TABLE;ITEM;MAGIC;NPC_DIALOGUE;NPC_SPEAKER_NAME;SCENARIO;SKILL;STATUS;SYSTEM
옥,U+C625,54,ENEMY_ACTION;ITEM;MAGIC;NPC_DIALOGUE;SCENARIO
온,U+C628,333,BATTLE_CHATTER;ENEMY;ITEM;NPC_DIALOGUE;NPC_SPEAKER_NAME;SCENARIO;SKILL
올,U+C62C,311,BATTLE_CHATTER;BATTLE_HELP;ENEMY;FIELD_TABLE;ITEM;NPC_DIALOGUE;NPC_SPEAKER_NAME;SCENARIO;SKILL;STATUS;SYSTEM
옮,U+C62E,19,NPC_DIALOGUE;SCENARIO
옳,U+C633,1,NPC_DIALOGUE
옵,U+C635,2,BATTLE_HELP;NPC_DIALOGUE
옷,U+C637,85,FIELD_TABLE;ITEM;NPC_DIALOGUE;NPC_SPEAKER_NAME;SCENARIO
옹,U+C639,2,NPC_DIALOGUE
옻,U+C63B,1,ITEM
와,U+C640,817,BATTLE_CHATTER;ENEMY_ACTION;EQUIPMENT;FIELD_TABLE;ITEM;MAGIC;NPC_DIALOGUE;SCENARIO;SYSTEM
완,U+C644,176,BATTLE_HELP;NPC_DIALOGUE;NPC_SPEAKER_NAME;SCENARIO;SYSTEM
왈,U+C648,2,ENEMY_ACTION
왓,U+C653,19,BATTLE_CHATTER;NPC_DIALOGUE;SCENARIO
왔,U+C654,366,NPC_DIALOGUE;SCENARIO
왕,U+C655,105,ENEMY;ENEMY_ACTION;ITEM;NPC_DIALOGUE;NPC_SPEAKER_NAME;SCENARIO;SKILL
왜,U+C65C,369,ITEM;NPC_DIALOGUE;SCENARIO
왠,U+C660,252,ITEM;NPC_DIALOGUE;SCENARIO
외,U+C678,102,BATTLE_CHATTER;FIELD_TABLE;ITEM;NPC_DIALOGUE;NPC_SPEAKER_NAME;SCENARIO
왼,U+C67C,3,ENEMY;NPC_DIALOGUE
요,U+C694,2285,BATTLE_CHATTER;BATTLE_HELP;ENEMY_ACTION;EQUIPMENT;FIELD_TABLE;ITEM;MAGIC;NPC_DIALOGUE;NPC_SPEAKER_NAME;SCENARIO;STATUS;SYSTEM
욕,U+C695,52,NPC_DIALOGUE;SCENARIO
용,U+C6A9,305,BATTLE;BATTLE_HELP;ENEMY;EQUIPMENT;FIELD_TABLE;ITEM;NPC_DIALOGUE;NPC_SPEAKER_NAME;SCENARIO;SKILL;STATUS;SYSTEM
우,U+C6B0,2160,BATTLE_CHATTER;BATTLE_HELP;ENEMY;ENEMY_ACTION;FIELD_TABLE;ITEM;NPC_DIALOGUE;NPC_SPEAKER_NAME;SCENARIO;SKILL
욱,U+C6B1,31,ITEM;NPC_DIALOGUE
운,U+C6B4,680,BATTLE_CHATTER;BATTLE_HELP;ITEM;MAGIC;NPC_DIALOGUE;NPC_SPEAKER_NAME;SCENARIO;SYSTEM
울,U+C6B8,679,BATTLE_CHATTER;CHARACTER;ENEMY;ENEMY_ACTION;ITEM;MAGIC;NPC_DIALOGUE;NPC_SPEAKER_NAME;SCENARIO;SKILL
움,U+C6C0,237,BATTLE_CHATTER;BATTLE_HELP;EQUIPMENT;FIELD_TABLE;ITEM;NPC_DIALOGUE;SCENARIO;SKILL;SYSTEM
웁,U+C6C1,5,NPC_DIALOGUE
웃,U+C6C3,88,NPC_DIALOGUE;NPC_SPEAKER_NAME;SCENARIO
웅,U+C6C5,21,ITEM;NPC_DIALOGUE
워,U+C6CC,512,BATTLE_CHATTER;BATTLE_HELP;ENEMY;ENEMY_ACTION;FIELD_TABLE;ITEM;MAGIC;NPC_DIALOGUE;SCENARIO;SYSTEM
원,U+C6D0,342,BATTLE;BATTLE_CHATTER;BATTLE_HELP;ENEMY;ENEMY_ACTION;FIELD_TABLE;ITEM;NPC_DIALOGUE;NPC_SPEAKER_NAME;SCENARIO;SYSTEM
월,U+C6D4,28,ENEMY_ACTION;ITEM;NPC_DIALOGUE;NPC_SPEAKER_NAME;SCENARIO;SYSTEM
웠,U+C6E0,110,NPC_DIALOGUE;SCENARIO
웨,U+C6E8,12,ENEMY_ACTION;NPC_DIALOGUE;SCENARIO
웩,U+C6E9,11,NPC_DIALOGUE;SCENARIO
웬,U+C6EC,10,ITEM;NPC_DIALOGUE
위,U+C704,607,BATTLE;BATTLE_CHATTER;BATTLE_HELP;ENEMY;ENEMY_ACTION;EQUIPMENT;FIELD_TABLE;ITEM;MAGIC;NPC_DIALOGUE;NPC_SPEAKER_NAME;SCENARIO;SKILL;SKILL_EFFECT;SYSTEM
윈,U+C708,42,ITEM;NPC_DIALOGUE;SCENARIO
윌,U+C70C,7,ENEMY_ACTION;ITEM;NPC_DIALOGUE;NPC_SPEAKER_NAME;SCENARIO
윗,U+C717,1,NPC_DIALOGUE
윙,U+C719,2,ITEM;NPC_DIALOGUE
유,U+C720,1255,BATTLE_HELP;CHARACTER;FIELD;FIELD_RUNTIME;FIELD_TABLE;ITEM;NPC_DIALOGUE;NPC_SPEAKER_NAME;SCENARIO;SKILL;SYSTEM
육,U+C721,57,ITEM;NPC_DIALOGUE;NPC_SPEAKER_NAME;SCENARIO
윤,U+C724,1,ITEM
율,U+C728,69,ITEM;NPC_DIALOGUE
융,U+C735,2,NPC_DIALOGUE
으,U+C73C,2285,BATTLE_CHATTER;BATTLE_HELP;EQUIPMENT;FIELD_TABLE;ITEM;MAGIC;NPC_DIALOGUE;SCENARIO;SKILL;SKILL_EFFECT;STATUS;SYSTEM
윽,U+C73D,37,BATTLE_CHATTER;NPC_DIALOGUE;SCENARIO
은,U+C740,3655,BATTLE_CHATTER;BATTLE_HELP;ENEMY_ACTION;EQUIPMENT;FIELD_TABLE;ITEM;MAGIC;NPC_DIALOGUE;NPC_SPEAKER_NAME;SCENARIO;SKILL;SYSTEM
을,U+C744,4323,BATTLE_CHATTER;BATTLE_HELP;ENEMY_ACTION;EQUIPMENT;FIELD;FIELD_RUNTIME;FIELD_TABLE;ITEM;MAGIC;NPC_DIALOGUE;NPC_SPEAKER_NAME;SCENARIO;SKILL;SKILL_EFFECT;STATUS;SYSTEM
음,U+C74C,1138,BATTLE;BATTLE_CHATTER;BATTLE_HELP;ENEMY_ACTION;EQUIPMENT;ITEM;MAGIC;NPC_DIALOGUE;NPC_SPEAKER_NAME;SCENARIO;SYSTEM
읍,U+C74D,5,NPC_DIALOGUE
읏,U+C74F,3,NPC_DIALOGUE
응,U+C751,395,BATTLE;BATTLE_CHATTER;BATTLE_HELP;ITEM;NPC_DIALOGUE;SCENARIO
의,U+C758,3132,BATTLE;BATTLE_CHATTER;BATTLE_HELP;ENEMY;ENEMY_ACTION;EQUIPMENT;FIELD;FIELD_RUNTIME;FIELD_TABLE;ITEM;MAGIC;NPC_DIALOGUE;NPC_SPEAKER_NAME;SCENARIO;SKILL;SKILL_EFFECT;STATUS;SYSTEM
이,U+C774,9647,BATTLE;BATTLE_CHATTER;BATTLE_HELP;BATTLE_UI;ENEMY;ENEMY_ACTION;EQUIPMENT;FIELD_TABLE;ITEM;MAGIC;NPC_DIALOGUE;NPC_SPEAKER_NAME;SCENARIO;SKILL;SKILL_EFFECT;STATUS;SYSTEM
익,U+C775,67,BATTLE_CHATTER;ITEM;NPC_DIALOGUE;SCENARIO;SYSTEM
인,U+C778,1722,BATTLE_CHATTER;BATTLE_HELP;ENEMY;ENEMY_ACTION;EQUIPMENT;FIELD_TABLE;ITEM;MAGIC;NPC_DIALOGUE;NPC_SPEAKER_NAME;SCENARIO;SKILL;STATUS;SYSTEM
일,U+C77C,1617,BATTLE;BATTLE_CHATTER;BATTLE_HELP;ENEMY;ENEMY_ACTION;EQUIPMENT;FIELD_TABLE;ITEM;MAGIC;NPC_DIALOGUE;NPC_SPEAKER_NAME;SCENARIO;SKILL;SKILL_EFFECT;SYSTEM
읽,U+C77D,127,FIELD_TABLE;ITEM;NPC_DIALOGUE;SCENARIO;SYSTEM
잃,U+C783,78,NPC_DIALOGUE;SCENARIO
임,U+C784,131,BATTLE_CHATTER;BATTLE_HELP;FIELD_TABLE;ITEM;NPC_DIALOGUE;NPC_SPEAKER_NAME;SCENARIO;SKILL;SYSTEM
입,U+C785,344,BATTLE;BATTLE_CHATTER;EQUIPMENT;FIELD_TABLE;ITEM;NPC_DIALOGUE;SCENARIO;SYSTEM
잇,U+C787,24,NPC_DIALOGUE;SCENARIO
있,U+C788,3740,BATTLE_CHATTER;BATTLE_HELP;EQUIPMENT;ITEM;NPC_DIALOGUE;NPC_SPEAKER_NAME;SCENARIO;STATUS;SYSTEM
잉,U+C789,1,ENEMY
잊,U+C78A,126,BATTLE_CHATTER;NPC_DIALOGUE;SCENARIO
잎,U+C78E,3,NPC_DIALOGUE
자,U+C790,2321,BATTLE;BATTLE_CHATTER;BATTLE_HELP;ENEMY;ENEMY_ACTION;FIELD;FIELD_RUNTIME;FIELD_TABLE;ITEM;MAGIC;NPC_DIALOGUE;NPC_SPEAKER_NAME;SCENARIO;SKILL;SYSTEM
작,U+C791,391,BATTLE;FIELD_TABLE;ITEM;NPC_DIALOGUE;SCENARIO;SYSTEM
잔,U+C794,110,FIELD_TABLE;NPC_DIALOGUE;SCENARIO
잖,U+C796,1064,BATTLE_CHATTER;NPC_DIALOGUE;SCENARIO
잘,U+C798,501,BATTLE_CHATTER;BATTLE_HELP;EQUIPMENT;ITEM;NPC_DIALOGUE;SCENARIO;SYSTEM
잠,U+C7A0,252,BATTLE_CHATTER;ENEMY;ENEMY_ACTION;ITEM;NPC_DIALOGUE;SCENARIO
잡,U+C7A1,174,ITEM;NPC_DIALOGUE;SCENARIO
잣,U+C7A3,8,NPC_DIALOGUE;SCENARIO
장,U+C7A5,2426,BATTLE_CHATTER;BATTLE_HELP;BATTLE_UI;ENEMY;EQUIPMENT;FIELD_TABLE;ITEM;MAGIC;NPC_DIALOGUE;NPC_SPEAKER_NAME;SCENARIO;SKILL_EFFECT;STATUS;SYSTEM
재,U+C7AC,269,BATTLE_CHATTER;ENEMY_ACTION;FIELD_TABLE;ITEM;MAGIC;NPC_DIALOGUE;SCENARIO
잭,U+C7AD,13,NPC_DIALOGUE;NPC_SPEAKER_NAME;SCENARIO
쟁,U+C7C1,29,ENEMY;NPC_DIALOGUE;NPC_SPEAKER_NAME;SCENARIO
저,U+C800,2964,BATTLE_CHATTER;BATTLE_HELP;ENEMY_ACTION;EQUIPMENT;FIELD_TABLE;ITEM;MAGIC;NPC_DIALOGUE;NPC_SPEAKER_NAME;SCENARIO;STATUS;SYSTEM
적,U+C801,617,BATTLE;BATTLE_CHATTER;BATTLE_HELP;EQUIPMENT;FIELD;FIELD_RUNTIME;FIELD_TABLE;ITEM;MAGIC;NPC_DIALOGUE;SCENARIO;SKILL;SKILL_EFFECT;SYSTEM
전,U+C804,1138,BATTLE;BATTLE_CHATTER;BATTLE_HELP;ENEMY;ENEMY_ACTION;EQUIPMENT;FIELD_RUNTIME;FIELD_TABLE;ITEM;MAGIC;NPC_DIALOGUE;NPC_SPEAKER_NAME;SCENARIO;SKILL;STATUS;SYSTEM
절,U+C808,220,BATTLE;BATTLE_CHATTER;ENEMY_ACTION;ITEM;MAGIC;NPC_DIALOGUE;SCENARIO
젊,U+C80A,66,BATTLE_CHATTER;NPC_DIALOGUE;SCENARIO
점,U+C810,212,BATTLE_CHATTER;BATTLE_HELP;EQUIPMENT;FIELD_TABLE;ITEM;NPC_DIALOGUE;NPC_SPEAKER_NAME;SCENARIO;STATUS;SYSTEM
접,U+C811,105,BATTLE;ITEM;NPC_DIALOGUE;NPC_SPEAKER_NAME;SCENARIO;SKILL_EFFECT;SYSTEM
젓,U+C813,1,NPC_DIALOGUE
정,U+C815,1687,BATTLE;BATTLE_CHATTER;BATTLE_HELP;ENEMY;ENEMY_ACTION;FIELD_TABLE;ITEM;MAGIC;NPC_DIALOGUE;NPC_SPEAKER_NAME;SCENARIO;SKILL;SKILL_EFFECT;SYSTEM
젖,U+C816,3,NPC_DIALOGUE;NPC_SPEAKER_NAME;SCENARIO
제,U+C81C,1258,BATTLE;BATTLE_CHATTER;BATTLE_HELP;ENEMY;ENEMY_ACTION;EQUIPMENT;FIELD_TABLE;ITEM;NPC_DIALOGUE;NPC_SPEAKER_NAME;SCENARIO;SYSTEM
젠,U+C820,284,BATTLE_CHATTER;BATTLE_HELP;NPC_DIALOGUE;SCENARIO
젤,U+C824,2,ITEM;MAGIC
젯,U+C82F,11,NPC_DIALOGUE;SCENARIO
져,U+C838,395,BATTLE_CHATTER;ITEM;NPC_DIALOGUE;SCENARIO
졌,U+C84C,174,ITEM;NPC_DIALOGUE;SCENARIO;SYSTEM
조,U+C870,828,BATTLE;BATTLE_CHATTER;BATTLE_HELP;ENEMY;ENEMY_ACTION;FIELD_TABLE;ITEM;MAGIC;NPC_DIALOGUE;NPC_SPEAKER_NAME;SCENARIO;SYSTEM
족,U+C871,292,FIELD_TABLE;ITEM;NPC_DIALOGUE;NPC_SPEAKER_NAME;SCENARIO;SYSTEM
존,U+C874,271,ENEMY;FIELD_TABLE;NPC_DIALOGUE;SCENARIO
졸,U+C878,18,ITEM;MAGIC;NPC_DIALOGUE;SCENARIO
좀,U+C880,255,BATTLE_CHATTER;BATTLE_HELP;NPC_DIALOGUE;SCENARIO
좁,U+C881,2,NPC_DIALOGUE
종,U+C885,189,ENEMY_ACTION;EQUIPMENT;FIELD_TABLE;ITEM;NPC_DIALOGUE;SCENARIO;SYSTEM
좇,U+C887,9,NPC_DIALOGUE;SCENARIO
좋,U+C88B,1030,BATTLE_CHATTER;BATTLE_HELP;ITEM;NPC_DIALOGUE;SCENARIO
좌,U+C88C,11,ENEMY_ACTION;NPC_DIALOGUE
죄,U+C8C4,59,NPC_DIALOGUE;SCENARIO
죠,U+C8E0,263,BATTLE_CHATTER;NPC_DIALOGUE;SCENARIO
주,U+C8FC,1297,BATTLE;BATTLE_CHATTER;BATTLE_HELP;ENEMY;ENEMY_ACTION;EQUIPMENT;FIELD_TABLE;ITEM;MAGIC;NPC_DIALOGUE;NPC_SPEAKER_NAME;SCENARIO;SKILL;SKILL_EFFECT;STATUS;SYSTEM
죽,U+C8FD,308,BATTLE_CHATTER;BATTLE_HELP;ENEMY_ACTION;ITEM;MAGIC;NPC_DIALOGUE;SCENARIO
준,U+C900,216,BATTLE_CHATTER;BATTLE_HELP;ITEM;NPC_DIALOGUE;SCENARIO;SKILL
줄,U+C904,375,ENEMY_ACTION;FIELD_TABLE;ITEM;NPC_DIALOGUE;SCENARIO
줌,U+C90C,67,NPC_DIALOGUE;NPC_SPEAKER_NAME;SCENARIO
줍,U+C90D,4,BATTLE_HELP;FIELD_TABLE;NPC_DIALOGUE
줏,U+C90F,3,NPC_DIALOGUE
중,U+C911,503,BATTLE_CHATTER;BATTLE_HELP;ENEMY;EQUIPMENT;FIELD_TABLE;ITEM;MAGIC;NPC_DIALOGUE;NPC_SPEAKER_NAME;SCENARIO;STATUS;SYSTEM
줘,U+C918,457,BATTLE_CHATTER;BATTLE_HELP;ENEMY_ACTION;NPC_DIALOGUE;SCENARIO
줬,U+C92C,105,NPC_DIALOGUE;SCENARIO
쥐,U+C950,22,NPC_DIALOGUE;SCENARIO
쥔,U+C954,3,NPC_DIALOGUE
즈,U+C988,18,ENEMY;ENEMY_ACTION;ITEM;MAGIC;NPC_DIALOGUE;SCENARIO
즉,U+C989,14,ITEM;NPC_DIALOGUE
즌,U+C98C,11,ENEMY_ACTION;ITEM;MAGIC
즐,U+C990,86,ITEM;NPC_DIALOGUE;SCENARIO;SYSTEM
즘,U+C998,64,BATTLE_HELP;NPC_DIALOGUE
증,U+C99D,74,BATTLE_CHATTER;ENEMY_ACTION;EQUIPMENT;FIELD_TABLE;ITEM;NPC_DIALOGUE;SCENARIO;SYSTEM
지,U+C9C0,6967,BATTLE_CHATTER;BATTLE_HELP;ENEMY;ENEMY_ACTION;EQUIPMENT;FIELD_TABLE;ITEM;MAGIC;NPC_DIALOGUE;NPC_SPEAKER_NAME;SCENARIO;SKILL;SKILL_EFFECT;STATUS;SYSTEM
직,U+C9C1,532,BATTLE;BATTLE_CHATTER;BATTLE_HELP;ITEM;NPC_DIALOGUE;SCENARIO;SKILL;SYSTEM
진,U+C9C4,957,BATTLE;BATTLE_CHATTER;BATTLE_HELP;ENEMY_ACTION;FIELD_TABLE;ITEM;MAGIC;NPC_DIALOGUE;NPC_SPEAKER_NAME;SCENARIO;SKILL;SYSTEM
질,U+C9C8,340,BATTLE_CHATTER;ITEM;MAGIC;NPC_DIALOGUE;NPC_SPEAKER_NAME;SCENARIO;SKILL;STATUS;SYSTEM
짊,U+C9CA,15,NPC_DIALOGUE
짐,U+C9D0,50,FIELD_TABLE;ITEM;NPC_DIALOGUE;NPC_SPEAKER_NAME;SCENARIO
집,U+C9D1,350,BATTLE_CHATTER;EQUIPMENT;FIELD_TABLE;ITEM;NPC_DIALOGUE;NPC_SPEAKER_NAME;SCENARIO;SYSTEM
짓,U+C9D3,128,NPC_DIALOGUE;NPC_SPEAKER_NAME;SCENARIO
징,U+C9D5,34,ENEMY_ACTION;ITEM;NPC_DIALOGUE;SCENARIO
짖,U+C9D6,4,NPC_DIALOGUE
짙,U+C9D9,5,ITEM;MAGIC;NPC_DIALOGUE
짚,U+C9DA,8,ITEM;NPC_DIALOGUE;SCENARIO
짜,U+C9DC,205,BATTLE_CHATTER;ITEM;NPC_DIALOGUE;SCENARIO
짝,U+C9DD,69,NPC_DIALOGUE;SCENARIO
짠,U+C9E0,5,ITEM;NPC_DIALOGUE;SCENARIO
짧,U+C9E7,9,NPC_DIALOGUE;SCENARIO
짱,U+C9F1,6,BATTLE_CHATTER;NPC_DIALOGUE;SCENARIO
째,U+C9F8,59,NPC_DIALOGUE;SCENARIO;SYSTEM
쨌,U+CA0C,42,NPC_DIALOGUE;SCENARIO
쩌,U+CA4C,50,NPC_DIALOGUE;SCENARIO
쩍,U+CA4D,14,NPC_DIALOGUE
쩐,U+CA50,2,NPC_DIALOGUE
쩔,U+CA54,62,NPC_DIALOGUE;SCENARIO
쩜,U+CA5C,1,SCENARIO
쩡,U+CA61,16,NPC_DIALOGUE
쪄,U+CA84,7,NPC_DIALOGUE;SCENARIO
쪘,U+CA98,1,NPC_DIALOGUE
쪼,U+CABC,3,NPC_DIALOGUE;SCENARIO
쪽,U+CABD,302,BATTLE_CHATTER;BATTLE_HELP;ENEMY;FIELD_TABLE;NPC_DIALOGUE;SCENARIO;SYSTEM
쫓,U+CAD3,22,NPC_DIALOGUE;SCENARIO
쬔,U+CB14,1,ITEM
쭈,U+CB48,1,SCENARIO
쭉,U+CB49,14,NPC_DIALOGUE
쭐,U+CB50,3,BATTLE_HELP;NPC_DIALOGUE;SCENARIO
쭙,U+CB59,1,NPC_DIALOGUE
쭤,U+CB64,5,NPC_DIALOGUE
쯤,U+CBE4,109,BATTLE_CHATTER;NPC_DIALOGUE;SCENARIO
쯧,U+CBE7,5,NPC_DIALOGUE
찌,U+CC0C,18,MAGIC;NPC_DIALOGUE;SCENARIO;SKILL
찍,U+CC0D,26,BATTLE_CHATTER;NPC_DIALOGUE;SCENARIO
찔,U+CC14,3,BATTLE_HELP;NPC_DIALOGUE
찜,U+CC1C,1,SCENARIO
찝,U+CC1D,6,NPC_DIALOGUE
찡,U+CC21,1,NPC_DIALOGUE
찢,U+CC22,7,NPC_DIALOGUE;SCENARIO
차,U+CC28,359,BATTLE_CHATTER;BATTLE_HELP;ENEMY_ACTION;EQUIPMENT;FIELD_TABLE;ITEM;NPC_DIALOGUE;SCENARIO;SYSTEM
착,U+CC29,149,BATTLE_CHATTER;BATTLE_HELP;EQUIPMENT;ITEM;NPC_DIALOGUE;NPC_SPEAKER_NAME;SCENARIO;STATUS;SYSTEM
찬,U+CC2C,92,BATTLE_CHATTER;FIELD_TABLE;ITEM;NPC_DIALOGUE;NPC_SPEAKER_NAME;SCENARIO;SKILL
찮,U+CC2E,372,BATTLE_CHATTER;NPC_DIALOGUE;SCENARIO
찰,U+CC30,11,BATTLE_HELP;NPC_DIALOGUE
참,U+CC38,254,BATTLE_CHATTER;BATTLE_HELP;BATTLE_UI;ENEMY;ENEMY_ACTION;FIELD_TABLE;ITEM;NPC_DIALOGUE;NPC_SPEAKER_NAME;SCENARIO
찻,U+CC3B,33,FIELD_TABLE;NPC_DIALOGUE;SCENARIO
찼,U+CC3C,17,NPC_DIALOGUE;SCENARIO
창,U+CC3D,68,EQUIPMENT;ITEM;MAGIC;NPC_DIALOGUE;SCENARIO;SKILL;SYSTEM
찾,U+CC3E,325,ITEM;MAGIC;NPC_DIALOGUE;SCENARIO
채,U+CC44,90,FIELD_TABLE;ITEM;NPC_DIALOGUE;NPC_SPEAKER_NAME;SCENARIO;SYSTEM
책,U+CC45,99,FIELD_TABLE;ITEM;NPC_DIALOGUE;SCENARIO;SYSTEM
챘,U+CC58,2,NPC_DIALOGUE;SCENARIO
챙,U+CC59,12,BATTLE_CHATTER;NPC_DIALOGUE;SCENARIO
처,U+CC98,473,BATTLE_CHATTER;BATTLE_HELP;EQUIPMENT;ITEM;NPC_DIALOGUE;NPC_SPEAKER_NAME;SCENARIO;SKILL;SYSTEM
척,U+CC99,44,BATTLE_HELP;ENEMY;NPC_DIALOGUE;NPC_SPEAKER_NAME;SCENARIO
천,U+CC9C,206,BATTLE_HELP;ENEMY_ACTION;FIELD_TABLE;ITEM;NPC_DIALOGUE;SCENARIO;SKILL
철,U+CCA0,105,ENEMY;ENEMY_ACTION;FIELD_TABLE;ITEM;NPC_DIALOGUE;NPC_SPEAKER_NAME;SCENARIO
첨,U+CCA8,6,NPC_DIALOGUE;SCENARIO
첫,U+CCAB,58,NPC_DIALOGUE;SCENARIO;SYSTEM
청,U+CCAD,228,BATTLE_CHATTER;BATTLE_HELP;ITEM;NPC_DIALOGUE;NPC_SPEAKER_NAME;SCENARIO
체,U+CCB4,380,BATTLE;BATTLE_HELP;ENEMY;ENEMY_ACTION;FIELD_TABLE;ITEM;MAGIC;NPC_DIALOGUE;SCENARIO;SKILL;SKILL_EFFECT;SYSTEM
쳇,U+CCC7,67,BATTLE_CHATTER;NPC_DIALOGUE;SCENARIO
쳐,U+CCD0,241,BATTLE_CHATTER;BATTLE_HELP;ITEM;NPC_DIALOGUE;SCENARIO;SKILL
쳤,U+CCE4,50,BATTLE;NPC_DIALOGUE;SCENARIO
초,U+CD08,132,ENEMY_ACTION;FIELD_TABLE;ITEM;MAGIC;NPC_DIALOGUE;NPC_SPEAKER_NAME;SCENARIO
촉,U+CD09,20,NPC_DIALOGUE;SCENARIO
촌,U+CD0C,18,FIELD;FIELD_RUNTIME;FIELD_TABLE;NPC_DIALOGUE;NPC_SPEAKER_NAME;SCENARIO;SYSTEM
촙,U+CD19,1,SCENARIO
총,U+CD1D,5,NPC_DIALOGUE;NPC_SPEAKER_NAME;SCENARIO
최,U+CD5C,170,BATTLE_CHATTER;EQUIPMENT;FIELD_TABLE;ITEM;NPC_DIALOGUE;SCENARIO;STATUS;SYSTEM
추,U+CD94,200,BATTLE_CHATTER;BATTLE_HELP;EQUIPMENT;FIELD_TABLE;ITEM;NPC_DIALOGUE;SCENARIO;SKILL_EFFECT;SYSTEM
축,U+CD95,55,ITEM;NPC_DIALOGUE;SCENARIO
춘,U+CD98,15,NPC_DIALOGUE;SCENARIO
출,U+CD9C,125,ITEM;MAGIC;NPC_DIALOGUE;NPC_SPEAKER_NAME;SCENARIO;SYSTEM
춤,U+CDA4,9,BATTLE;ENEMY_ACTION;NPC_DIALOGUE;SYSTEM
춥,U+CDA5,15,NPC_DIALOGUE
충,U+CDA9,60,BATTLE_CHATTER;ENEMY_ACTION;FIELD_TABLE;ITEM;MAGIC;NPC_DIALOGUE;SCENARIO;SKILL
춰,U+CDB0,35,BATTLE_CHATTER;NPC_DIALOGUE;SCENARIO;SYSTEM
췄,U+CDC4,2,NPC_DIALOGUE
췌,U+CDCC,1,NPC_DIALOGUE
취,U+CDE8,70,FIELD_TABLE;ITEM;NPC_DIALOGUE;SCENARIO
츠,U+CE20,186,ENEMY;ENEMY_ACTION;FIELD_TABLE;ITEM;NPC_DIALOGUE;NPC_SPEAKER_NAME;SCENARIO
측,U+CE21,3,NPC_DIALOGUE
층,U+CE35,21,FIELD_TABLE;NPC_DIALOGUE;SCENARIO
치,U+CE58,471,BATTLE_CHATTER;BATTLE_HELP;BATTLE_UI;ENEMY;ENEMY_ACTION;EQUIPMENT;ITEM;NPC_DIALOGUE;NPC_SPEAKER_NAME;SCENARIO;SKILL;SKILL_EFFECT;STATUS;SYSTEM
칙,U+CE59,21,NPC_DIALOGUE;SCENARIO
친,U+CE5C,223,BATTLE_HELP;ENEMY;ITEM;MAGIC;NPC_DIALOGUE;NPC_SPEAKER_NAME;SCENARIO;SKILL
칠,U+CE60,79,ITEM;NPC_DIALOGUE;SCENARIO
침,U+CE68,170,BATTLE_CHATTER;FIELD_TABLE;NPC_DIALOGUE;NPC_SPEAKER_NAME;SCENARIO
칫,U+CE6B,1,NPC_DIALOGUE
칭,U+CE6D,16,BATTLE_UI;ITEM;NPC_DIALOGUE;SCENARIO
카,U+CE74,324,BATTLE_CHATTER;ENEMY;ENEMY_ACTION;FIELD_TABLE;ITEM;NPC_DIALOGUE;NPC_SPEAKER_NAME;SCENARIO;SKILL;SKILL_EFFECT;SYSTEM
칸,U+CE78,3,ENEMY_ACTION;EQUIPMENT;SYSTEM
칼,U+CE7C,17,ITEM;MAGIC;NPC_DIALOGUE;SCENARIO
캉,U+CE89,1,SCENARIO
캐,U+CE90,10,ENEMY_ACTION;EQUIPMENT;NPC_DIALOGUE;SYSTEM
캔,U+CE94,73,BATTLE;BATTLE_CHATTER;BATTLE_HELP;ITEM;NPC_DIALOGUE;SKILL_EFFECT
캠,U+CEA0,6,NPC_DIALOGUE
캡,U+CEA1,2,NPC_DIALOGUE;SKILL
캬,U+CEAC,1,NPC_DIALOGUE
커,U+CEE4,75,BATTLE_HELP;ENEMY_ACTION;EQUIPMENT;FIELD_TABLE;NPC_DIALOGUE;SCENARIO;SYSTEM
컥,U+CEE5,1,NPC_DIALOGUE
컨,U+CEE8,10,NPC_DIALOGUE;SCENARIO
컬,U+CEEC,22,BATTLE;BATTLE_HELP;ITEM;NPC_DIALOGUE;SYSTEM
컴,U+CEF4,1,NPC_DIALOGUE
컷,U+CEF7,32,NPC_DIALOGUE;SCENARIO
컸,U+CEF8,2,NPC_DIALOGUE
케,U+CF00,131,ENEMY_ACTION;ITEM;MAGIC;NPC_DIALOGUE;SCENARIO
켈,U+CF08,60,BATTLE_CHATTER;ENEMY;NPC_DIALOGUE;SCENARIO
켓,U+CF13,12,FIELD_TABLE;NPC_DIALOGUE
켜,U+CF1C,171,BATTLE_CHATTER;ITEM;MAGIC;NPC_DIALOGUE;SCENARIO;SKILL;SYSTEM
켰,U+CF30,16,NPC_DIALOGUE;SCENARIO
코,U+CF54,96,ENEMY;ENEMY_ACTION;ITEM;NPC_DIALOGUE;NPC_SPEAKER_NAME;SCENARIO;SKILL
콕,U+CF55,1,NPC_DIALOGUE
콘,U+CF58,7,ENEMY;ITEM;NPC_DIALOGUE;SCENARIO
콜,U+CF5C,10,ENEMY_ACTION;ITEM;NPC_DIALOGUE;SCENARIO
콤,U+CF64,54,BATTLE;BATTLE_HELP;BATTLE_UI;ITEM;NPC_DIALOGUE;SCENARIO;SKILL_EFFECT;STATUS;SYSTEM
콧,U+CF67,7,NPC_DIALOGUE;SCENARIO
콩,U+CF69,63,NPC_DIALOGUE;SCENARIO
콰,U+CF70,1,NPC_DIALOGUE
쾅,U+CF85,7,NPC_DIALOGUE;SCENARIO
쾌,U+CF8C,12,ITEM;NPC_DIALOGUE;NPC_SPEAKER_NAME;SCENARIO
쿠,U+CFE0,101,ENEMY;ENEMY_ACTION;FIELD;FIELD_RUNTIME;FIELD_TABLE;ITEM;MAGIC;NPC_DIALOGUE;SCENARIO;SYSTEM
쿵,U+CFF5,3,NPC_DIALOGUE;SCENARIO
퀘,U+D018,1,ITEM
퀴,U+D034,23,ENEMY_ACTION;FIELD_TABLE;NPC_DIALOGUE
퀸,U+D038,1,ITEM
퀼,U+D03C,1,ITEM
큐,U+D050,18,ENEMY_ACTION;ITEM;MAGIC;NPC_DIALOGUE
크,U+D06C,481,BATTLE;BATTLE_HELP;ENEMY;ENEMY_ACTION;EQUIPMENT;FIELD;FIELD_RUNTIME;FIELD_TABLE;ITEM;MAGIC;NPC_DIALOGUE;NPC_SPEAKER_NAME;SCENARIO;SKILL;SYSTEM
큭,U+D06D,20,BATTLE_CHATTER;NPC_DIALOGUE;SCENARIO
큰,U+D070,166,BATTLE_CHATTER;BATTLE_HELP;ENEMY;ITEM;NPC_DIALOGUE;NPC_SPEAKER_NAME;SCENARIO;SYSTEM
클,U+D074,266,ENEMY_ACTION;EQUIPMENT;FIELD_TABLE;ITEM;NPC_DIALOGUE;NPC_SPEAKER_NAME;SCENARIO;SKILL;SYSTEM
큼,U+D07C,125,BATTLE_CHATTER;BATTLE_HELP;NPC_DIALOGUE;SCENARIO
큽,U+D07D,4,EQUIPMENT;SYSTEM
킁,U+D081,3,NPC_DIALOGUE
키,U+D0A4,974,BATTLE_HELP;CHARACTER;ENEMY;ENEMY_ACTION;ITEM;MAGIC;NPC_DIALOGUE;NPC_SPEAKER_NAME;SCENARIO
킨,U+D0A8,66,ITEM;MAGIC;NPC_DIALOGUE;NPC_SPEAKER_NAME;SCENARIO;SKILL
킬,U+D0AC,161,BATTLE_CHATTER;EQUIPMENT;FIELD_TABLE;ITEM;NPC_DIALOGUE;NPC_SPEAKER_NAME;SCENARIO;STATUS;SYSTEM
킷,U+D0B7,6,ITEM;NPC_DIALOGUE;SCENARIO
킹,U+D0B9,8,ENEMY;NPC_DIALOGUE
타,U+D0C0,324,BATTLE_CHATTER;BATTLE_HELP;BATTLE_UI;ENEMY;ENEMY_ACTION;FIELD;FIELD_RUNTIME;FIELD_TABLE;ITEM;NPC_DIALOGUE;NPC_SPEAKER_NAME;SCENARIO;SKILL;SYSTEM
탁,U+D0C1,216,BATTLE_CHATTER;NPC_DIALOGUE;NPC_SPEAKER_NAME;SCENARIO
탄,U+D0C4,76,ENEMY_ACTION;ITEM;NPC_DIALOGUE;SCENARIO;SKILL
탈,U+D0C8,29,ENEMY;ITEM;NPC_DIALOGUE;SCENARIO
탐,U+D0D0,76,NPC_DIALOGUE;NPC_SPEAKER_NAME;SCENARIO
탑,U+D0D1,9,FIELD_TABLE;NPC_DIALOGUE;SCENARIO
탓,U+D0D3,29,NPC_DIALOGUE;SCENARIO
탔,U+D0D4,15,NPC_DIALOGUE;SCENARIO
탕,U+D0D5,25,NPC_DIALOGUE;SCENARIO
태,U+D0DC,252,BATTLE_CHATTER;BATTLE_HELP;ENEMY_ACTION;FIELD_TABLE;ITEM;MAGIC;NPC_DIALOGUE;SCENARIO;STATUS;SYSTEM
택,U+D0DD,77,BATTLE;BATTLE_HELP;EQUIPMENT;FIELD_TABLE;ITEM;NPC_DIALOGUE;SCENARIO;STATUS;SYSTEM
탤,U+D0E4,1,NPC_DIALOGUE
탱,U+D0F1,5,NPC_DIALOGUE
터,U+D130,472,BATTLE;BATTLE_HELP;ENEMY;ENEMY_ACTION;EQUIPMENT;FIELD_TABLE;ITEM;NPC_DIALOGUE;SCENARIO;SYSTEM
턱,U+D131,6,FIELD_TABLE;SCENARIO
턴,U+D134,10,NPC_DIALOGUE;SKILL
털,U+D138,39,ENEMY;ITEM;NPC_DIALOGUE;SCENARIO
텀,U+D140,3,NPC_DIALOGUE;SCENARIO
텅,U+D145,5,NPC_DIALOGUE
테,U+D14C,717,BATTLE_CHATTER;ENEMY;ENEMY_ACTION;FIELD_TABLE;ITEM;MAGIC;NPC_DIALOGUE;NPC_SPEAKER_NAME;SCENARIO;SYSTEM
텐,U+D150,158,FIELD_TABLE;ITEM;MAGIC;NPC_DIALOGUE;SCENARIO
텔,U+D154,1,NPC_DIALOGUE
템,U+D15C,22,BATTLE_HELP;EQUIPMENT;ITEM;NPC_DIALOGUE;SCENARIO;STATUS;SYSTEM
텨,U+D168,8,BATTLE_CHATTER;NPC_DIALOGUE;SCENARIO
텼,U+D17C,6,NPC_DIALOGUE
토,U+D1A0,491,BATTLE;BATTLE_HELP;ENEMY;ENEMY_ACTION;FIELD;FIELD_RUNTIME;FIELD_TABLE;ITEM;MAGIC;NPC_DIALOGUE;NPC_SPEAKER_NAME;SCENARIO;SKILL;SYSTEM
톡,U+D1A1,1,NPC_DIALOGUE
톤,U+D1A4,12,ENEMY;ENEMY_ACTION;ITEM;NPC_DIALOGUE
톨,U+D1A8,4,ENEMY;SCENARIO
톱,U+D1B1,11,FIELD_TABLE;NPC_DIALOGUE;SCENARIO
통,U+D1B5,212,BATTLE_CHATTER;EQUIPMENT;FIELD_TABLE;ITEM;NPC_DIALOGUE;NPC_SPEAKER_NAME;SCENARIO;SKILL;SYSTEM
퇴,U+D1F4,15,BATTLE;BATTLE_UI;ENEMY_ACTION;NPC_DIALOGUE
투,U+D22C,101,BATTLE_CHATTER;BATTLE_HELP;ENEMY;ENEMY_ACTION;EQUIPMENT;ITEM;NPC_DIALOGUE;SCENARIO;STATUS;SYSTEM
툰,U+D230,3,NPC_DIALOGUE
툴,U+D234,5,NPC_DIALOGUE;SCENARIO
툼,U+D23C,7,NPC_DIALOGUE;SCENARIO
퉁,U+D241,3,NPC_DIALOGUE
퉜,U+D25C,1,SCENARIO
튀,U+D280,18,ITEM;NPC_DIALOGUE;SCENARIO
튜,U+D29C,27,BATTLE_HELP;NPC_DIALOGUE;SCENARIO
트,U+D2B8,850,BATTLE_CHATTER;BATTLE_HELP;CHARACTER;ENEMY;ENEMY_ACTION;EQUIPMENT;FIELD_TABLE;ITEM;MAGIC;NPC_DIALOGUE;NPC_SPEAKER_NAME;SCENARIO;SKILL;STATUS;SYSTEM
특,U+D2B9,83,BATTLE_HELP;ITEM;MAGIC;NPC_DIALOGUE;SCENARIO
튼,U+D2BC,89,FIELD_TABLE;ITEM;NPC_DIALOGUE;SCENARIO;SYSTEM
틀,U+D2C0,103,BATTLE_CHATTER;BATTLE_UI;ITEM;NPC_DIALOGUE;SCENARIO;SYSTEM
틈,U+D2C8,17,BATTLE_CHATTER;ENEMY_ACTION;ITEM;NPC_DIALOGUE;SCENARIO
티,U+D2F0,75,BATTLE;BATTLE_HELP;ENEMY;FIELD_TABLE;ITEM;NPC_DIALOGUE;NPC_SPEAKER_NAME;SCENARIO;SYSTEM
틱,U+D2F1,24,NPC_DIALOGUE;SCENARIO;SYSTEM
틴,U+D2F4,7,NPC_DIALOGUE
틸,U+D2F8,6,ENEMY;NPC_DIALOGUE;SCENARIO
팀,U+D300,11,NPC_DIALOGUE;SCENARIO
팅,U+D305,9,BATTLE_UI;NPC_DIALOGUE
파,U+D30C,218,BATTLE;BATTLE_CHATTER;BATTLE_HELP;ENEMY;ENEMY_ACTION;FIELD_TABLE;ITEM;MAGIC;NPC_DIALOGUE;SCENARIO;SKILL;SYSTEM
팍,U+D30D,14,NPC_DIALOGUE
팎,U+D30E,2,SCENARIO
판,U+D310,127,BATTLE_CHATTER;BATTLE_HELP;FIELD_TABLE;ITEM;NPC_DIALOGUE;NPC_SPEAKER_NAME;SCENARIO;SYSTEM
팔,U+D314,102,BATTLE_CHATTER;ITEM;NPC_DIALOGUE;SCENARIO
팠,U+D320,1,NPC_DIALOGUE
팡,U+D321,31,ITEM;NPC_DIALOGUE;SCENARIO
패,U+D328,70,BATTLE;ENEMY_ACTION;ITEM;NPC_DIALOGUE;SCENARIO;SYSTEM
팬,U+D32C,8,NPC_DIALOGUE;SCENARIO
팽,U+D33D,8,ENEMY_ACTION;ITEM;NPC_DIALOGUE
퍼,U+D37C,134,BATTLE_HELP;ENEMY;ENEMY_ACTION;FIELD_TABLE;ITEM;MAGIC;NPC_DIALOGUE;SCENARIO;SKILL
펀,U+D380,6,ENEMY_ACTION;NPC_DIALOGUE
펄,U+D384,1,ENEMY_ACTION
펌,U+D38C,2,ITEM
펑,U+D391,1,NPC_DIALOGUE
페,U+D398,104,BATTLE_HELP;ENEMY_ACTION;ITEM;NPC_DIALOGUE;NPC_SPEAKER_NAME;SCENARIO
펜,U+D39C,18,ITEM;NPC_DIALOGUE;SCENARIO
펠,U+D3A0,2,FIELD_TABLE;SCENARIO
펨,U+D3A8,15,FIELD_TABLE;NPC_DIALOGUE;NPC_SPEAKER_NAME
펴,U+D3B4,2,BATTLE_HELP;NPC_DIALOGUE
편,U+D3B8,232,BATTLE_HELP;ITEM;MAGIC;NPC_DIALOGUE;SCENARIO
펼,U+D3BC,29,NPC_DIALOGUE;SCENARIO
평,U+D3C9,145,BATTLE_CHATTER;ITEM;NPC_DIALOGUE;SCENARIO
폐,U+D3D0,42,FIELD_TABLE;NPC_DIALOGUE;SCENARIO
포,U+D3EC,250,BATTLE;BATTLE_CHATTER;BATTLE_HELP;ENEMY_ACTION;FIELD;FIELD_RUNTIME;FIELD_TABLE;ITEM;MAGIC;NPC_DIALOGUE;NPC_SPEAKER_NAME;SCENARIO;SKILL;SYSTEM
폭,U+D3ED,137,BATTLE;ENEMY_ACTION;ITEM;MAGIC;NPC_DIALOGUE;SCENARIO;SKILL
폰,U+D3F0,4,ENEMY;NPC_DIALOGUE
폴,U+D3F4,9,NPC_DIALOGUE;NPC_SPEAKER_NAME;SCENARIO
폼,U+D3FC,2,NPC_DIALOGUE
표,U+D45C,100,BATTLE_CHATTER;BATTLE_HELP;EQUIPMENT;FIELD_TABLE;ITEM;NPC_DIALOGUE;SCENARIO;STATUS;SYSTEM
푸,U+D478,57,ITEM;NPC_DIALOGUE;SCENARIO
푹,U+D479,53,NPC_DIALOGUE;SCENARIO
푼,U+D47C,3,ITEM;NPC_DIALOGUE
풀,U+D480,94,BATTLE_HELP;ENEMY_ACTION;FIELD_TABLE;ITEM;MAGIC;NPC_DIALOGUE;SCENARIO
품,U+D488,271,EQUIPMENT;ITEM;MAGIC;NPC_DIALOGUE;SCENARIO;STATUS;SYSTEM
풉,U+D489,1,SCENARIO
풋,U+D48B,3,ENEMY;NPC_DIALOGUE
풍,U+D48D,120,FIELD_TABLE;ITEM;MAGIC;NPC_DIALOGUE;SCENARIO;SKILL
퓨,U+D4E8,3,NPC_DIALOGUE
프,U+D504,448,BATTLE_CHATTER;ENEMY;ENEMY_ACTION;FIELD_RUNTIME;FIELD_TABLE;ITEM;MAGIC;NPC_DIALOGUE;NPC_SPEAKER_NAME;SCENARIO
픈,U+D508,32,BATTLE_CHATTER;NPC_DIALOGUE;SCENARIO
플,U+D50C,139,BATTLE;ENEMY;ENEMY_ACTION;FIELD;FIELD_RUNTIME;FIELD_TABLE;ITEM;NPC_DIALOGUE;SCENARIO;SKILL;SYSTEM
픔,U+D514,31,NPC_DIALOGUE;SCENARIO
피,U+D53C,993,BATTLE;BATTLE_CHATTER;BATTLE_HELP;CHARACTER;ENEMY;ENEMY_ACTION;EQUIPMENT;FIELD_TABLE;ITEM;MAGIC;NPC_DIALOGUE;NPC_SPEAKER_NAME;SCENARIO;SKILL_EFFECT;SYSTEM
핀,U+D540,3,ENEMY_ACTION;ITEM;SCENARIO
필,U+D544,252,BATTLE;BATTLE_CHATTER;BATTLE_HELP;EQUIPMENT;ITEM;NPC_DIALOGUE;SCENARIO;STATUS;SYSTEM
핑,U+D551,20,NPC_DIALOGUE;NPC_SPEAKER_NAME;SCENARIO
하,U+D558,6369,BATTLE_CHATTER;BATTLE_HELP;ENEMY;ENEMY_ACTION;EQUIPMENT;FIELD_TABLE;ITEM;MAGIC;NPC_DIALOGUE;NPC_SPEAKER_NAME;SCENARIO;SKILL;SKILL_EFFECT;STATUS;SYSTEM
학,U+D559,53,ITEM;NPC_DIALOGUE;NPC_SPEAKER_NAME;SCENARIO
한,U+D55C,3095,BATTLE;BATTLE_CHATTER;BATTLE_HELP;ENEMY_ACTION;EQUIPMENT;FIELD_TABLE;ITEM;MAGIC;NPC_DIALOGUE;NPC_SPEAKER_NAME;SCENARIO;SKILL;SKILL_EFFECT;STATUS;SYSTEM
할,U+D560,1221,BATTLE_CHATTER;BATTLE_HELP;ENEMY_ACTION;EQUIPMENT;ITEM;MAGIC;NPC_DIALOGUE;NPC_SPEAKER_NAME;SCENARIO;STATUS;SYSTEM
핥,U+D565,6,NPC_DIALOGUE
함,U+D568,256,BATTLE_CHATTER;ENEMY_ACTION;FIELD_TABLE;ITEM;NPC_DIALOGUE;SCENARIO;SKILL_EFFECT;SYSTEM
합,U+D569,263,BATTLE_CHATTER;BATTLE_HELP;EQUIPMENT;ITEM;NPC_DIALOGUE;SCENARIO;SKILL;STATUS;SYSTEM
핫,U+D56B,42,NPC_DIALOGUE;SCENARIO
항,U+D56D,170,EQUIPMENT;FIELD;FIELD_RUNTIME;FIELD_TABLE;ITEM;MAGIC;NPC_DIALOGUE;NPC_SPEAKER_NAME;SCENARIO;STATUS;SYSTEM
해,U+D574,3146,BATTLE_CHATTER;BATTLE_HELP;ENEMY;ENEMY_ACTION;EQUIPMENT;FIELD_TABLE;ITEM;NPC_DIALOGUE;NPC_SPEAKER_NAME;SCENARIO;SKILL;SKILL_EFFECT;STATUS;SYSTEM
핵,U+D575,10,FIELD_TABLE;NPC_DIALOGUE;SCENARIO
햇,U+D587,7,NPC_DIALOGUE;SCENARIO
했,U+D588,961,BATTLE;BATTLE_HELP;ITEM;NPC_DIALOGUE;SCENARIO;SYSTEM
행,U+D589,1224,BATTLE;BATTLE_CHATTER;BATTLE_HELP;ENEMY_ACTION;EQUIPMENT;FIELD_TABLE;ITEM;NPC_DIALOGUE;NPC_SPEAKER_NAME;SCENARIO;SKILL_EFFECT;STATUS;SYSTEM
햐,U+D590,12,NPC_DIALOGUE
향,U+D5A5,196,ITEM;NPC_DIALOGUE;SCENARIO
허,U+D5C8,126,FIELD_TABLE;ITEM;NPC_DIALOGUE;SCENARIO
헉,U+D5C9,17,NPC_DIALOGUE;SCENARIO
헌,U+D5CC,10,ITEM;NPC_DIALOGUE
헐,U+D5D0,1,NPC_DIALOGUE
험,U+D5D8,186,BATTLE_CHATTER;BATTLE_HELP;ITEM;NPC_DIALOGUE;SCENARIO
헛,U+D5DB,8,NPC_DIALOGUE;SCENARIO
헤,U+D5E4,275,BATTLE_CHATTER;ITEM;MAGIC;NPC_DIALOGUE;SCENARIO
헥,U+D5E5,133,CHARACTER;FIELD_TABLE;ITEM;NPC_DIALOGUE;NPC_SPEAKER_NAME;SCENARIO;SKILL
헬,U+D5EC,38,ENEMY_ACTION;FIELD_TABLE;ITEM;MAGIC;NPC_DIALOGUE;SCENARIO
헴,U+D5F4,3,NPC_DIALOGUE
헷,U+D5F7,36,NPC_DIALOGUE;SCENARIO
헹,U+D5F9,1,NPC_DIALOGUE
혀,U+D600,155,BATTLE_HELP;NPC_DIALOGUE;SCENARIO
혁,U+D601,3,NPC_DIALOGUE
현,U+D604,63,ITEM;NPC_DIALOGUE;SCENARIO
혈,U+D608,9,NPC_DIALOGUE;SKILL
혐,U+D610,5,NPC_DIALOGUE
협,U+D611,15,NPC_DIALOGUE;SCENARIO
혔,U+D614,19,NPC_DIALOGUE;SCENARIO
형,U+D615,224,BATTLE;ENEMY_ACTION;FIELD_TABLE;NPC_DIALOGUE;NPC_SPEAKER_NAME;SCENARIO;SYSTEM
혜,U+D61C,34,ITEM;MAGIC;NPC_DIALOGUE
호,U+D638,192,BATTLE;BATTLE_CHATTER;ENEMY;ENEMY_ACTION;ITEM;NPC_DIALOGUE;SCENARIO;SKILL
혹,U+D639,139,ITEM;NPC_DIALOGUE;SCENARIO
혼,U+D63C,262,BATTLE_CHATTER;BATTLE_HELP;ENEMY_ACTION;ITEM;MAGIC;NPC_DIALOGUE;SCENARIO;STATUS;SYSTEM
홀,U+D640,26,ITEM;NPC_DIALOGUE;SKILL
홈,U+D648,1,NPC_DIALOGUE
홍,U+D64D,11,ITEM;MAGIC;NPC_DIALOGUE;SCENARIO;SKILL
화,U+D654,372,BATTLE;ENEMY;ENEMY_ACTION;EQUIPMENT;FIELD_TABLE;ITEM;MAGIC;NPC_DIALOGUE;NPC_SPEAKER_NAME;SCENARIO;SKILL;SKILL_EFFECT;STATUS;SYSTEM
확,U+D655,152,BATTLE_CHATTER;BATTLE_HELP;EQUIPMENT;ITEM;NPC_DIALOGUE;SCENARIO;STATUS;SYSTEM
환,U+D658,55,BATTLE_UI;ENEMY_ACTION;NPC_DIALOGUE;SCENARIO;SKILL_EFFECT;SYSTEM
활,U+D65C,131,ENEMY_ACTION;FIELD_TABLE;ITEM;NPC_DIALOGUE;NPC_SPEAKER_NAME;SCENARIO
홧,U+D667,2,NPC_DIALOGUE
황,U+D669,67,BATTLE;BATTLE_CHATTER;BATTLE_HELP;ENEMY_ACTION;FIELD_TABLE;ITEM;NPC_DIALOGUE;SCENARIO;SYSTEM
회,U+D68C,1572,BATTLE;BATTLE_CHATTER;BATTLE_HELP;ENEMY_ACTION;FIELD_TABLE;ITEM;MAGIC;NPC_DIALOGUE;NPC_SPEAKER_NAME;SCENARIO;SKILL;SKILL_EFFECT;SYSTEM
획,U+D68D,23,ITEM;NPC_DIALOGUE;SCENARIO
횟,U+D69F,7,BATTLE_HELP;ITEM;NPC_DIALOGUE;SKILL_EFFECT
횡,U+D6A1,2,ITEM;NPC_DIALOGUE
효,U+D6A8,105,BATTLE_CHATTER;BATTLE_HELP;ENEMY_ACTION;EQUIPMENT;ITEM;NPC_DIALOGUE;SCENARIO;SKILL;SKILL_EFFECT;SYSTEM
후,U+D6C4,302,BATTLE_HELP;FIELD_TABLE;ITEM;NPC_DIALOGUE;SCENARIO;SYSTEM
훈,U+D6C8,16,NPC_DIALOGUE;SCENARIO
훌,U+D6CC,55,NPC_DIALOGUE;SCENARIO
훔,U+D6D4,26,NPC_DIALOGUE;SCENARIO
훗,U+D6D7,157,NPC_DIALOGUE
훤,U+D6E4,1,NPC_DIALOGUE
훨,U+D6E8,31,NPC_DIALOGUE;SCENARIO
휘,U+D718,18,ITEM;NPC_DIALOGUE;SCENARIO;SKILL;SKILL_EFFECT
휙,U+D719,2,NPC_DIALOGUE
휠,U+D720,4,BATTLE_HELP;ENEMY_ACTION
휩,U+D729,10,NPC_DIALOGUE;SCENARIO;SKILL
휴,U+D734,49,ENEMY_ACTION;ITEM;MAGIC;NPC_DIALOGUE;SCENARIO
흉,U+D749,43,ENEMY;ITEM;NPC_DIALOGUE;SCENARIO
흐,U+D750,64,NPC_DIALOGUE;NPC_SPEAKER_NAME;SCENARIO
흑,U+D751,18,ENEMY_ACTION;ITEM;NPC_DIALOGUE;SCENARIO
흔,U+D754,30,NPC_DIALOGUE;SCENARIO
흘,U+D758,54,ITEM;NPC_DIALOGUE;SCENARIO
흙,U+D759,8,NPC_DIALOGUE
흠,U+D760,25,NPC_DIALOGUE;SCENARIO
흡,U+D761,8,ITEM;NPC_DIALOGUE;SCENARIO;SKILL_EFFECT
흥,U+D765,93,BATTLE_CHATTER;NPC_DIALOGUE;SCENARIO
흩,U+D769,9,NPC_DIALOGUE;SCENARIO
희,U+D76C,278,BATTLE_CHATTER;BATTLE_HELP;NPC_DIALOGUE;SCENARIO
히,U+D788,771,BATTLE_CHATTER;BATTLE_HELP;ENEMY;ITEM;MAGIC;NPC_DIALOGUE;NPC_SPEAKER_NAME;SCENARIO;SYSTEM
힌,U+D78C,49,BATTLE_CHATTER;EQUIPMENT;ITEM;NPC_DIALOGUE;SCENARIO;SYSTEM
힐,U+D790,26,ENEMY;ITEM;NPC_DIALOGUE;SCENARIO
힘,U+D798,392,BATTLE_CHATTER;BATTLE_HELP;ITEM;MAGIC;NPC_DIALOGUE;SCENARIO;SKILL
힙,U+D799,1,NPC_DIALOGUE
힛,U+D79B,8,NPC_DIALOGUE
