glyph_index_hex,applied_character,applied_confidence,applied_evidence,skj_evidence_note,user_draft_character,user_draft_confidence,user_draft_status,top50_character,top50_confidence,decision,occurrence_count
002B,：,SUPPORTED,original_ruby_skj_reverse_mapping,RUBY.SKJ CP932 8146 -> G002B; scenario unresolved queue 2 occurrence(s).,:,HIGH,MANUAL_VISUAL_DRAFT,,,SUPPORTED_SKJ_CONFLICT_USER_DRAFT,2
0034,４,SUPPORTED,original_ruby_skj_reverse_mapping,RUBY.SKJ CP932 8253 -> G0034; scenario unresolved queue 6 occurrence(s).,4,HIGH,MANUAL_VISUAL_DRAFT,,,SUPPORTED_SKJ_CONFLICT_USER_DRAFT,6
0036,６,SUPPORTED,original_ruby_skj_reverse_mapping,RUBY.SKJ CP932 8255 -> G0036; scenario unresolved queue 8 occurrence(s).,6,HIGH,MANUAL_VISUAL_DRAFT,6,높음,SUPPORTED_SKJ_CONFLICT_USER_DRAFT,8
0037,７,SUPPORTED,original_ruby_skj_reverse_mapping,RUBY.SKJ CP932 8256 -> G0037; scenario unresolved queue 8 occurrence(s).,7,HIGH,MANUAL_VISUAL_DRAFT,7,높음,SUPPORTED_SKJ_CONFLICT_USER_DRAFT,8
0038,８,SUPPORTED,original_ruby_skj_reverse_mapping,RUBY.SKJ CP932 8257 -> G0038; scenario unresolved queue 13 occurrence(s).,8,HIGH,MANUAL_VISUAL_DRAFT,8,높음,SUPPORTED_SKJ_CONFLICT_USER_DRAFT,13
0039,９,SUPPORTED,original_ruby_skj_reverse_mapping,RUBY.SKJ CP932 8258 -> G0039; scenario unresolved queue 15 occurrence(s).,9,HIGH,MANUAL_VISUAL_DRAFT,9,높음,SUPPORTED_SKJ_CONFLICT_USER_DRAFT,15
003A,Ａ,SUPPORTED,original_ruby_skj_reverse_mapping,RUBY.SKJ CP932 8260 -> G003A; scenario unresolved queue 7 occurrence(s).,A,HIGH,MANUAL_VISUAL_DRAFT,,,SUPPORTED_SKJ_CONFLICT_USER_DRAFT,7
003F,Ｆ,SUPPORTED,original_ruby_skj_reverse_mapping,RUBY.SKJ CP932 8265 -> G003F; scenario unresolved queue 1 occurrence(s).,F,HIGH,MANUAL_VISUAL_DRAFT,,,SUPPORTED_SKJ_CONFLICT_USER_DRAFT,1
0040,Ｇ,SUPPORTED,original_ruby_skj_reverse_mapping,RUBY.SKJ CP932 8266 -> G0040; scenario unresolved queue 17 occurrence(s).,G,HIGH,MANUAL_VISUAL_DRAFT,G,높음,SUPPORTED_SKJ_CONFLICT_USER_DRAFT,17
0042,Ｉ,SUPPORTED,original_ruby_skj_reverse_mapping,RUBY.SKJ CP932 8268 -> G0042; scenario unresolved queue 1 occurrence(s).,I,HIGH,MANUAL_VISUAL_DRAFT,,,SUPPORTED_SKJ_CONFLICT_USER_DRAFT,1
0044,Ｋ,SUPPORTED,original_ruby_skj_reverse_mapping,RUBY.SKJ CP932 826A -> G0044; scenario unresolved queue 1 occurrence(s).,K,HIGH,MANUAL_VISUAL_DRAFT,,,SUPPORTED_SKJ_CONFLICT_USER_DRAFT,1
0045,Ｌ,SUPPORTED,original_ruby_skj_reverse_mapping,RUBY.SKJ CP932 826B -> G0045; scenario unresolved queue 1 occurrence(s).,L,HIGH,MANUAL_VISUAL_DRAFT,,,SUPPORTED_SKJ_CONFLICT_USER_DRAFT,1
0047,Ｎ,SUPPORTED,original_ruby_skj_reverse_mapping,RUBY.SKJ CP932 826D -> G0047; scenario unresolved queue 1 occurrence(s).,N,HIGH,MANUAL_VISUAL_DRAFT,,,SUPPORTED_SKJ_CONFLICT_USER_DRAFT,1
0051,Ｘ,SUPPORTED,original_ruby_skj_reverse_mapping,RUBY.SKJ CP932 8277 -> G0051; scenario unresolved queue 2 occurrence(s).,X,HIGH,MANUAL_VISUAL_DRAFT,,,SUPPORTED_SKJ_CONFLICT_USER_DRAFT,2
0056,ぃ,SUPPORTED,original_ruby_skj_reverse_mapping,RUBY.SKJ CP932 82A1 -> G0056; scenario unresolved queue 19 occurrence(s).,い,HIGH,MANUAL_VISUAL_DRAFT,い,높음,SUPPORTED_SKJ_CONFLICT_USER_DRAFT,19
0058,ぅ,SUPPORTED,original_ruby_skj_reverse_mapping,RUBY.SKJ CP932 82A3 -> G0058; scenario unresolved queue 19 occurrence(s).,う,HIGH,MANUAL_VISUAL_DRAFT,う,높음,SUPPORTED_SKJ_CONFLICT_USER_DRAFT,19
005C,ぉ,SUPPORTED,original_ruby_skj_reverse_mapping,RUBY.SKJ CP932 82A7 -> G005C; scenario unresolved queue 7 occurrence(s).,お,HIGH,MANUAL_VISUAL_DRAFT,,,SUPPORTED_SKJ_CONFLICT_USER_DRAFT,7
0071,ぞ,SUPPORTED,original_ruby_skj_reverse_mapping,RUBY.SKJ CP932 82BC -> G0071; scenario unresolved queue 24 occurrence(s).,ぞ,HIGH,MANUAL_VISUAL_DRAFT,ぞ,높음,SUPPORTED_SKJ_AGREES_USER_DRAFT,24
0089,ぷ,SUPPORTED,original_ruby_skj_reverse_mapping,RUBY.SKJ CP932 82D5 -> G0089; scenario unresolved queue 14 occurrence(s).,ぶ,HIGH,MANUAL_VISUAL_DRAFT,ぶ,높음,SUPPORTED_SKJ_CONFLICT_USER_DRAFT,14
008C,ぺ,SUPPORTED,original_ruby_skj_reverse_mapping,RUBY.SKJ CP932 82D8 -> G008C; scenario unresolved queue 1 occurrence(s).,べ,HIGH,MANUAL_VISUAL_DRAFT,,,SUPPORTED_SKJ_CONFLICT_USER_DRAFT,1
0097,ゅ,SUPPORTED,original_ruby_skj_reverse_mapping,RUBY.SKJ CP932 82E3 -> G0097; scenario unresolved queue 3 occurrence(s).,ゆ,HIGH,MANUAL_VISUAL_DRAFT,,,SUPPORTED_SKJ_CONFLICT_USER_DRAFT,3
00F4,ヶ,SUPPORTED,original_ruby_skj_reverse_mapping,RUBY.SKJ CP932 8396 -> G00F4; scenario unresolved queue 2 occurrence(s).,〃,LOW,AUTO_SHAPE_DRAFT,,,SUPPORTED_SKJ_CONFLICT_USER_DRAFT,2
00F7,ぢ,SUPPORTED,original_ruby_skj_reverse_mapping,RUBY.SKJ CP932 82C0 -> G00F7; scenario unresolved queue 1 occurrence(s).,ガ,LOW,AUTO_SHAPE_DRAFT,,,SUPPORTED_SKJ_CONFLICT_USER_DRAFT,1
0109,御,SUPPORTED,original_ruby_skj_reverse_mapping,RUBY.SKJ CP932 8CE4 -> G0109; scenario unresolved queue 11 occurrence(s).,御,HIGH,MANUAL_VISUAL_DRAFT,何,높음,SUPPORTED_SKJ_AGREES_USER_DRAFT,11
011D,殺,SUPPORTED,original_ruby_skj_reverse_mapping,RUBY.SKJ CP932 8E45 -> G011D; scenario unresolved queue 11 occurrence(s).,殺,MEDIUM,MANUAL_VISUAL_DRAFT,検,높음,SUPPORTED_SKJ_AGREES_USER_DRAFT,11
0122,交,SUPPORTED,original_ruby_skj_reverse_mapping,RUBY.SKJ CP932 8CF0 -> G0122; scenario unresolved queue 2 occurrence(s).,交,HIGH,MANUAL_VISUAL_DRAFT,,,SUPPORTED_SKJ_AGREES_USER_DRAFT,2
012E,諦,SUPPORTED,original_ruby_skj_reverse_mapping,RUBY.SKJ CP932 92FA -> G012E; scenario unresolved queue 1 occurrence(s).,講,HIGH,MANUAL_VISUAL_DRAFT,,,SUPPORTED_SKJ_CONFLICT_USER_DRAFT,1
0141,現,SUPPORTED,original_ruby_skj_reverse_mapping,RUBY.SKJ CP932 8CBB -> G0141; scenario unresolved queue 11 occurrence(s).,現,HIGH,MANUAL_VISUAL_DRAFT,境,높음,SUPPORTED_SKJ_AGREES_USER_DRAFT,11
0142,在,SUPPORTED,original_ruby_skj_reverse_mapping,RUBY.SKJ CP932 8DDD -> G0142; scenario unresolved queue 6 occurrence(s).,在,HIGH,MANUAL_VISUAL_DRAFT,,,SUPPORTED_SKJ_AGREES_USER_DRAFT,6
0145,領,SUPPORTED,original_ruby_skj_reverse_mapping,RUBY.SKJ CP932 97CC -> G0145; scenario unresolved queue 1 occurrence(s).,領,HIGH,MANUAL_VISUAL_DRAFT,,,SUPPORTED_SKJ_AGREES_USER_DRAFT,1
014C,存,SUPPORTED,original_ruby_skj_reverse_mapping,RUBY.SKJ CP932 91B6 -> G014C; scenario unresolved queue 6 occurrence(s).,存,HIGH,MANUAL_VISUAL_DRAFT,,,SUPPORTED_SKJ_AGREES_USER_DRAFT,6
014F,父,SUPPORTED,original_ruby_skj_reverse_mapping,RUBY.SKJ CP932 9583 -> G014F; scenario unresolved queue 6 occurrence(s).,父,HIGH,MANUAL_VISUAL_DRAFT,,,SUPPORTED_SKJ_AGREES_USER_DRAFT,6
015D,館,SUPPORTED,original_ruby_skj_reverse_mapping,RUBY.SKJ CP932 8AD9 -> G015D; scenario unresolved queue 1 occurrence(s).,館,HIGH,MANUAL_VISUAL_DRAFT,,,SUPPORTED_SKJ_AGREES_USER_DRAFT,1
0160,酒,SUPPORTED,original_ruby_skj_reverse_mapping,RUBY.SKJ CP932 8EF0 -> G0160; scenario unresolved queue 9 occurrence(s).,酒,HIGH,MANUAL_VISUAL_DRAFT,洞,높음,SUPPORTED_SKJ_AGREES_USER_DRAFT,9
0168,紙,SUPPORTED,original_ruby_skj_reverse_mapping,RUBY.SKJ CP932 8E86 -> G0168; scenario unresolved queue 23 occurrence(s).,紙,HIGH,MANUAL_VISUAL_DRAFT,航?,중간,SUPPORTED_SKJ_AGREES_USER_DRAFT,23
0169,室,SUPPORTED,original_ruby_skj_reverse_mapping,RUBY.SKJ CP932 8EBA -> G0169; scenario unresolved queue 8 occurrence(s).,雪,HIGH,MANUAL_VISUAL_DRAFT,雪,높음,SUPPORTED_SKJ_CONFLICT_USER_DRAFT,8
0171,線,SUPPORTED,original_ruby_skj_reverse_mapping,RUBY.SKJ CP932 90FC -> G0171; scenario unresolved queue 8 occurrence(s).,線,HIGH,MANUAL_VISUAL_DRAFT,線,중간,SUPPORTED_SKJ_AGREES_USER_DRAFT,8
017C,塔,SUPPORTED,original_ruby_skj_reverse_mapping,RUBY.SKJ CP932 9383 -> G017C; scenario unresolved queue 1 occurrence(s).,塔,MEDIUM,MANUAL_VISUAL_DRAFT,,,SUPPORTED_SKJ_AGREES_USER_DRAFT,1
0181,汚,SUPPORTED,original_ruby_skj_reverse_mapping,RUBY.SKJ CP932 8998 -> G0181; scenario unresolved queue 4 occurrence(s).,汚,MEDIUM,MANUAL_VISUAL_DRAFT,,,SUPPORTED_SKJ_AGREES_USER_DRAFT,4
018E,素,SUPPORTED,original_ruby_skj_reverse_mapping,RUBY.SKJ CP932 9166 -> G018E; scenario unresolved queue 5 occurrence(s).,薬,MEDIUM,MANUAL_VISUAL_DRAFT,,,SUPPORTED_SKJ_CONFLICT_USER_DRAFT,5
01B3,棒,SUPPORTED,original_ruby_skj_reverse_mapping,RUBY.SKJ CP932 965F -> G01B3; scenario unresolved queue 3 occurrence(s).,棒,HIGH,MANUAL_VISUAL_DRAFT,,,SUPPORTED_SKJ_AGREES_USER_DRAFT,3
01B5,庭,SUPPORTED,original_ruby_skj_reverse_mapping,RUBY.SKJ CP932 92EB -> G01B5; scenario unresolved queue 1 occurrence(s).,庭,HIGH,MANUAL_VISUAL_DRAFT,,,SUPPORTED_SKJ_AGREES_USER_DRAFT,1
01C5,唱,SUPPORTED,original_ruby_skj_reverse_mapping,RUBY.SKJ CP932 8FA5 -> G01C5; scenario unresolved queue 1 occurrence(s).,唱,MEDIUM,MANUAL_VISUAL_DRAFT,,,SUPPORTED_SKJ_AGREES_USER_DRAFT,1
01DE,弓,SUPPORTED,original_ruby_skj_reverse_mapping,RUBY.SKJ CP932 8B7C -> G01DE; scenario unresolved queue 1 occurrence(s).,弓,HIGH,MANUAL_VISUAL_DRAFT,,,SUPPORTED_SKJ_AGREES_USER_DRAFT,1
01E0,裏,SUPPORTED,original_ruby_skj_reverse_mapping,RUBY.SKJ CP932 97A0 -> G01E0; scenario unresolved queue 3 occurrence(s).,裏,MEDIUM,MANUAL_VISUAL_DRAFT,,,SUPPORTED_SKJ_AGREES_USER_DRAFT,3
01F3,民,SUPPORTED,original_ruby_skj_reverse_mapping,RUBY.SKJ CP932 96AF -> G01F3; scenario unresolved queue 7 occurrence(s).,民,HIGH,MANUAL_VISUAL_DRAFT,,,SUPPORTED_SKJ_AGREES_USER_DRAFT,7
01FD,魚,SUPPORTED,original_ruby_skj_reverse_mapping,RUBY.SKJ CP932 8B9B -> G01FD; scenario unresolved queue 8 occurrence(s).,魚,HIGH,MANUAL_VISUAL_DRAFT,魚,높음,SUPPORTED_SKJ_AGREES_USER_DRAFT,8
0202,袋,SUPPORTED,original_ruby_skj_reverse_mapping,RUBY.SKJ CP932 91DC -> G0202; scenario unresolved queue 13 occurrence(s).,袋,HIGH,MANUAL_VISUAL_DRAFT,衣,중간,SUPPORTED_SKJ_AGREES_USER_DRAFT,13
0207,敷,SUPPORTED,original_ruby_skj_reverse_mapping,RUBY.SKJ CP932 957E -> G0207; scenario unresolved queue 1 occurrence(s).,敝,LOW,AUTO_SHAPE_DRAFT,,,SUPPORTED_SKJ_CONFLICT_USER_DRAFT,1
0208,詰,SUPPORTED,original_ruby_skj_reverse_mapping,RUBY.SKJ CP932 8B6C -> G0208; scenario unresolved queue 1 occurrence(s).,誥,MEDIUM,AUTO_SHAPE_DRAFT,,,SUPPORTED_SKJ_CONFLICT_USER_DRAFT,1
020A,騎,SUPPORTED,original_ruby_skj_reverse_mapping,RUBY.SKJ CP932 8B52 -> G020A; scenario unresolved queue 3 occurrence(s).,驟,LOW,AUTO_SHAPE_DRAFT,,,SUPPORTED_SKJ_CONFLICT_USER_DRAFT,3
020C,帽,SUPPORTED,original_ruby_skj_reverse_mapping,RUBY.SKJ CP932 9658 -> G020C; scenario unresolved queue 9 occurrence(s).,帽,HIGH,MANUAL_VISUAL_DRAFT,帽,높음,SUPPORTED_SKJ_AGREES_USER_DRAFT,9
021C,匂,SUPPORTED,original_ruby_skj_reverse_mapping,RUBY.SKJ CP932 93F5 -> G021C; scenario unresolved queue 5 occurrence(s).,匂,HIGH,AUTO_SHAPE_DRAFT,,,SUPPORTED_SKJ_AGREES_USER_DRAFT,5
0231,睡,SUPPORTED,original_ruby_skj_reverse_mapping,RUBY.SKJ CP932 9087 -> G0231; scenario unresolved queue 1 occurrence(s).,睡,HIGH,AUTO_SHAPE_DRAFT,,,SUPPORTED_SKJ_AGREES_USER_DRAFT,1
023D,員,SUPPORTED,original_ruby_skj_reverse_mapping,RUBY.SKJ CP932 88F5 -> G023D; scenario unresolved queue 7 occurrence(s).,酋,LOW,AUTO_SHAPE_DRAFT,,,SUPPORTED_SKJ_CONFLICT_USER_DRAFT,7
0248,各,SUPPORTED,original_ruby_skj_reverse_mapping,RUBY.SKJ CP932 8A65 -> G0248; scenario unresolved queue 2 occurrence(s).,各,HIGH,AUTO_SHAPE_DRAFT,,,SUPPORTED_SKJ_AGREES_USER_DRAFT,2
0254,丘,SUPPORTED,original_ruby_skj_reverse_mapping,RUBY.SKJ CP932 8B75 -> G0254; scenario unresolved queue 2 occurrence(s).,丘,MEDIUM,AUTO_SHAPE_DRAFT,,,SUPPORTED_SKJ_AGREES_USER_DRAFT,2
0255,墓,SUPPORTED,original_ruby_skj_reverse_mapping,RUBY.SKJ CP932 95E6 -> G0255; scenario unresolved queue 2 occurrence(s).,墓,MEDIUM,AUTO_SHAPE_DRAFT,,,SUPPORTED_SKJ_AGREES_USER_DRAFT,2
026A,腕,SUPPORTED,original_ruby_skj_reverse_mapping,RUBY.SKJ CP932 9872 -> G026A; scenario unresolved queue 10 occurrence(s).,腕,HIGH,MANUAL_VISUAL_DRAFT,腕,높음,SUPPORTED_SKJ_AGREES_USER_DRAFT,10
0271,航,SUPPORTED,original_ruby_skj_reverse_mapping,RUBY.SKJ CP932 8D71 -> G0271; scenario unresolved queue 6 occurrence(s).,航,LOW,AUTO_SHAPE_DRAFT,,,SUPPORTED_SKJ_AGREES_USER_DRAFT,6
0278,温,SUPPORTED,original_ruby_skj_reverse_mapping,RUBY.SKJ CP932 89B7 -> G0278; scenario unresolved queue 1 occurrence(s).,温,LOW,AUTO_SHAPE_DRAFT,,,SUPPORTED_SKJ_AGREES_USER_DRAFT,1
027A,砂,SUPPORTED,original_ruby_skj_reverse_mapping,RUBY.SKJ CP932 8DBB -> G027A; scenario unresolved queue 8 occurrence(s).,砂,HIGH,MANUAL_VISUAL_DRAFT,砂,높음,SUPPORTED_SKJ_AGREES_USER_DRAFT,8
027B,糖,SUPPORTED,original_ruby_skj_reverse_mapping,RUBY.SKJ CP932 939C -> G027B; scenario unresolved queue 1 occurrence(s).,糖,MEDIUM,AUTO_SHAPE_DRAFT,,,SUPPORTED_SKJ_AGREES_USER_DRAFT,1
027C,菓,SUPPORTED,original_ruby_skj_reverse_mapping,RUBY.SKJ CP932 89D9 -> G027C; scenario unresolved queue 2 occurrence(s).,菓,HIGH,AUTO_SHAPE_DRAFT,,,SUPPORTED_SKJ_AGREES_USER_DRAFT,2
028A,語,SUPPORTED,original_ruby_skj_reverse_mapping,RUBY.SKJ CP932 8CEA -> G028A; scenario unresolved queue 5 occurrence(s).,謡,LOW,AUTO_SHAPE_DRAFT,,,SUPPORTED_SKJ_CONFLICT_USER_DRAFT,5
0298,蛇,SUPPORTED,original_ruby_skj_reverse_mapping,RUBY.SKJ CP932 8ED6 -> G0298; scenario unresolved queue 1 occurrence(s).,蛇,MEDIUM,AUTO_SHAPE_DRAFT,,,SUPPORTED_SKJ_AGREES_USER_DRAFT,1
02A5,影,SUPPORTED,original_ruby_skj_reverse_mapping,RUBY.SKJ CP932 8965 -> G02A5; scenario unresolved queue 1 occurrence(s).,彰,LOW,AUTO_SHAPE_DRAFT,,,SUPPORTED_SKJ_CONFLICT_USER_DRAFT,1
02A6,髪,SUPPORTED,original_ruby_skj_reverse_mapping,RUBY.SKJ CP932 94AF -> G02A6; scenario unresolved queue 1 occurrence(s).,髫,MEDIUM,AUTO_SHAPE_DRAFT,,,SUPPORTED_SKJ_CONFLICT_USER_DRAFT,1
02A7,賊,SUPPORTED,original_ruby_skj_reverse_mapping,RUBY.SKJ CP932 91AF -> G02A7; scenario unresolved queue 1 occurrence(s).,賊,HIGH,AUTO_SHAPE_DRAFT,,,SUPPORTED_SKJ_AGREES_USER_DRAFT,1
02B7,除,SUPPORTED,original_ruby_skj_reverse_mapping,RUBY.SKJ CP932 8F9C -> G02B7; scenario unresolved queue 2 occurrence(s).,除,MEDIUM,AUTO_SHAPE_DRAFT,,,SUPPORTED_SKJ_AGREES_USER_DRAFT,2
02C0,雑,SUPPORTED,original_ruby_skj_reverse_mapping,RUBY.SKJ CP932 8E47 -> G02C0; scenario unresolved queue 7 occurrence(s).,雑,LOW,AUTO_SHAPE_DRAFT,,,SUPPORTED_SKJ_AGREES_USER_DRAFT,7
02C3,弁,SUPPORTED,original_ruby_skj_reverse_mapping,RUBY.SKJ CP932 95D9 -> G02C3; scenario unresolved queue 5 occurrence(s).,弁,MEDIUM,AUTO_SHAPE_DRAFT,,,SUPPORTED_SKJ_AGREES_USER_DRAFT,5
02C4,麦,SUPPORTED,original_ruby_skj_reverse_mapping,RUBY.SKJ CP932 949E -> G02C4; scenario unresolved queue 2 occurrence(s).,表,MEDIUM,AUTO_SHAPE_DRAFT,,,SUPPORTED_SKJ_CONFLICT_USER_DRAFT,2
02C5,南,SUPPORTED,original_ruby_skj_reverse_mapping,RUBY.SKJ CP932 93EC -> G02C5; scenario unresolved queue 10 occurrence(s).,南,HIGH,MANUAL_VISUAL_DRAFT,南,높음,SUPPORTED_SKJ_AGREES_USER_DRAFT,10
02C6,国,SUPPORTED,original_ruby_skj_reverse_mapping,RUBY.SKJ CP932 8D91 -> G02C6; scenario unresolved queue 2 occurrence(s).,岡,LOW,AUTO_SHAPE_DRAFT,,,SUPPORTED_SKJ_CONFLICT_USER_DRAFT,2
02C8,救,SUPPORTED,original_ruby_skj_reverse_mapping,RUBY.SKJ CP932 8B7E -> G02C8; scenario unresolved queue 3 occurrence(s).,救,LOW,AUTO_SHAPE_DRAFT,,,SUPPORTED_SKJ_AGREES_USER_DRAFT,3
02D5,記,SUPPORTED,original_ruby_skj_reverse_mapping,RUBY.SKJ CP932 8B4C -> G02D5; scenario unresolved queue 6 occurrence(s).,記,HIGH,AUTO_SHAPE_DRAFT,,,SUPPORTED_SKJ_AGREES_USER_DRAFT,6
02D9,駆,SUPPORTED,original_ruby_skj_reverse_mapping,RUBY.SKJ CP932 8BEC -> G02D9; scenario unresolved queue 6 occurrence(s).,駆,LOW,AUTO_SHAPE_DRAFT,,,SUPPORTED_SKJ_AGREES_USER_DRAFT,6
02E3,原,SUPPORTED,original_ruby_skj_reverse_mapping,RUBY.SKJ CP932 8CB4 -> G02E3; scenario unresolved queue 10 occurrence(s).,原,HIGH,MANUAL_VISUAL_DRAFT,原,높음,SUPPORTED_SKJ_AGREES_USER_DRAFT,10
02E8,茶,SUPPORTED,original_ruby_skj_reverse_mapping,RUBY.SKJ CP932 9283 -> G02E8; scenario unresolved queue 20 occurrence(s).,茶,HIGH,MANUAL_VISUAL_DRAFT,茶,높음,SUPPORTED_SKJ_AGREES_USER_DRAFT,20
02ED,犬,SUPPORTED,original_ruby_skj_reverse_mapping,RUBY.SKJ CP932 8CA2 -> G02ED; scenario unresolved queue 3 occurrence(s).,犬,LOW,AUTO_SHAPE_DRAFT,,,SUPPORTED_SKJ_AGREES_USER_DRAFT,3
02EF,陸,SUPPORTED,original_ruby_skj_reverse_mapping,RUBY.SKJ CP932 97A4 -> G02EF; scenario unresolved queue 17 occurrence(s).,陸,LOW,AUTO_SHAPE_DRAFT,軽?,낮음,SUPPORTED_SKJ_AGREES_USER_DRAFT,17
02F9,校,SUPPORTED,original_ruby_skj_reverse_mapping,RUBY.SKJ CP932 8D5A -> G02F9; scenario unresolved queue 2 occurrence(s).,校,LOW,AUTO_SHAPE_DRAFT,,,SUPPORTED_SKJ_AGREES_USER_DRAFT,2
02FD,城,SUPPORTED,original_ruby_skj_reverse_mapping,RUBY.SKJ CP932 8FE9 -> G02FD; scenario unresolved queue 3 occurrence(s).,城,HIGH,AUTO_SHAPE_DRAFT,,,SUPPORTED_SKJ_AGREES_USER_DRAFT,3
02FE,主,SUPPORTED,original_ruby_skj_reverse_mapping,RUBY.SKJ CP932 8EE5 -> G02FE; scenario unresolved queue 17 occurrence(s).,王,HIGH,MANUAL_VISUAL_DRAFT,千,높음,SUPPORTED_SKJ_CONFLICT_USER_DRAFT,17
0329,舞,SUPPORTED,original_ruby_skj_reverse_mapping,RUBY.SKJ CP932 9591 -> G0329; scenario unresolved queue 5 occurrence(s).,美,LOW,AUTO_SHAPE_DRAFT,,,SUPPORTED_SKJ_CONFLICT_USER_DRAFT,5
0330,画,SUPPORTED,original_ruby_skj_reverse_mapping,RUBY.SKJ CP932 89E6 -> G0330; scenario unresolved queue 18 occurrence(s).,画,HIGH,MANUAL_VISUAL_DRAFT,画,높음,SUPPORTED_SKJ_AGREES_USER_DRAFT,18
033C,牙,SUPPORTED,original_ruby_skj_reverse_mapping,RUBY.SKJ CP932 89E5 -> G033C; scenario unresolved queue 20 occurrence(s).,才,HIGH,MANUAL_VISUAL_DRAFT,才,높음,SUPPORTED_SKJ_CONFLICT_USER_DRAFT,20
0342,瞬,SUPPORTED,original_ruby_skj_reverse_mapping,RUBY.SKJ CP932 8F75 -> G0342; scenario unresolved queue 1 occurrence(s).,瞬,HIGH,AUTO_SHAPE_DRAFT,,,SUPPORTED_SKJ_AGREES_USER_DRAFT,1
0344,八,SUPPORTED,original_ruby_skj_reverse_mapping,RUBY.SKJ CP932 94AA -> G0344; scenario unresolved queue 3 occurrence(s).,八,LOW,AUTO_SHAPE_DRAFT,,,SUPPORTED_SKJ_AGREES_USER_DRAFT,3
034C,狂,SUPPORTED,original_ruby_skj_reverse_mapping,RUBY.SKJ CP932 8BB6 -> G034C; scenario unresolved queue 1 occurrence(s).,狂,HIGH,AUTO_SHAPE_DRAFT,,,SUPPORTED_SKJ_AGREES_USER_DRAFT,1
0352,卵,SUPPORTED,original_ruby_skj_reverse_mapping,RUBY.SKJ CP932 9791 -> G0352; scenario unresolved queue 2 occurrence(s).,卵,MEDIUM,AUTO_SHAPE_DRAFT,,,SUPPORTED_SKJ_AGREES_USER_DRAFT,2
0354,謎,SUPPORTED,original_ruby_skj_reverse_mapping,RUBY.SKJ CP932 93E4 -> G0354; scenario unresolved queue 5 occurrence(s).,謎,MEDIUM,AUTO_SHAPE_DRAFT,,,SUPPORTED_SKJ_AGREES_USER_DRAFT,5
0355,掛,SUPPORTED,original_ruby_skj_reverse_mapping,RUBY.SKJ CP932 8A7C -> G0355; scenario unresolved queue 1 occurrence(s).,掛,LOW,AUTO_SHAPE_DRAFT,,,SUPPORTED_SKJ_AGREES_USER_DRAFT,1
0356,丸,SUPPORTED,original_ruby_skj_reverse_mapping,RUBY.SKJ CP932 8ADB -> G0356; scenario unresolved queue 1 occurrence(s).,丸,HIGH,AUTO_SHAPE_DRAFT,,,SUPPORTED_SKJ_AGREES_USER_DRAFT,1
035B,滑,SUPPORTED,original_ruby_skj_reverse_mapping,RUBY.SKJ CP932 8A8A -> G035B; scenario unresolved queue 1 occurrence(s).,滑,MEDIUM,AUTO_SHAPE_DRAFT,,,SUPPORTED_SKJ_AGREES_USER_DRAFT,1
035F,粘,SUPPORTED,original_ruby_skj_reverse_mapping,RUBY.SKJ CP932 9453 -> G035F; scenario unresolved queue 1 occurrence(s).,粘,LOW,AUTO_SHAPE_DRAFT,,,SUPPORTED_SKJ_AGREES_USER_DRAFT,1
0364,尻,SUPPORTED,original_ruby_skj_reverse_mapping,RUBY.SKJ CP932 904B -> G0364; scenario unresolved queue 4 occurrence(s).,尻,LOW,AUTO_SHAPE_DRAFT,,,SUPPORTED_SKJ_AGREES_USER_DRAFT,4
0365,尾,SUPPORTED,original_ruby_skj_reverse_mapping,RUBY.SKJ CP932 94F6 -> G0365; scenario unresolved queue 2 occurrence(s).,庵,LOW,AUTO_SHAPE_DRAFT,,,SUPPORTED_SKJ_CONFLICT_USER_DRAFT,2
036E,怯,SUPPORTED,original_ruby_skj_reverse_mapping,RUBY.SKJ CP932 8BAF -> G036E; scenario unresolved queue 1 occurrence(s).,怯,MEDIUM,AUTO_SHAPE_DRAFT,,,SUPPORTED_SKJ_AGREES_USER_DRAFT,1
036F,千,SUPPORTED,original_ruby_skj_reverse_mapping,RUBY.SKJ CP932 90E7 -> G036F; scenario unresolved queue 5 occurrence(s).,千,HIGH,AUTO_SHAPE_DRAFT,,,SUPPORTED_SKJ_AGREES_USER_DRAFT,5
0370,第,SUPPORTED,original_ruby_skj_reverse_mapping,RUBY.SKJ CP932 91E6 -> G0370; scenario unresolved queue 7 occurrence(s).,第,MEDIUM,AUTO_SHAPE_DRAFT,,,SUPPORTED_SKJ_AGREES_USER_DRAFT,7
0381,胃,SUPPORTED,original_ruby_skj_reverse_mapping,RUBY.SKJ CP932 88DD -> G0381; scenario unresolved queue 12 occurrence(s).,雷,LOW,AUTO_SHAPE_DRAFT,冒,높음,SUPPORTED_SKJ_CONFLICT_USER_DRAFT,12
038C,映,SUPPORTED,original_ruby_skj_reverse_mapping,RUBY.SKJ CP932 8966 -> G038C; scenario unresolved queue 5 occurrence(s).,昧,LOW,AUTO_SHAPE_DRAFT,,,SUPPORTED_SKJ_CONFLICT_USER_DRAFT,5
038E,泳,SUPPORTED,original_ruby_skj_reverse_mapping,RUBY.SKJ CP932 896A -> G038E; scenario unresolved queue 1 occurrence(s).,怺,LOW,AUTO_SHAPE_DRAFT,,,SUPPORTED_SKJ_CONFLICT_USER_DRAFT,1
0395,園,SUPPORTED,original_ruby_skj_reverse_mapping,RUBY.SKJ CP932 8980 -> G0395; scenario unresolved queue 1 occurrence(s).,閘,LOW,AUTO_SHAPE_DRAFT,,,SUPPORTED_SKJ_CONFLICT_USER_DRAFT,1
039B,横,SUPPORTED,original_ruby_skj_reverse_mapping,RUBY.SKJ CP932 89A1 -> G039B; scenario unresolved queue 5 occurrence(s).,横,MEDIUM,AUTO_SHAPE_DRAFT,,,SUPPORTED_SKJ_AGREES_USER_DRAFT,5
039C,殴,SUPPORTED,original_ruby_skj_reverse_mapping,RUBY.SKJ CP932 89A3 -> G039C; scenario unresolved queue 1 occurrence(s).,殴,MEDIUM,AUTO_SHAPE_DRAFT,,,SUPPORTED_SKJ_AGREES_USER_DRAFT,1
03AD,械,SUPPORTED,original_ruby_skj_reverse_mapping,RUBY.SKJ CP932 8A42 -> G03AD; scenario unresolved queue 8 occurrence(s).,械,MEDIUM,AUTO_SHAPE_DRAFT,制,중간,SUPPORTED_SKJ_AGREES_USER_DRAFT,8
03B2,街,SUPPORTED,original_ruby_skj_reverse_mapping,RUBY.SKJ CP932 8A58 -> G03B2; scenario unresolved queue 9 occurrence(s).,街,MEDIUM,MANUAL_VISUAL_DRAFT,街,중간,SUPPORTED_SKJ_AGREES_USER_DRAFT,9
03B3,獲,SUPPORTED,original_ruby_skj_reverse_mapping,RUBY.SKJ CP932 8A6C -> G03B3; scenario unresolved queue 3 occurrence(s).,獲,MEDIUM,AUTO_SHAPE_DRAFT,,,SUPPORTED_SKJ_AGREES_USER_DRAFT,3
03BD,慣,SUPPORTED,original_ruby_skj_reverse_mapping,RUBY.SKJ CP932 8AB5 -> G03BD; scenario unresolved queue 6 occurrence(s).,償,LOW,AUTO_SHAPE_DRAFT,,,SUPPORTED_SKJ_CONFLICT_USER_DRAFT,6
03BF,歓,SUPPORTED,original_ruby_skj_reverse_mapping,RUBY.SKJ CP932 8ABD -> G03BF; scenario unresolved queue 5 occurrence(s).,歓,LOW,AUTO_SHAPE_DRAFT,,,SUPPORTED_SKJ_AGREES_USER_DRAFT,5
03C8,関,SUPPORTED,original_ruby_skj_reverse_mapping,RUBY.SKJ CP932 8AD6 -> G03C8; scenario unresolved queue 14 occurrence(s).,問,MEDIUM,MANUAL_VISUAL_DRAFT,聞,높음,SUPPORTED_SKJ_CONFLICT_USER_DRAFT,14
03CA,岸,SUPPORTED,original_ruby_skj_reverse_mapping,RUBY.SKJ CP932 8ADD -> G03CA; scenario unresolved queue 4 occurrence(s).,岸,LOW,AUTO_SHAPE_DRAFT,,,SUPPORTED_SKJ_AGREES_USER_DRAFT,4
03DB,客,SUPPORTED,original_ruby_skj_reverse_mapping,RUBY.SKJ CP932 8B71 -> G03DB; scenario unresolved queue 15 occurrence(s).,客,MEDIUM,MANUAL_VISUAL_DRAFT,客,높음,SUPPORTED_SKJ_AGREES_USER_DRAFT,15
03DD,逆,SUPPORTED,original_ruby_skj_reverse_mapping,RUBY.SKJ CP932 8B74 -> G03DD; scenario unresolved queue 6 occurrence(s).,逆,MEDIUM,AUTO_SHAPE_DRAFT,,,SUPPORTED_SKJ_AGREES_USER_DRAFT,6
03E6,居,SUPPORTED,original_ruby_skj_reverse_mapping,RUBY.SKJ CP932 8B8F -> G03E6; scenario unresolved queue 8 occurrence(s).,居,HIGH,MANUAL_VISUAL_DRAFT,居,높음,SUPPORTED_SKJ_AGREES_USER_DRAFT,8
03E7,拒,SUPPORTED,original_ruby_skj_reverse_mapping,RUBY.SKJ CP932 8B91 -> G03E7; scenario unresolved queue 2 occurrence(s).,拒,LOW,AUTO_SHAPE_DRAFT,,,SUPPORTED_SKJ_AGREES_USER_DRAFT,2
03E9,漁,SUPPORTED,original_ruby_skj_reverse_mapping,RUBY.SKJ CP932 8B99 -> G03E9; scenario unresolved queue 2 occurrence(s).,漁,LOW,AUTO_SHAPE_DRAFT,,,SUPPORTED_SKJ_AGREES_USER_DRAFT,2
03EB,共,SUPPORTED,original_ruby_skj_reverse_mapping,RUBY.SKJ CP932 8BA4 -> G03EB; scenario unresolved queue 5 occurrence(s).,共,HIGH,AUTO_SHAPE_DRAFT,,,SUPPORTED_SKJ_AGREES_USER_DRAFT,5
03F0,橋,SUPPORTED,original_ruby_skj_reverse_mapping,RUBY.SKJ CP932 8BB4 -> G03F0; scenario unresolved queue 1 occurrence(s).,橋,MEDIUM,AUTO_SHAPE_DRAFT,,,SUPPORTED_SKJ_AGREES_USER_DRAFT,1
03F4,響,SUPPORTED,original_ruby_skj_reverse_mapping,RUBY.SKJ CP932 8BBF -> G03F4; scenario unresolved queue 2 occurrence(s).,籃,LOW,AUTO_SHAPE_DRAFT,,,SUPPORTED_SKJ_CONFLICT_USER_DRAFT,2
03FA,句,SUPPORTED,original_ruby_skj_reverse_mapping,RUBY.SKJ CP932 8BE5 -> G03FA; scenario unresolved queue 1 occurrence(s).,句,LOW,AUTO_SHAPE_DRAFT,,,SUPPORTED_SKJ_AGREES_USER_DRAFT,1
03FC,偶,SUPPORTED,original_ruby_skj_reverse_mapping,RUBY.SKJ CP932 8BF4 -> G03FC; scenario unresolved queue 5 occurrence(s).,俣,LOW,AUTO_SHAPE_DRAFT,,,SUPPORTED_SKJ_CONFLICT_USER_DRAFT,5
03FD,遇,SUPPORTED,original_ruby_skj_reverse_mapping,RUBY.SKJ CP932 8BF6 -> G03FD; scenario unresolved queue 1 occurrence(s).,逼,LOW,AUTO_SHAPE_DRAFT,,,SUPPORTED_SKJ_CONFLICT_USER_DRAFT,1
0402,訓,SUPPORTED,original_ruby_skj_reverse_mapping,RUBY.SKJ CP932 8C50 -> G0402; scenario unresolved queue 2 occurrence(s).,訓,HIGH,AUTO_SHAPE_DRAFT,,,SUPPORTED_SKJ_AGREES_USER_DRAFT,2
0404,係,SUPPORTED,original_ruby_skj_reverse_mapping,RUBY.SKJ CP932 8C57 -> G0404; scenario unresolved queue 8 occurrence(s).,係,MEDIUM,MANUAL_VISUAL_DRAFT,隣,중간,SUPPORTED_SKJ_AGREES_USER_DRAFT,8
0408,憩,SUPPORTED,original_ruby_skj_reverse_mapping,RUBY.SKJ CP932 8C65 -> G0408; scenario unresolved queue 1 occurrence(s).,憩,MEDIUM,AUTO_SHAPE_DRAFT,,,SUPPORTED_SKJ_AGREES_USER_DRAFT,1
0409,敬,SUPPORTED,original_ruby_skj_reverse_mapping,RUBY.SKJ CP932 8C68 -> G0409; scenario unresolved queue 2 occurrence(s).,敬,MEDIUM,AUTO_SHAPE_DRAFT,,,SUPPORTED_SKJ_AGREES_USER_DRAFT,2
040E,劇,SUPPORTED,original_ruby_skj_reverse_mapping,RUBY.SKJ CP932 8C80 -> G040E; scenario unresolved queue 1 occurrence(s).,戯,LOW,AUTO_SHAPE_DRAFT,,,SUPPORTED_SKJ_CONFLICT_USER_DRAFT,1
0413,健,SUPPORTED,original_ruby_skj_reverse_mapping,RUBY.SKJ CP932 8C92 -> G0413; scenario unresolved queue 2 occurrence(s).,健,MEDIUM,AUTO_SHAPE_DRAFT,,,SUPPORTED_SKJ_AGREES_USER_DRAFT,2
0415,建,SUPPORTED,original_ruby_skj_reverse_mapping,RUBY.SKJ CP932 8C9A -> G0415; scenario unresolved queue 3 occurrence(s).,建,HIGH,AUTO_SHAPE_DRAFT,,,SUPPORTED_SKJ_AGREES_USER_DRAFT,3
0416,検,SUPPORTED,original_ruby_skj_reverse_mapping,RUBY.SKJ CP932 8C9F -> G0416; scenario unresolved queue 1 occurrence(s).,検,MEDIUM,AUTO_SHAPE_DRAFT,,,SUPPORTED_SKJ_AGREES_USER_DRAFT,1
0417,権,SUPPORTED,original_ruby_skj_reverse_mapping,RUBY.SKJ CP932 8CA0 -> G0417; scenario unresolved queue 3 occurrence(s).,椿,MEDIUM,AUTO_SHAPE_DRAFT,,,SUPPORTED_SKJ_CONFLICT_USER_DRAFT,3
0419,研,SUPPORTED,original_ruby_skj_reverse_mapping,RUBY.SKJ CP932 8CA4 -> G0419; scenario unresolved queue 2 occurrence(s).,研,MEDIUM,AUTO_SHAPE_DRAFT,,,SUPPORTED_SKJ_AGREES_USER_DRAFT,2
041C,厳,SUPPORTED,original_ruby_skj_reverse_mapping,RUBY.SKJ CP932 8CB5 -> G041C; scenario unresolved queue 5 occurrence(s).,嚴,MEDIUM,AUTO_SHAPE_DRAFT,,,SUPPORTED_SKJ_CONFLICT_USER_DRAFT,5
041D,源,SUPPORTED,original_ruby_skj_reverse_mapping,RUBY.SKJ CP932 8CB9 -> G041D; scenario unresolved queue 2 occurrence(s).,源,LOW,AUTO_SHAPE_DRAFT,,,SUPPORTED_SKJ_AGREES_USER_DRAFT,2
041F,固,SUPPORTED,original_ruby_skj_reverse_mapping,RUBY.SKJ CP932 8CC5 -> G041F; scenario unresolved queue 5 occurrence(s).,固,LOW,AUTO_SHAPE_DRAFT,,,SUPPORTED_SKJ_AGREES_USER_DRAFT,5
0420,己,SUPPORTED,original_ruby_skj_reverse_mapping,RUBY.SKJ CP932 8CC8 -> G0420; scenario unresolved queue 2 occurrence(s).,已,MEDIUM,AUTO_SHAPE_DRAFT,,,SUPPORTED_SKJ_CONFLICT_USER_DRAFT,2
0421,庫,SUPPORTED,original_ruby_skj_reverse_mapping,RUBY.SKJ CP932 8CC9 -> G0421; scenario unresolved queue 1 occurrence(s).,庫,MEDIUM,AUTO_SHAPE_DRAFT,,,SUPPORTED_SKJ_AGREES_USER_DRAFT,1
0425,誇,SUPPORTED,original_ruby_skj_reverse_mapping,RUBY.SKJ CP932 8CD6 -> G0425; scenario unresolved queue 1 occurrence(s).,詩,MEDIUM,AUTO_SHAPE_DRAFT,,,SUPPORTED_SKJ_CONFLICT_USER_DRAFT,1
0430,康,SUPPORTED,original_ruby_skj_reverse_mapping,RUBY.SKJ CP932 8D4E -> G0430; scenario unresolved queue 2 occurrence(s).,康,LOW,AUTO_SHAPE_DRAFT,,,SUPPORTED_SKJ_AGREES_USER_DRAFT,2
0433,港,SUPPORTED,original_ruby_skj_reverse_mapping,RUBY.SKJ CP932 8D60 -> G0433; scenario unresolved queue 12 occurrence(s).,港,HIGH,MANUAL_VISUAL_DRAFT,港,높음,SUPPORTED_SKJ_AGREES_USER_DRAFT,12
043A,告,SUPPORTED,original_ruby_skj_reverse_mapping,RUBY.SKJ CP932 8D90 -> G043A; scenario unresolved queue 2 occurrence(s).,告,MEDIUM,AUTO_SHAPE_DRAFT,,,SUPPORTED_SKJ_AGREES_USER_DRAFT,2
043B,腰,SUPPORTED,original_ruby_skj_reverse_mapping,RUBY.SKJ CP932 8D98 -> G043B; scenario unresolved queue 8 occurrence(s).,牘,LOW,AUTO_SHAPE_DRAFT,,,SUPPORTED_SKJ_CONFLICT_USER_DRAFT,8
0441,差,SUPPORTED,original_ruby_skj_reverse_mapping,RUBY.SKJ CP932 8DB7 -> G0441; scenario unresolved queue 1 occurrence(s).,盖,HIGH,AUTO_SHAPE_DRAFT,,,SUPPORTED_SKJ_CONFLICT_USER_DRAFT,1
0443,座,SUPPORTED,original_ruby_skj_reverse_mapping,RUBY.SKJ CP932 8DC0 -> G0443; scenario unresolved queue 1 occurrence(s).,咥,LOW,AUTO_SHAPE_DRAFT,,,SUPPORTED_SKJ_CONFLICT_USER_DRAFT,1
044B,菜,SUPPORTED,original_ruby_skj_reverse_mapping,RUBY.SKJ CP932 8DD8 -> G044B; scenario unresolved queue 2 occurrence(s).,菜,LOW,AUTO_SHAPE_DRAFT,,,SUPPORTED_SKJ_AGREES_USER_DRAFT,2
044D,材,SUPPORTED,original_ruby_skj_reverse_mapping,RUBY.SKJ CP932 8DDE -> G044D; scenario unresolved queue 1 occurrence(s).,材,HIGH,AUTO_SHAPE_DRAFT,,,SUPPORTED_SKJ_AGREES_USER_DRAFT,1
0455,撮,SUPPORTED,original_ruby_skj_reverse_mapping,RUBY.SKJ CP932 8E42 -> G0455; scenario unresolved queue 1 occurrence(s).,撮,MEDIUM,AUTO_SHAPE_DRAFT,,,SUPPORTED_SKJ_AGREES_USER_DRAFT,1
0457,皿,SUPPORTED,original_ruby_skj_reverse_mapping,RUBY.SKJ CP932 8E4D -> G0457; scenario unresolved queue 1 occurrence(s).,血,LOW,AUTO_SHAPE_DRAFT,,,SUPPORTED_SKJ_CONFLICT_USER_DRAFT,1
0459,散,SUPPORTED,original_ruby_skj_reverse_mapping,RUBY.SKJ CP932 8E55 -> G0459; scenario unresolved queue 10 occurrence(s).,散,HIGH,MANUAL_VISUAL_DRAFT,狭,중간,SUPPORTED_SKJ_AGREES_USER_DRAFT,10
045A,産,SUPPORTED,original_ruby_skj_reverse_mapping,RUBY.SKJ CP932 8E59 -> G045A; scenario unresolved queue 1 occurrence(s).,産,HIGH,AUTO_SHAPE_DRAFT,,,SUPPORTED_SKJ_AGREES_USER_DRAFT,1
045E,司,SUPPORTED,original_ruby_skj_reverse_mapping,RUBY.SKJ CP932 8E69 -> G045E; scenario unresolved queue 1 occurrence(s).,苟,LOW,AUTO_SHAPE_DRAFT,,,SUPPORTED_SKJ_CONFLICT_USER_DRAFT,1
0461,姿,SUPPORTED,original_ruby_skj_reverse_mapping,RUBY.SKJ CP932 8E70 -> G0461; scenario unresolved queue 9 occurrence(s).,姿,HIGH,MANUAL_VISUAL_DRAFT,姿,높음,SUPPORTED_SKJ_AGREES_USER_DRAFT,9
0465,支,SUPPORTED,original_ruby_skj_reverse_mapping,RUBY.SKJ CP932 8E78 -> G0465; scenario unresolved queue 1 occurrence(s).,支,MEDIUM,AUTO_SHAPE_DRAFT,,,SUPPORTED_SKJ_AGREES_USER_DRAFT,1
046B,誌,SUPPORTED,original_ruby_skj_reverse_mapping,RUBY.SKJ CP932 8E8F -> G046B; scenario unresolved queue 1 occurrence(s).,誌,LOW,AUTO_SHAPE_DRAFT,,,SUPPORTED_SKJ_AGREES_USER_DRAFT,1
046E,歯,SUPPORTED,original_ruby_skj_reverse_mapping,RUBY.SKJ CP932 8E95 -> G046E; scenario unresolved queue 1 occurrence(s).,歯,MEDIUM,AUTO_SHAPE_DRAFT,,,SUPPORTED_SKJ_AGREES_USER_DRAFT,1
0470,示,SUPPORTED,original_ruby_skj_reverse_mapping,RUBY.SKJ CP932 8EA6 -> G0470; scenario unresolved queue 7 occurrence(s).,于,LOW,AUTO_SHAPE_DRAFT,,,SUPPORTED_SKJ_CONFLICT_USER_DRAFT,7
0471,耳,SUPPORTED,original_ruby_skj_reverse_mapping,RUBY.SKJ CP932 8EA8 -> G0471; scenario unresolved queue 2 occurrence(s).,耳,MEDIUM,AUTO_SHAPE_DRAFT,,,SUPPORTED_SKJ_AGREES_USER_DRAFT,2
0476,芝,SUPPORTED,original_ruby_skj_reverse_mapping,RUBY.SKJ CP932 8EC5 -> G0476; scenario unresolved queue 7 occurrence(s).,芝,HIGH,AUTO_SHAPE_DRAFT,,,SUPPORTED_SKJ_AGREES_USER_DRAFT,7
0477,舎,SUPPORTED,original_ruby_skj_reverse_mapping,RUBY.SKJ CP932 8EC9 -> G0477; scenario unresolved queue 1 occurrence(s).,舎,HIGH,AUTO_SHAPE_DRAFT,,,SUPPORTED_SKJ_AGREES_USER_DRAFT,1
0478,写,SUPPORTED,original_ruby_skj_reverse_mapping,RUBY.SKJ CP932 8ECA -> G0478; scenario unresolved queue 1 occurrence(s).,宦,LOW,AUTO_SHAPE_DRAFT,,,SUPPORTED_SKJ_CONFLICT_USER_DRAFT,1
047C,車,SUPPORTED,original_ruby_skj_reverse_mapping,RUBY.SKJ CP932 8ED4 -> G047C; scenario unresolved queue 5 occurrence(s).,車,HIGH,AUTO_SHAPE_DRAFT,,,SUPPORTED_SKJ_AGREES_USER_DRAFT,5
0481,趣,SUPPORTED,original_ruby_skj_reverse_mapping,RUBY.SKJ CP932 8EEF -> G0481; scenario unresolved queue 1 occurrence(s).,趣,LOW,AUTO_SHAPE_DRAFT,,,SUPPORTED_SKJ_AGREES_USER_DRAFT,1
0483,収,SUPPORTED,original_ruby_skj_reverse_mapping,RUBY.SKJ CP932 8EFB -> G0483; scenario unresolved queue 1 occurrence(s).,駮,LOW,AUTO_SHAPE_DRAFT,,,SUPPORTED_SKJ_CONFLICT_USER_DRAFT,1
0485,拾,SUPPORTED,original_ruby_skj_reverse_mapping,RUBY.SKJ CP932 8F45 -> G0485; scenario unresolved queue 3 occurrence(s).,袷,LOW,AUTO_SHAPE_DRAFT,,,SUPPORTED_SKJ_CONFLICT_USER_DRAFT,3
048B,週,SUPPORTED,original_ruby_skj_reverse_mapping,RUBY.SKJ CP932 8F54 -> G048B; scenario unresolved queue 1 occurrence(s).,週,MEDIUM,AUTO_SHAPE_DRAFT,,,SUPPORTED_SKJ_AGREES_USER_DRAFT,1
0490,祝,SUPPORTED,original_ruby_skj_reverse_mapping,RUBY.SKJ CP932 8F6A -> G0490; scenario unresolved queue 6 occurrence(s).,祝,LOW,AUTO_SHAPE_DRAFT,,,SUPPORTED_SKJ_AGREES_USER_DRAFT,6
0496,処,SUPPORTED,original_ruby_skj_reverse_mapping,RUBY.SKJ CP932 8F88 -> G0496; scenario unresolved queue 1 occurrence(s).,処,MEDIUM,AUTO_SHAPE_DRAFT,,,SUPPORTED_SKJ_AGREES_USER_DRAFT,1
0497,暑,SUPPORTED,original_ruby_skj_reverse_mapping,RUBY.SKJ CP932 8F8B -> G0497; scenario unresolved queue 1 occurrence(s).,暑,LOW,AUTO_SHAPE_DRAFT,,,SUPPORTED_SKJ_AGREES_USER_DRAFT,1
049D,商,SUPPORTED,original_ruby_skj_reverse_mapping,RUBY.SKJ CP932 8FA4 -> G049D; scenario unresolved queue 3 occurrence(s).,商,MEDIUM,AUTO_SHAPE_DRAFT,,,SUPPORTED_SKJ_AGREES_USER_DRAFT,3
049F,承,SUPPORTED,original_ruby_skj_reverse_mapping,RUBY.SKJ CP932 8FB3 -> G049F; scenario unresolved queue 1 occurrence(s).,承,MEDIUM,AUTO_SHAPE_DRAFT,,,SUPPORTED_SKJ_AGREES_USER_DRAFT,1
04A9,象,SUPPORTED,original_ruby_skj_reverse_mapping,RUBY.SKJ CP932 8FDB -> G04A9; scenario unresolved queue 3 occurrence(s).,象,MEDIUM,AUTO_SHAPE_DRAFT,,,SUPPORTED_SKJ_AGREES_USER_DRAFT,3
04AB,冗,SUPPORTED,original_ruby_skj_reverse_mapping,RUBY.SKJ CP932 8FE7 -> G04AB; scenario unresolved queue 2 occurrence(s).,冗,MEDIUM,AUTO_SHAPE_DRAFT,,,SUPPORTED_SKJ_AGREES_USER_DRAFT,2
04B5,寝,SUPPORTED,original_ruby_skj_reverse_mapping,RUBY.SKJ CP932 9051 -> G04B5; scenario unresolved queue 30 occurrence(s).,寝,HIGH,MANUAL_VISUAL_DRAFT,長,높음,SUPPORTED_SKJ_AGREES_USER_DRAFT,30
04B7,深,SUPPORTED,original_ruby_skj_reverse_mapping,RUBY.SKJ CP932 905B -> G04B7; scenario unresolved queue 8 occurrence(s).,澤,LOW,AUTO_SHAPE_DRAFT,,,SUPPORTED_SKJ_CONFLICT_USER_DRAFT,8
04BE,遂,SUPPORTED,original_ruby_skj_reverse_mapping,RUBY.SKJ CP932 908B -> G04BE; scenario unresolved queue 1 occurrence(s).,速,LOW,AUTO_SHAPE_DRAFT,,,SUPPORTED_SKJ_CONFLICT_USER_DRAFT,1
04CB,静,SUPPORTED,original_ruby_skj_reverse_mapping,RUBY.SKJ CP932 90C3 -> G04CB; scenario unresolved queue 1 occurrence(s).,辞,LOW,AUTO_SHAPE_DRAFT,,,SUPPORTED_SKJ_CONFLICT_USER_DRAFT,1
04CC,席,SUPPORTED,original_ruby_skj_reverse_mapping,RUBY.SKJ CP932 90C8 -> G04CC; scenario unresolved queue 3 occurrence(s).,席,MEDIUM,AUTO_SHAPE_DRAFT,,,SUPPORTED_SKJ_AGREES_USER_DRAFT,3
04D4,占,SUPPORTED,original_ruby_skj_reverse_mapping,RUBY.SKJ CP932 90E8 -> G04D4; scenario unresolved queue 5 occurrence(s).,占,HIGH,AUTO_SHAPE_DRAFT,,,SUPPORTED_SKJ_AGREES_USER_DRAFT,5
04D6,専,SUPPORTED,original_ruby_skj_reverse_mapping,RUBY.SKJ CP932 90EA -> G04D6; scenario unresolved queue 2 occurrence(s).,専,HIGH,AUTO_SHAPE_DRAFT,,,SUPPORTED_SKJ_AGREES_USER_DRAFT,2
04D7,川,SUPPORTED,original_ruby_skj_reverse_mapping,RUBY.SKJ CP932 90EC -> G04D7; scenario unresolved queue 4 occurrence(s).,川,HIGH,AUTO_SHAPE_DRAFT,,,SUPPORTED_SKJ_AGREES_USER_DRAFT,4
04DA,祖,SUPPORTED,original_ruby_skj_reverse_mapping,RUBY.SKJ CP932 9163 -> G04DA; scenario unresolved queue 1 occurrence(s).,徂,LOW,AUTO_SHAPE_DRAFT,,,SUPPORTED_SKJ_CONFLICT_USER_DRAFT,1
04DB,組,SUPPORTED,original_ruby_skj_reverse_mapping,RUBY.SKJ CP932 9167 -> G04DB; scenario unresolved queue 1 occurrence(s).,組,LOW,AUTO_SHAPE_DRAFT,,,SUPPORTED_SKJ_AGREES_USER_DRAFT,1
04DC,阻,SUPPORTED,original_ruby_skj_reverse_mapping,RUBY.SKJ CP932 916A -> G04DC; scenario unresolved queue 1 occurrence(s).,阻,LOW,AUTO_SHAPE_DRAFT,,,SUPPORTED_SKJ_AGREES_USER_DRAFT,1
04E0,倉,SUPPORTED,original_ruby_skj_reverse_mapping,RUBY.SKJ CP932 9171 -> G04E0; scenario unresolved queue 1 occurrence(s).,倉,MEDIUM,AUTO_SHAPE_DRAFT,,,SUPPORTED_SKJ_AGREES_USER_DRAFT,1
04E3,掃,SUPPORTED,original_ruby_skj_reverse_mapping,RUBY.SKJ CP932 917C -> G04E3; scenario unresolved queue 1 occurrence(s).,掃,LOW,AUTO_SHAPE_DRAFT,,,SUPPORTED_SKJ_AGREES_USER_DRAFT,1
04E4,操,SUPPORTED,original_ruby_skj_reverse_mapping,RUBY.SKJ CP932 9180 -> G04E4; scenario unresolved queue 13 occurrence(s).,操,MEDIUM,MANUAL_VISUAL_DRAFT,操,높음,SUPPORTED_SKJ_AGREES_USER_DRAFT,13
04E5,争,SUPPORTED,original_ruby_skj_reverse_mapping,RUBY.SKJ CP932 9188 -> G04E5; scenario unresolved queue 5 occurrence(s).,争,LOW,AUTO_SHAPE_DRAFT,,,SUPPORTED_SKJ_AGREES_USER_DRAFT,5
04E8,総,SUPPORTED,original_ruby_skj_reverse_mapping,RUBY.SKJ CP932 918D -> G04E8; scenario unresolved queue 1 occurrence(s).,総,LOW,AUTO_SHAPE_DRAFT,,,SUPPORTED_SKJ_AGREES_USER_DRAFT,1
04EB,騒,SUPPORTED,original_ruby_skj_reverse_mapping,RUBY.SKJ CP932 919B -> G04EB; scenario unresolved queue 1 occurrence(s).,騷,MEDIUM,AUTO_SHAPE_DRAFT,,,SUPPORTED_SKJ_CONFLICT_USER_DRAFT,1
04F0,則,SUPPORTED,original_ruby_skj_reverse_mapping,RUBY.SKJ CP932 91A5 -> G04F0; scenario unresolved queue 7 occurrence(s).,則,MEDIUM,AUTO_SHAPE_DRAFT,,,SUPPORTED_SKJ_AGREES_USER_DRAFT,7
04F2,尊,SUPPORTED,original_ruby_skj_reverse_mapping,RUBY.SKJ CP932 91B8 -> G04F2; scenario unresolved queue 2 occurrence(s).,曹,MEDIUM,AUTO_SHAPE_DRAFT,,,SUPPORTED_SKJ_CONFLICT_USER_DRAFT,2
04F7,貸,SUPPORTED,original_ruby_skj_reverse_mapping,RUBY.SKJ CP932 91DD -> G04F7; scenario unresolved queue 4 occurrence(s).,貸,LOW,AUTO_SHAPE_DRAFT,,,SUPPORTED_SKJ_AGREES_USER_DRAFT,4
04FA,台,SUPPORTED,original_ruby_skj_reverse_mapping,RUBY.SKJ CP932 91E4 -> G04FA; scenario unresolved queue 3 occurrence(s).,舌,LOW,AUTO_SHAPE_DRAFT,,,SUPPORTED_SKJ_CONFLICT_USER_DRAFT,3
04FB,題,SUPPORTED,original_ruby_skj_reverse_mapping,RUBY.SKJ CP932 91E8 -> G04FB; scenario unresolved queue 7 occurrence(s).,閲,LOW,AUTO_SHAPE_DRAFT,,,SUPPORTED_SKJ_CONFLICT_USER_DRAFT,7
0504,団,SUPPORTED,original_ruby_skj_reverse_mapping,RUBY.SKJ CP932 9263 -> G0504; scenario unresolved queue 1 occurrence(s).,団,LOW,AUTO_SHAPE_DRAFT,,,SUPPORTED_SKJ_AGREES_USER_DRAFT,1
0508,談,SUPPORTED,original_ruby_skj_reverse_mapping,RUBY.SKJ CP932 926B -> G0508; scenario unresolved queue 7 occurrence(s).,談,MEDIUM,AUTO_SHAPE_DRAFT,,,SUPPORTED_SKJ_AGREES_USER_DRAFT,7
050B,遅,SUPPORTED,original_ruby_skj_reverse_mapping,RUBY.SKJ CP932 9278 -> G050B; scenario unresolved queue 5 occurrence(s).,遅,LOW,AUTO_SHAPE_DRAFT,,,SUPPORTED_SKJ_AGREES_USER_DRAFT,5
050C,畜,SUPPORTED,original_ruby_skj_reverse_mapping,RUBY.SKJ CP932 927B -> G050C; scenario unresolved queue 1 occurrence(s).,畜,LOW,AUTO_SHAPE_DRAFT,,,SUPPORTED_SKJ_AGREES_USER_DRAFT,1
0510,昼,SUPPORTED,original_ruby_skj_reverse_mapping,RUBY.SKJ CP932 928B -> G0510; scenario unresolved queue 2 occurrence(s).,蟲,LOW,AUTO_SHAPE_DRAFT,,,SUPPORTED_SKJ_CONFLICT_USER_DRAFT,2
0512,張,SUPPORTED,original_ruby_skj_reverse_mapping,RUBY.SKJ CP932 92A3 -> G0512; scenario unresolved queue 14 occurrence(s).,服,MEDIUM,MANUAL_VISUAL_DRAFT,服,높음,SUPPORTED_SKJ_CONFLICT_USER_DRAFT,14
0514,朝,SUPPORTED,original_ruby_skj_reverse_mapping,RUBY.SKJ CP932 92A9 -> G0514; scenario unresolved queue 4 occurrence(s).,朝,MEDIUM,AUTO_SHAPE_DRAFT,,,SUPPORTED_SKJ_AGREES_USER_DRAFT,4
0515,潮,SUPPORTED,original_ruby_skj_reverse_mapping,RUBY.SKJ CP932 92AA -> G0515; scenario unresolved queue 4 occurrence(s).,漸,LOW,AUTO_SHAPE_DRAFT,,,SUPPORTED_SKJ_CONFLICT_USER_DRAFT,4
051E,痛,SUPPORTED,original_ruby_skj_reverse_mapping,RUBY.SKJ CP932 92C9 -> G051E; scenario unresolved queue 6 occurrence(s).,痛,MEDIUM,AUTO_SHAPE_DRAFT,,,SUPPORTED_SKJ_AGREES_USER_DRAFT,6
0522,底,SUPPORTED,original_ruby_skj_reverse_mapping,RUBY.SKJ CP932 92EA -> G0522; scenario unresolved queue 4 occurrence(s).,底,LOW,AUTO_SHAPE_DRAFT,,,SUPPORTED_SKJ_AGREES_USER_DRAFT,4
0523,弟,SUPPORTED,original_ruby_skj_reverse_mapping,RUBY.SKJ CP932 92ED -> G0523; scenario unresolved queue 6 occurrence(s).,束,LOW,AUTO_SHAPE_DRAFT,,,SUPPORTED_SKJ_CONFLICT_USER_DRAFT,6
052B,殿,SUPPORTED,original_ruby_skj_reverse_mapping,RUBY.SKJ CP932 9361 -> G052B; scenario unresolved queue 5 occurrence(s).,殿,MEDIUM,AUTO_SHAPE_DRAFT,,,SUPPORTED_SKJ_AGREES_USER_DRAFT,5
052C,田,SUPPORTED,original_ruby_skj_reverse_mapping,RUBY.SKJ CP932 9363 -> G052C; scenario unresolved queue 1 occurrence(s).,田,HIGH,AUTO_SHAPE_DRAFT,,,SUPPORTED_SKJ_AGREES_USER_DRAFT,1
052D,賭,SUPPORTED,original_ruby_skj_reverse_mapping,RUBY.SKJ CP932 9371 -> G052D; scenario unresolved queue 1 occurrence(s).,賭,MEDIUM,AUTO_SHAPE_DRAFT,,,SUPPORTED_SKJ_AGREES_USER_DRAFT,1
0535,冬,SUPPORTED,original_ruby_skj_reverse_mapping,RUBY.SKJ CP932 937E -> G0535; scenario unresolved queue 1 occurrence(s).,冬,LOW,AUTO_SHAPE_DRAFT,,,SUPPORTED_SKJ_AGREES_USER_DRAFT,1
0536,島,SUPPORTED,original_ruby_skj_reverse_mapping,RUBY.SKJ CP932 9387 -> G0536; scenario unresolved queue 5 occurrence(s).,皐,LOW,AUTO_SHAPE_DRAFT,,,SUPPORTED_SKJ_CONFLICT_USER_DRAFT,5
0540,踏,SUPPORTED,original_ruby_skj_reverse_mapping,RUBY.SKJ CP932 93A5 -> G0540; scenario unresolved queue 7 occurrence(s).,踏,HIGH,AUTO_SHAPE_DRAFT,,,SUPPORTED_SKJ_AGREES_USER_DRAFT,7
0541,働,SUPPORTED,original_ruby_skj_reverse_mapping,RUBY.SKJ CP932 93AD -> G0541; scenario unresolved queue 1 occurrence(s).,礪,LOW,AUTO_SHAPE_DRAFT,,,SUPPORTED_SKJ_CONFLICT_USER_DRAFT,1
0549,念,SUPPORTED,original_ruby_skj_reverse_mapping,RUBY.SKJ CP932 944F -> G0549; scenario unresolved queue 7 occurrence(s).,念,LOW,AUTO_SHAPE_DRAFT,,,SUPPORTED_SKJ_AGREES_USER_DRAFT,7
0550,馬,SUPPORTED,original_ruby_skj_reverse_mapping,RUBY.SKJ CP932 946E -> G0550; scenario unresolved queue 4 occurrence(s).,患,LOW,AUTO_SHAPE_DRAFT,,,SUPPORTED_SKJ_CONFLICT_USER_DRAFT,4
0551,廃,SUPPORTED,original_ruby_skj_reverse_mapping,RUBY.SKJ CP932 9470 -> G0551; scenario unresolved queue 2 occurrence(s).,哺,LOW,AUTO_SHAPE_DRAFT,,,SUPPORTED_SKJ_CONFLICT_USER_DRAFT,2
0552,拝,SUPPORTED,original_ruby_skj_reverse_mapping,RUBY.SKJ CP932 9471 -> G0552; scenario unresolved queue 3 occurrence(s).,杆,HIGH,AUTO_SHAPE_DRAFT,,,SUPPORTED_SKJ_CONFLICT_USER_DRAFT,3
0555,背,SUPPORTED,original_ruby_skj_reverse_mapping,RUBY.SKJ CP932 9477 -> G0555; scenario unresolved queue 11 occurrence(s).,宮,MEDIUM,MANUAL_VISUAL_DRAFT,間,높음,SUPPORTED_SKJ_CONFLICT_USER_DRAFT,11
0557,博,SUPPORTED,original_ruby_skj_reverse_mapping,RUBY.SKJ CP932 948E -> G0557; scenario unresolved queue 6 occurrence(s).,博,LOW,AUTO_SHAPE_DRAFT,,,SUPPORTED_SKJ_AGREES_USER_DRAFT,6
055B,漠,SUPPORTED,original_ruby_skj_reverse_mapping,RUBY.SKJ CP932 9499 -> G055B; scenario unresolved queue 7 occurrence(s).,漠,MEDIUM,AUTO_SHAPE_DRAFT,,,SUPPORTED_SKJ_AGREES_USER_DRAFT,7
055D,巫,SUPPORTED,original_ruby_skj_reverse_mapping,RUBY.SKJ CP932 9BDE -> G055D; scenario unresolved queue 2 occurrence(s).,巫,HIGH,AUTO_SHAPE_DRAFT,,,SUPPORTED_SKJ_AGREES_USER_DRAFT,2
0560,畑,SUPPORTED,original_ruby_skj_reverse_mapping,RUBY.SKJ CP932 94A8 -> G0560; scenario unresolved queue 2 occurrence(s).,畑,HIGH,AUTO_SHAPE_DRAFT,,,SUPPORTED_SKJ_AGREES_USER_DRAFT,2
0562,半,SUPPORTED,original_ruby_skj_reverse_mapping,RUBY.SKJ CP932 94BC -> G0562; scenario unresolved queue 6 occurrence(s).,半,HIGH,AUTO_SHAPE_DRAFT,,,SUPPORTED_SKJ_AGREES_USER_DRAFT,6
0564,帆,SUPPORTED,original_ruby_skj_reverse_mapping,RUBY.SKJ CP932 94BF -> G0564; scenario unresolved queue 1 occurrence(s).,帆,HIGH,AUTO_SHAPE_DRAFT,,,SUPPORTED_SKJ_AGREES_USER_DRAFT,1
0565,版,SUPPORTED,original_ruby_skj_reverse_mapping,RUBY.SKJ CP932 94C5 -> G0565; scenario unresolved queue 1 occurrence(s).,版,MEDIUM,AUTO_SHAPE_DRAFT,,,SUPPORTED_SKJ_AGREES_USER_DRAFT,1
056D,扉,SUPPORTED,original_ruby_skj_reverse_mapping,RUBY.SKJ CP932 94E0 -> G056D; scenario unresolved queue 2 occurrence(s).,尊,LOW,AUTO_SHAPE_DRAFT,,,SUPPORTED_SKJ_CONFLICT_USER_DRAFT,2
0573,鼻,SUPPORTED,original_ruby_skj_reverse_mapping,RUBY.SKJ CP932 9540 -> G0573; scenario unresolved queue 5 occurrence(s).,鼻,LOW,AUTO_SHAPE_DRAFT,,,SUPPORTED_SKJ_AGREES_USER_DRAFT,5
0574,匹,SUPPORTED,original_ruby_skj_reverse_mapping,RUBY.SKJ CP932 9543 -> G0574; scenario unresolved queue 2 occurrence(s).,區,LOW,AUTO_SHAPE_DRAFT,,,SUPPORTED_SKJ_CONFLICT_USER_DRAFT,2
0579,表,SUPPORTED,original_ruby_skj_reverse_mapping,RUBY.SKJ CP932 955C -> G0579; scenario unresolved queue 4 occurrence(s).,表,HIGH,AUTO_SHAPE_DRAFT,,,SUPPORTED_SKJ_AGREES_USER_DRAFT,4
0583,福,SUPPORTED,original_ruby_skj_reverse_mapping,RUBY.SKJ CP932 959F -> G0583; scenario unresolved queue 1 occurrence(s).,福,HIGH,AUTO_SHAPE_DRAFT,,,SUPPORTED_SKJ_AGREES_USER_DRAFT,1
058C,米,SUPPORTED,original_ruby_skj_reverse_mapping,RUBY.SKJ CP932 95C4 -> G058C; scenario unresolved queue 3 occurrence(s).,米,MEDIUM,AUTO_SHAPE_DRAFT,,,SUPPORTED_SKJ_AGREES_USER_DRAFT,3
058D,壁,SUPPORTED,original_ruby_skj_reverse_mapping,RUBY.SKJ CP932 95C7 -> G058D; scenario unresolved queue 5 occurrence(s).,堅,LOW,AUTO_SHAPE_DRAFT,,,SUPPORTED_SKJ_CONFLICT_USER_DRAFT,5
058F,編,SUPPORTED,original_ruby_skj_reverse_mapping,RUBY.SKJ CP932 95D2 -> G058F; scenario unresolved queue 3 occurrence(s).,蝙,MEDIUM,AUTO_SHAPE_DRAFT,,,SUPPORTED_SKJ_CONFLICT_USER_DRAFT,3
0594,報,SUPPORTED,original_ruby_skj_reverse_mapping,RUBY.SKJ CP932 95F1 -> G0594; scenario unresolved queue 2 occurrence(s).,報,LOW,AUTO_SHAPE_DRAFT,,,SUPPORTED_SKJ_AGREES_USER_DRAFT,2
059A,豊,SUPPORTED,original_ruby_skj_reverse_mapping,RUBY.SKJ CP932 964C -> G059A; scenario unresolved queue 5 occurrence(s).,豊,HIGH,AUTO_SHAPE_DRAFT,,,SUPPORTED_SKJ_AGREES_USER_DRAFT,5
059F,望,SUPPORTED,original_ruby_skj_reverse_mapping,RUBY.SKJ CP932 965D -> G059F; scenario unresolved queue 14 occurrence(s).,望,HIGH,MANUAL_VISUAL_DRAFT,壁,높음,SUPPORTED_SKJ_AGREES_USER_DRAFT,14
05A0,北,SUPPORTED,original_ruby_skj_reverse_mapping,RUBY.SKJ CP932 966B -> G05A0; scenario unresolved queue 2 occurrence(s).,北,HIGH,AUTO_SHAPE_DRAFT,,,SUPPORTED_SKJ_AGREES_USER_DRAFT,2
05A4,妹,SUPPORTED,original_ruby_skj_reverse_mapping,RUBY.SKJ CP932 9685 -> G05A4; scenario unresolved queue 1 occurrence(s).,妹,MEDIUM,AUTO_SHAPE_DRAFT,,,SUPPORTED_SKJ_AGREES_USER_DRAFT,1
05AB,密,SUPPORTED,original_ruby_skj_reverse_mapping,RUBY.SKJ CP932 96A7 -> G05AB; scenario unresolved queue 2 occurrence(s).,密,LOW,AUTO_SHAPE_DRAFT,,,SUPPORTED_SKJ_AGREES_USER_DRAFT,2
05B0,迷,SUPPORTED,original_ruby_skj_reverse_mapping,RUBY.SKJ CP932 96C0 -> G05B0; scenario unresolved queue 7 occurrence(s).,迷,MEDIUM,AUTO_SHAPE_DRAFT,,,SUPPORTED_SKJ_AGREES_USER_DRAFT,7
05B2,黙,SUPPORTED,original_ruby_skj_reverse_mapping,RUBY.SKJ CP932 96D9 -> G05B2; scenario unresolved queue 3 occurrence(s).,黙,MEDIUM,AUTO_SHAPE_DRAFT,,,SUPPORTED_SKJ_AGREES_USER_DRAFT,3
05B4,問,SUPPORTED,original_ruby_skj_reverse_mapping,RUBY.SKJ CP932 96E2 -> G05B4; scenario unresolved queue 8 occurrence(s).,問,LOW,AUTO_SHAPE_DRAFT,,,SUPPORTED_SKJ_AGREES_USER_DRAFT,8
05B6,夜,SUPPORTED,original_ruby_skj_reverse_mapping,RUBY.SKJ CP932 96E9 -> G05B6; scenario unresolved queue 13 occurrence(s).,夜,HIGH,MANUAL_VISUAL_DRAFT,反,높음,SUPPORTED_SKJ_AGREES_USER_DRAFT,13
05B7,野,SUPPORTED,original_ruby_skj_reverse_mapping,RUBY.SKJ CP932 96EC -> G05B7; scenario unresolved queue 9 occurrence(s).,野,HIGH,MANUAL_VISUAL_DRAFT,聴?,낮음,SUPPORTED_SKJ_AGREES_USER_DRAFT,9
05B8,訳,SUPPORTED,original_ruby_skj_reverse_mapping,RUBY.SKJ CP932 96F3 -> G05B8; scenario unresolved queue 2 occurrence(s).,訴,LOW,AUTO_SHAPE_DRAFT,,,SUPPORTED_SKJ_CONFLICT_USER_DRAFT,2
05BF,裕,SUPPORTED,original_ruby_skj_reverse_mapping,RUBY.SKJ CP932 9754 -> G05BF; scenario unresolved queue 1 occurrence(s).,裕,LOW,AUTO_SHAPE_DRAFT,,,SUPPORTED_SKJ_AGREES_USER_DRAFT,1
05C1,郵,SUPPORTED,original_ruby_skj_reverse_mapping,RUBY.SKJ CP932 9758 -> G05C1; scenario unresolved queue 5 occurrence(s).,郵,HIGH,AUTO_SHAPE_DRAFT,,,SUPPORTED_SKJ_AGREES_USER_DRAFT,5
05C3,夕,SUPPORTED,original_ruby_skj_reverse_mapping,RUBY.SKJ CP932 975B -> G05C3; scenario unresolved queue 2 occurrence(s).,夕,MEDIUM,AUTO_SHAPE_DRAFT,,,SUPPORTED_SKJ_AGREES_USER_DRAFT,2
05C5,余,SUPPORTED,original_ruby_skj_reverse_mapping,RUBY.SKJ CP932 975D -> G05C5; scenario unresolved queue 4 occurrence(s).,余,LOW,AUTO_SHAPE_DRAFT,,,SUPPORTED_SKJ_AGREES_USER_DRAFT,4
05C7,幼,SUPPORTED,original_ruby_skj_reverse_mapping,RUBY.SKJ CP932 9763 -> G05C7; scenario unresolved queue 1 occurrence(s).,劾,MEDIUM,AUTO_SHAPE_DRAFT,,,SUPPORTED_SKJ_CONFLICT_USER_DRAFT,1
05D2,覧,SUPPORTED,original_ruby_skj_reverse_mapping,RUBY.SKJ CP932 9797 -> G05D2; scenario unresolved queue 2 occurrence(s).,覧,MEDIUM,AUTO_SHAPE_DRAFT,,,SUPPORTED_SKJ_AGREES_USER_DRAFT,2
05D6,留,SUPPORTED,original_ruby_skj_reverse_mapping,RUBY.SKJ CP932 97AF -> G05D6; scenario unresolved queue 5 occurrence(s).,蛮,LOW,AUTO_SHAPE_DRAFT,,,SUPPORTED_SKJ_CONFLICT_USER_DRAFT,5
05DF,例,SUPPORTED,original_ruby_skj_reverse_mapping,RUBY.SKJ CP932 97E1 -> G05DF; scenario unresolved queue 4 occurrence(s).,例,MEDIUM,AUTO_SHAPE_DRAFT,,,SUPPORTED_SKJ_AGREES_USER_DRAFT,4
05E5,練,SUPPORTED,original_ruby_skj_reverse_mapping,RUBY.SKJ CP932 97FB -> G05E5; scenario unresolved queue 1 occurrence(s).,練,HIGH,AUTO_SHAPE_DRAFT,,,SUPPORTED_SKJ_AGREES_USER_DRAFT,1
05F0,俺,SUPPORTED,original_ruby_skj_reverse_mapping,RUBY.SKJ CP932 89B4 -> G05F0; scenario unresolved queue 2 occurrence(s).,俺,MEDIUM,AUTO_SHAPE_DRAFT,,,SUPPORTED_SKJ_AGREES_USER_DRAFT,2
05F1,浄,SUPPORTED,original_ruby_skj_reverse_mapping,RUBY.SKJ CP932 8FF2 -> G05F1; scenario unresolved queue 1 occurrence(s).,浄,LOW,AUTO_SHAPE_DRAFT,,,SUPPORTED_SKJ_AGREES_USER_DRAFT,1
05F2,疑,SUPPORTED,original_ruby_skj_reverse_mapping,RUBY.SKJ CP932 8B5E -> G05F2; scenario unresolved queue 1 occurrence(s).,疑,MEDIUM,AUTO_SHAPE_DRAFT,,,SUPPORTED_SKJ_AGREES_USER_DRAFT,1
05FB,善,SUPPORTED,original_ruby_skj_reverse_mapping,RUBY.SKJ CP932 9150 -> G05FB; scenario unresolved queue 1 occurrence(s).,善,HIGH,AUTO_SHAPE_DRAFT,,,SUPPORTED_SKJ_AGREES_USER_DRAFT,1
0607,策,SUPPORTED,original_ruby_skj_reverse_mapping,RUBY.SKJ CP932 8DF4 -> G0607; scenario unresolved queue 1 occurrence(s).,策,HIGH,AUTO_SHAPE_DRAFT,,,SUPPORTED_SKJ_AGREES_USER_DRAFT,1
060A,脅,SUPPORTED,original_ruby_skj_reverse_mapping,RUBY.SKJ CP932 8BBA -> G060A; scenario unresolved queue 1 occurrence(s).,脅,MEDIUM,AUTO_SHAPE_DRAFT,,,SUPPORTED_SKJ_AGREES_USER_DRAFT,1
060C,奉,SUPPORTED,original_ruby_skj_reverse_mapping,RUBY.SKJ CP932 95F2 -> G060C; scenario unresolved queue 5 occurrence(s).,奉,LOW,AUTO_SHAPE_DRAFT,,,SUPPORTED_SKJ_AGREES_USER_DRAFT,5
0612,房,SUPPORTED,original_ruby_skj_reverse_mapping,RUBY.SKJ CP932 965B -> G0612; scenario unresolved queue 2 occurrence(s).,戻,LOW,AUTO_SHAPE_DRAFT,,,SUPPORTED_SKJ_CONFLICT_USER_DRAFT,2
0614,巣,SUPPORTED,original_ruby_skj_reverse_mapping,RUBY.SKJ CP932 9183 -> G0614; scenario unresolved queue 1 occurrence(s).,巣,HIGH,AUTO_SHAPE_DRAFT,,,SUPPORTED_SKJ_AGREES_USER_DRAFT,1
0618,勤,SUPPORTED,original_ruby_skj_reverse_mapping,RUBY.SKJ CP932 8BCE -> G0618; scenario unresolved queue 2 occurrence(s).,勤,MEDIUM,AUTO_SHAPE_DRAFT,,,SUPPORTED_SKJ_AGREES_USER_DRAFT,2
061A,嘘,SUPPORTED,original_ruby_skj_reverse_mapping,RUBY.SKJ CP932 8952 -> G061A; scenario unresolved queue 1 occurrence(s).,墟,MEDIUM,AUTO_SHAPE_DRAFT,,,SUPPORTED_SKJ_CONFLICT_USER_DRAFT,1
0628,慕,SUPPORTED,original_ruby_skj_reverse_mapping,RUBY.SKJ CP932 95E7 -> G0628; scenario unresolved queue 1 occurrence(s).,幕,MEDIUM,AUTO_SHAPE_DRAFT,,,SUPPORTED_SKJ_CONFLICT_USER_DRAFT,1
062D,壮,SUPPORTED,original_ruby_skj_reverse_mapping,RUBY.SKJ CP932 9173 -> G062D; scenario unresolved queue 5 occurrence(s).,壮,MEDIUM,AUTO_SHAPE_DRAFT,,,SUPPORTED_SKJ_AGREES_USER_DRAFT,5
0634,哀,SUPPORTED,original_ruby_skj_reverse_mapping,RUBY.SKJ CP932 88A3 -> G0634; scenario unresolved queue 1 occurrence(s).,哀,MEDIUM,AUTO_SHAPE_DRAFT,,,SUPPORTED_SKJ_AGREES_USER_DRAFT,1
063A,縁,SUPPORTED,original_ruby_skj_reverse_mapping,RUBY.SKJ CP932 898F -> G063A; scenario unresolved queue 1 occurrence(s).,縁,MEDIUM,AUTO_SHAPE_DRAFT,,,SUPPORTED_SKJ_AGREES_USER_DRAFT,1
063D,徹,SUPPORTED,original_ruby_skj_reverse_mapping,RUBY.SKJ CP932 934F -> G063D; scenario unresolved queue 2 occurrence(s).,撤,MEDIUM,AUTO_SHAPE_DRAFT,,,SUPPORTED_SKJ_CONFLICT_USER_DRAFT,2
0642,臨,SUPPORTED,original_ruby_skj_reverse_mapping,RUBY.SKJ CP932 97D5 -> G0642; scenario unresolved queue 2 occurrence(s).,臨,HIGH,AUTO_SHAPE_DRAFT,,,SUPPORTED_SKJ_AGREES_USER_DRAFT,2
0644,隣,SUPPORTED,original_ruby_skj_reverse_mapping,RUBY.SKJ CP932 97D7 -> G0644; scenario unresolved queue 3 occurrence(s).,隣,MEDIUM,AUTO_SHAPE_DRAFT,,,SUPPORTED_SKJ_AGREES_USER_DRAFT,3
0653,刈,SUPPORTED,original_ruby_skj_reverse_mapping,RUBY.SKJ CP932 8AA0 -> G0653; scenario unresolved queue 1 occurrence(s).,刈,MEDIUM,AUTO_SHAPE_DRAFT,,,SUPPORTED_SKJ_AGREES_USER_DRAFT,1
065A,覗,SUPPORTED,original_ruby_skj_reverse_mapping,RUBY.SKJ CP932 9460 -> G065A; scenario unresolved queue 1 occurrence(s).,覗,HIGH,AUTO_SHAPE_DRAFT,,,SUPPORTED_SKJ_AGREES_USER_DRAFT,1
0663,絆,SUPPORTED,original_ruby_skj_reverse_mapping,RUBY.SKJ CP932 E34A -> G0663; scenario unresolved queue 1 occurrence(s).,絆,LOW,AUTO_SHAPE_DRAFT,,,SUPPORTED_SKJ_AGREES_USER_DRAFT,1
0667,貫,SUPPORTED,original_ruby_skj_reverse_mapping,RUBY.SKJ CP932 8AD1 -> G0667; scenario unresolved queue 1 occurrence(s).,晨,MEDIUM,AUTO_SHAPE_DRAFT,,,SUPPORTED_SKJ_CONFLICT_USER_DRAFT,1
066D,懐,SUPPORTED,original_ruby_skj_reverse_mapping,RUBY.SKJ CP932 89F9 -> G066D; scenario unresolved queue 1 occurrence(s).,懷,MEDIUM,AUTO_SHAPE_DRAFT,,,SUPPORTED_SKJ_CONFLICT_USER_DRAFT,1
066F,懸,SUPPORTED,original_ruby_skj_reverse_mapping,RUBY.SKJ CP932 8C9C -> G066F; scenario unresolved queue 2 occurrence(s).,懸,LOW,AUTO_SHAPE_DRAFT,,,SUPPORTED_SKJ_AGREES_USER_DRAFT,2
0671,墟,SUPPORTED,original_ruby_skj_reverse_mapping,RUBY.SKJ CP932 9AD0 -> G0671; scenario unresolved queue 1 occurrence(s).,墟,LOW,AUTO_SHAPE_DRAFT,,,SUPPORTED_SKJ_AGREES_USER_DRAFT,1
0689,朴,SUPPORTED,original_ruby_skj_reverse_mapping,RUBY.SKJ CP932 9670 -> G0689; scenario unresolved queue 1 occurrence(s).,朴,LOW,AUTO_SHAPE_DRAFT,,,SUPPORTED_SKJ_AGREES_USER_DRAFT,1
0690,凡,SUPPORTED,original_ruby_skj_reverse_mapping,RUBY.SKJ CP932 967D -> G0690; scenario unresolved queue 1 occurrence(s).,凡,HIGH,AUTO_SHAPE_DRAFT,,,SUPPORTED_SKJ_AGREES_USER_DRAFT,1
0691,紫,SUPPORTED,original_ruby_skj_reverse_mapping,RUBY.SKJ CP932 8E87 -> G0691; scenario unresolved queue 5 occurrence(s).,紫,MEDIUM,AUTO_SHAPE_DRAFT,,,SUPPORTED_SKJ_AGREES_USER_DRAFT,5
0698,揚,SUPPORTED,original_ruby_skj_reverse_mapping,RUBY.SKJ CP932 9767 -> G0698; scenario unresolved queue 1 occurrence(s).,榻,MEDIUM,AUTO_SHAPE_DRAFT,,,SUPPORTED_SKJ_CONFLICT_USER_DRAFT,1
069A,雇,SUPPORTED,original_ruby_skj_reverse_mapping,RUBY.SKJ CP932 8CD9 -> G069A; scenario unresolved queue 1 occurrence(s).,鏖,LOW,AUTO_SHAPE_DRAFT,,,SUPPORTED_SKJ_CONFLICT_USER_DRAFT,1
06AA,候,SUPPORTED,original_ruby_skj_reverse_mapping,RUBY.SKJ CP932 8CF3 -> G06AA; scenario unresolved queue 1 occurrence(s).,候,HIGH,AUTO_SHAPE_DRAFT,,,SUPPORTED_SKJ_AGREES_USER_DRAFT,1
06B2,炊,SUPPORTED,original_ruby_skj_reverse_mapping,RUBY.SKJ CP932 9086 -> G06B2; scenario unresolved queue 1 occurrence(s).,炊,MEDIUM,AUTO_SHAPE_DRAFT,,,SUPPORTED_SKJ_AGREES_USER_DRAFT,1
06B5,赦,SUPPORTED,original_ruby_skj_reverse_mapping,RUBY.SKJ CP932 8ECD -> G06B5; scenario unresolved queue 1 occurrence(s).,赦,MEDIUM,AUTO_SHAPE_DRAFT,,,SUPPORTED_SKJ_AGREES_USER_DRAFT,1
06C1,核,SUPPORTED,original_ruby_skj_reverse_mapping,RUBY.SKJ CP932 8A6A -> G06C1; scenario unresolved queue 1 occurrence(s).,核,MEDIUM,AUTO_SHAPE_DRAFT,,,SUPPORTED_SKJ_AGREES_USER_DRAFT,1
06CD,賞,SUPPORTED,original_ruby_skj_reverse_mapping,RUBY.SKJ CP932 8FDC -> G06CD; scenario unresolved queue 2 occurrence(s).,嘗,LOW,AUTO_SHAPE_DRAFT,,,SUPPORTED_SKJ_CONFLICT_USER_DRAFT,2
06D0,憎,SUPPORTED,original_ruby_skj_reverse_mapping,RUBY.SKJ CP932 919E -> G06D0; scenario unresolved queue 3 occurrence(s).,憎,LOW,AUTO_SHAPE_DRAFT,,,SUPPORTED_SKJ_AGREES_USER_DRAFT,3
06E2,孝,SUPPORTED,original_ruby_skj_reverse_mapping,RUBY.SKJ CP932 8D46 -> G06E2; scenario unresolved queue 2 occurrence(s).,孝,MEDIUM,AUTO_SHAPE_DRAFT,,,SUPPORTED_SKJ_AGREES_USER_DRAFT,2
06E4,舵,SUPPORTED,original_ruby_skj_reverse_mapping,RUBY.SKJ CP932 91C7 -> G06E4; scenario unresolved queue 2 occurrence(s).,眩,LOW,AUTO_SHAPE_DRAFT,,,SUPPORTED_SKJ_CONFLICT_USER_DRAFT,2
06E5,駄,SUPPORTED,original_ruby_skj_reverse_mapping,RUBY.SKJ CP932 91CA -> G06E5; scenario unresolved queue 1 occurrence(s).,駄,HIGH,AUTO_SHAPE_DRAFT,,,SUPPORTED_SKJ_AGREES_USER_DRAFT,1
06E6,慌,SUPPORTED,original_ruby_skj_reverse_mapping,RUBY.SKJ CP932 8D51 -> G06E6; scenario unresolved queue 1 occurrence(s).,慌,MEDIUM,AUTO_SHAPE_DRAFT,,,SUPPORTED_SKJ_AGREES_USER_DRAFT,1
06EA,芸,SUPPORTED,original_ruby_skj_reverse_mapping,RUBY.SKJ CP932 8C7C -> G06EA; scenario unresolved queue 14 occurrence(s).,共,HIGH,MANUAL_VISUAL_DRAFT,岩,높음,SUPPORTED_SKJ_CONFLICT_USER_DRAFT,14
06FB,濯,SUPPORTED,original_ruby_skj_reverse_mapping,RUBY.SKJ CP932 91F3 -> G06FB; scenario unresolved queue 1 occurrence(s).,曜,LOW,AUTO_SHAPE_DRAFT,,,SUPPORTED_SKJ_CONFLICT_USER_DRAFT,1
06FD,託,SUPPORTED,original_ruby_skj_reverse_mapping,RUBY.SKJ CP932 91F5 -> G06FD; scenario unresolved queue 3 occurrence(s).,託,LOW,AUTO_SHAPE_DRAFT,,,SUPPORTED_SKJ_AGREES_USER_DRAFT,3
0700,縛,SUPPORTED,original_ruby_skj_reverse_mapping,RUBY.SKJ CP932 949B -> G0700; scenario unresolved queue 1 occurrence(s).,縛,LOW,AUTO_SHAPE_DRAFT,,,SUPPORTED_SKJ_AGREES_USER_DRAFT,1
0706,四,SUPPORTED,original_ruby_skj_reverse_mapping,RUBY.SKJ CP932 8E6C -> G0706; scenario unresolved queue 1 occurrence(s).,四,LOW,AUTO_SHAPE_DRAFT,,,SUPPORTED_SKJ_AGREES_USER_DRAFT,1
070A,酬,SUPPORTED,original_ruby_skj_reverse_mapping,RUBY.SKJ CP932 8F56 -> G070A; scenario unresolved queue 1 occurrence(s).,酬,LOW,AUTO_SHAPE_DRAFT,,,SUPPORTED_SKJ_AGREES_USER_DRAFT,1
071B,犯,SUPPORTED,original_ruby_skj_reverse_mapping,RUBY.SKJ CP932 94C6 -> G071B; scenario unresolved queue 5 occurrence(s).,犯,MEDIUM,AUTO_SHAPE_DRAFT,,,SUPPORTED_SKJ_AGREES_USER_DRAFT,5
071C,熟,SUPPORTED,original_ruby_skj_reverse_mapping,RUBY.SKJ CP932 8F6E -> G071C; scenario unresolved queue 1 occurrence(s).,熟,LOW,AUTO_SHAPE_DRAFT,,,SUPPORTED_SKJ_AGREES_USER_DRAFT,1
071E,幕,SUPPORTED,original_ruby_skj_reverse_mapping,RUBY.SKJ CP932 968B -> G071E; scenario unresolved queue 1 occurrence(s).,幕,HIGH,AUTO_SHAPE_DRAFT,,,SUPPORTED_SKJ_AGREES_USER_DRAFT,1
0722,雰,SUPPORTED,original_ruby_skj_reverse_mapping,RUBY.SKJ CP932 95B5 -> G0722; scenario unresolved queue 1 occurrence(s).,霊,LOW,AUTO_SHAPE_DRAFT,,,SUPPORTED_SKJ_CONFLICT_USER_DRAFT,1
075C,肌,SUPPORTED,original_ruby_skj_reverse_mapping,RUBY.SKJ CP932 94A7 -> G075C; scenario unresolved queue 1 occurrence(s).,肌,MEDIUM,AUTO_SHAPE_DRAFT,,,SUPPORTED_SKJ_AGREES_USER_DRAFT,1
0765,雅,SUPPORTED,original_ruby_skj_reverse_mapping,RUBY.SKJ CP932 89EB -> G0765; scenario unresolved queue 3 occurrence(s).,雅,MEDIUM,AUTO_SHAPE_DRAFT,,,SUPPORTED_SKJ_AGREES_USER_DRAFT,3
0768,補,SUPPORTED,original_ruby_skj_reverse_mapping,RUBY.SKJ CP932 95E2 -> G0768; scenario unresolved queue 1 occurrence(s).,埔,LOW,AUTO_SHAPE_DRAFT,,,SUPPORTED_SKJ_CONFLICT_USER_DRAFT,1
076C,冑,SUPPORTED,original_ruby_skj_reverse_mapping,RUBY.SKJ CP932 9968 -> G076C; scenario unresolved queue 1 occurrence(s).,冑,MEDIUM,AUTO_SHAPE_DRAFT,,,SUPPORTED_SKJ_AGREES_USER_DRAFT,1
079D,眺,SUPPORTED,original_ruby_skj_reverse_mapping,RUBY.SKJ CP932 92AD -> G079D; scenario unresolved queue 6 occurrence(s).,眺,MEDIUM,AUTO_SHAPE_DRAFT,,,SUPPORTED_SKJ_AGREES_USER_DRAFT,6
07A0,販,SUPPORTED,original_ruby_skj_reverse_mapping,RUBY.SKJ CP932 94CC -> G07A0; scenario unresolved queue 1 occurrence(s).,版,MEDIUM,AUTO_SHAPE_DRAFT,,,SUPPORTED_SKJ_CONFLICT_USER_DRAFT,1
07A2,縦,SUPPORTED,original_ruby_skj_reverse_mapping,RUBY.SKJ CP932 8F63 -> G07A2; scenario unresolved queue 13 occurrence(s).,織,MEDIUM,MANUAL_VISUAL_DRAFT,織?,중간,SUPPORTED_SKJ_CONFLICT_USER_DRAFT,13
07CA,熊,SUPPORTED,original_ruby_skj_reverse_mapping,RUBY.SKJ CP932 8C46 -> G07CA; scenario unresolved queue 4 occurrence(s).,壟,LOW,AUTO_SHAPE_DRAFT,,,SUPPORTED_SKJ_CONFLICT_USER_DRAFT,4
07D7,鍋,SUPPORTED,original_ruby_skj_reverse_mapping,RUBY.SKJ CP932 93E7 -> G07D7; scenario unresolved queue 6 occurrence(s).,鍋,HIGH,AUTO_SHAPE_DRAFT,,,SUPPORTED_SKJ_AGREES_USER_DRAFT,6
0802,渉,SUPPORTED,original_ruby_skj_reverse_mapping,RUBY.SKJ CP932 8FC2 -> G0802; scenario unresolved queue 1 occurrence(s).,渉,LOW,AUTO_SHAPE_DRAFT,,,SUPPORTED_SKJ_AGREES_USER_DRAFT,1
0803,玄,SUPPORTED,original_ruby_skj_reverse_mapping,RUBY.SKJ CP932 8CBA -> G0803; scenario unresolved queue 2 occurrence(s).,玄,MEDIUM,AUTO_SHAPE_DRAFT,,,SUPPORTED_SKJ_AGREES_USER_DRAFT,2
0804,丁,SUPPORTED,original_ruby_skj_reverse_mapping,RUBY.SKJ CP932 929A -> G0804; scenario unresolved queue 3 occurrence(s).,了,LOW,AUTO_SHAPE_DRAFT,,,SUPPORTED_SKJ_CONFLICT_USER_DRAFT,3
0807,肖,SUPPORTED,original_ruby_skj_reverse_mapping,RUBY.SKJ CP932 8FD1 -> G0807; scenario unresolved queue 2 occurrence(s).,尚,LOW,AUTO_SHAPE_DRAFT,,,SUPPORTED_SKJ_CONFLICT_USER_DRAFT,2
0819,虎,SUPPORTED,original_ruby_skj_reverse_mapping,RUBY.SKJ CP932 8CD5 -> G0819; scenario unresolved queue 1 occurrence(s).,虎,LOW,AUTO_SHAPE_DRAFT,,,SUPPORTED_SKJ_AGREES_USER_DRAFT,1
0823,乙,SUPPORTED,original_ruby_skj_reverse_mapping,RUBY.SKJ CP932 89B3 -> G0823; scenario unresolved queue 1 occurrence(s).,乙,MEDIUM,AUTO_SHAPE_DRAFT,,,SUPPORTED_SKJ_AGREES_USER_DRAFT,1
083D,陶,SUPPORTED,original_ruby_skj_reverse_mapping,RUBY.SKJ CP932 93A9 -> G083D; scenario unresolved queue 9 occurrence(s).,胸,LOW,MANUAL_VISUAL_DRAFT,隅,높음,SUPPORTED_SKJ_CONFLICT_USER_DRAFT,9
084B,妨,SUPPORTED,original_ruby_skj_reverse_mapping,RUBY.SKJ CP932 9657 -> G084B; scenario unresolved queue 5 occurrence(s).,妨,LOW,AUTO_SHAPE_DRAFT,,,SUPPORTED_SKJ_AGREES_USER_DRAFT,5
0865,―,SUPPORTED,original_ruby_skj_reverse_mapping,RUBY.SKJ CP932 815C -> G0865; scenario unresolved queue 104 occurrence(s).,―,MEDIUM,MANUAL_VISUAL_DRAFT,―,높음,SUPPORTED_SKJ_AGREES_USER_DRAFT,104
0867,偵,SUPPORTED,original_ruby_skj_reverse_mapping,RUBY.SKJ CP932 92E3 -> G0867; scenario unresolved queue 6 occurrence(s).,倶,LOW,AUTO_SHAPE_DRAFT,,,SUPPORTED_SKJ_CONFLICT_USER_DRAFT,6
0881,傑,SUPPORTED,original_ruby_skj_reverse_mapping,RUBY.SKJ CP932 8C86 -> G0881; scenario unresolved queue 1 occurrence(s).,傑,MEDIUM,AUTO_SHAPE_DRAFT,,,SUPPORTED_SKJ_AGREES_USER_DRAFT,1
0888,需,SUPPORTED,original_ruby_skj_reverse_mapping,RUBY.SKJ CP932 8EF9 -> G0888; scenario unresolved queue 2 occurrence(s).,壽,LOW,AUTO_SHAPE_DRAFT,,,SUPPORTED_SKJ_CONFLICT_USER_DRAFT,2
0896,筒,SUPPORTED,original_ruby_skj_reverse_mapping,RUBY.SKJ CP932 939B -> G0896; scenario unresolved queue 10 occurrence(s).,間,HIGH,MANUAL_VISUAL_DRAFT,向,높음,SUPPORTED_SKJ_CONFLICT_USER_DRAFT,10
089A,猫,SUPPORTED,original_ruby_skj_reverse_mapping,RUBY.SKJ CP932 944C -> G089A; scenario unresolved queue 3 occurrence(s).,猫,MEDIUM,AUTO_SHAPE_DRAFT,,,SUPPORTED_SKJ_AGREES_USER_DRAFT,3
08A0,腐,SUPPORTED,original_ruby_skj_reverse_mapping,RUBY.SKJ CP932 9585 -> G08A0; scenario unresolved queue 2 occurrence(s).,腐,LOW,AUTO_SHAPE_DRAFT,,,SUPPORTED_SKJ_AGREES_USER_DRAFT,2
08A4,裸,SUPPORTED,original_ruby_skj_reverse_mapping,RUBY.SKJ CP932 9787 -> G08A4; scenario unresolved queue 1 occurrence(s).,裸,HIGH,AUTO_SHAPE_DRAFT,,,SUPPORTED_SKJ_AGREES_USER_DRAFT,1
08A5,猟,SUPPORTED,original_ruby_skj_reverse_mapping,RUBY.SKJ CP932 97C2 -> G08A5; scenario unresolved queue 2 occurrence(s).,猟,HIGH,AUTO_SHAPE_DRAFT,,,SUPPORTED_SKJ_AGREES_USER_DRAFT,2
08A8,掟,SUPPORTED,original_ruby_skj_reverse_mapping,RUBY.SKJ CP932 9D7C -> G08A8; scenario unresolved queue 5 occurrence(s).,掟,HIGH,AUTO_SHAPE_DRAFT,,,SUPPORTED_SKJ_AGREES_USER_DRAFT,5
08B5,鐘,SUPPORTED,original_ruby_skj_reverse_mapping,RUBY.SKJ CP932 8FE0 -> G08B5; scenario unresolved queue 1 occurrence(s).,橦,LOW,AUTO_SHAPE_DRAFT,,,SUPPORTED_SKJ_CONFLICT_USER_DRAFT,1
