id,category,sub_category,source_file,inner_file,record_id,scene_id,string_index,original_offset,pointer_offset,jp_raw_hex,jp_text,kr_text,kr_encoded_hex,speaker,control_codes,status,game_verified,translator_note,review_note
ENEMY_0002_NAME,ENEMY,enemy_name,SYS/GR3.MDZ,GR3.MDT,1,,1,0x1A3120,,D5 B5 52 F9,ピコΑ,UNTRANSLATED,UNASSIGNED,,[],UNTRANSLATED,NO,GR3 enemy record local text pool의 첫 문자열.,first_action=通常攻撃; record_offset=0x1A3000; record_size=0x379
ENEMY_0003_NAME,ENEMY,enemy_name,SYS/GR3.MDZ,GR3.MDT,2,,2,0x1A34B0,,D5 B5 52 F9,ピコΑ,UNTRANSLATED,UNASSIGNED,,[],UNTRANSLATED,NO,GR3 enemy record local text pool의 첫 문자열.,first_action=通常攻撃; record_offset=0x1A3380; record_size=0x2D7
ENEMY_0004_NAME,ENEMY,enemy_name,SYS/GR3.MDZ,GR3.MDT,3,,3,0x1A37A0,,D5 B5 52 F9,ピコΑ,UNTRANSLATED,UNASSIGNED,,[],UNTRANSLATED,NO,GR3 enemy record local text pool의 첫 문자열.,first_action=通常攻撃; record_offset=0x1A3680; record_size=0x40A
ENEMY_0005_NAME,ENEMY,enemy_name,SYS/GR3.MDZ,GR3.MDT,4,,4,0x1A3BB0,,D5 B5 52 F9,ピコΑ,UNTRANSLATED,UNASSIGNED,,[],UNTRANSLATED,NO,GR3 enemy record local text pool의 첫 문자열.,first_action=通常攻撃; record_offset=0x1A3B00; record_size=0x3BA
ENEMY_0006_NAME,ENEMY,enemy_name,SYS/GR3.MDZ,GR3.MDT,5,,5,0x1A3FF0,,D5 B5 53 F9,ピコΓ,UNTRANSLATED,UNASSIGNED,,[],UNTRANSLATED,NO,GR3 enemy record local text pool의 첫 문자열.,first_action=通常攻撃; record_offset=0x1A3F00; record_size=0x561
ENEMY_0007_NAME,ENEMY,enemy_name,SYS/GR3.MDZ,GR3.MDT,6,,6,0x1A4570,,D5 B5 53 F9,ピコΓ,UNTRANSLATED,UNASSIGNED,,[],UNTRANSLATED,NO,GR3 enemy record local text pool의 첫 문자열.,first_action=通常攻撃; record_offset=0x1A4480; record_size=0x470
ENEMY_0008_NAME,ENEMY,enemy_name,SYS/GR3.MDZ,GR3.MDT,7,,7,0x1A4A10,,D5 B5 54 F9,ピコΩ,UNTRANSLATED,UNASSIGNED,,[],UNTRANSLATED,NO,GR3 enemy record local text pool의 첫 문자열.,first_action=通常攻撃; record_offset=0x1A4900; record_size=0x3AD
ENEMY_0009_NAME,ENEMY,enemy_name,SYS/GR3.MDZ,GR3.MDT,8,,8,0x1A4DE0,,BE D8 C9 ED 55 F9,ゼプトルΦ,UNTRANSLATED,UNASSIGNED,,[],UNTRANSLATED,NO,GR3 enemy record local text pool의 첫 문자열.,first_action=通常攻撃; record_offset=0x1A4D00; record_size=0x462
ENEMY_0010_NAME,ENEMY,enemy_name,SYS/GR3.MDZ,GR3.MDT,9,,9,0x1A5280,,BE D8 C9 ED 54 F9,ゼプトルΩ,UNTRANSLATED,UNASSIGNED,,[],UNTRANSLATED,NO,GR3 enemy record local text pool의 첫 문자열.,first_action=通常攻撃; record_offset=0x1A5180; record_size=0x462
ENEMY_0011_NAME,ENEMY,enemy_name,SYS/GR3.MDZ,GR3.MDT,10,,10,0x1A5700,,BE D8 C9 ED 54 F9,ゼプトルΩ,UNTRANSLATED,UNASSIGNED,,[],UNTRANSLATED,NO,GR3 enemy record local text pool의 첫 문자열.,first_action=通常攻撃; record_offset=0x1A5600; record_size=0x38E
ENEMY_0012_NAME,ENEMY,enemy_name,SYS/GR3.MDZ,GR3.MDT,11,,11,0x1A5AC0,,A4 C9 EA 56 F9,アトンΒ,UNTRANSLATED,UNASSIGNED,,[],UNTRANSLATED,NO,GR3 enemy record local text pool의 첫 문자열.,first_action=通常攻撃; record_offset=0x1A5A00; record_size=0x325
ENEMY_0013_NAME,ENEMY,enemy_name,SYS/GR3.MDZ,GR3.MDT,12,,12,0x1A5E60,,A4 C9 EA 56 F9,アトンΒ,UNTRANSLATED,UNASSIGNED,,[],UNTRANSLATED,NO,GR3 enemy record local text pool의 첫 문자열.,first_action=通常攻撃; record_offset=0x1A5D80; record_size=0x4F6
ENEMY_0014_NAME,ENEMY,enemy_name,SYS/GR3.MDZ,GR3.MDT,13,,13,0x1A6380,,A4 C9 EA 57 F9,アトンΛ,UNTRANSLATED,UNASSIGNED,,[],UNTRANSLATED,NO,GR3 enemy record local text pool의 첫 문자열.,first_action=通常攻撃; record_offset=0x1A6280; record_size=0x468
ENEMY_0015_NAME,ENEMY,enemy_name,SYS/GR3.MDZ,GR3.MDT,14,,14,0x1A6800,,A4 C9 EA 38 F9,アトンΔ,UNTRANSLATED,UNASSIGNED,,[],UNTRANSLATED,NO,GR3 enemy record local text pool의 첫 문자열.,first_action=通常攻撃; record_offset=0x1A6700; record_size=0x5C5
ENEMY_0016_NAME,ENEMY,enemy_name,SYS/GR3.MDZ,GR3.MDT,15,,15,0x1A6DC0,,A4 C9 EA 38 F9,アトンΔ,UNTRANSLATED,UNASSIGNED,,[],UNTRANSLATED,NO,GR3 enemy record local text pool의 첫 문자열.,first_action=通常攻撃; record_offset=0x1A6D00; record_size=0x590
ENEMY_0017_NAME,ENEMY,enemy_name,SYS/GR3.MDZ,GR3.MDT,16,,16,0x1A73A0,,A4 C9 EA 54 F9,アトンΩ,UNTRANSLATED,UNASSIGNED,,[],UNTRANSLATED,NO,GR3 enemy record local text pool의 첫 문자열.,first_action=通常攻撃; record_offset=0x1A7300; record_size=0x590
ENEMY_0018_NAME,ENEMY,enemy_name,SYS/GR3.MDZ,GR3.MDT,17,,17,0x1A79A0,,A4 C9 EA 54 F9,アトンΩ,UNTRANSLATED,UNASSIGNED,,[],UNTRANSLATED,NO,GR3 enemy record local text pool의 첫 문자열.,first_action=通常攻撃; record_offset=0x1A7900; record_size=0x24A
ENEMY_0019_NAME,ENEMY,enemy_name,SYS/GR3.MDZ,GR3.MDT,18,,18,0x1A7CA0,,B0 AE BB 58 F9,ギガスΘ,UNTRANSLATED,UNASSIGNED,,[],UNTRANSLATED,NO,GR3 enemy record local text pool의 첫 문자열.,first_action=通常攻撃; record_offset=0x1A7B80; record_size=0x2E7
ENEMY_0020_NAME,ENEMY,enemy_name,SYS/GR3.MDZ,GR3.MDT,19,,19,0x1A7FB0,,B0 AE BB 58 F9,ギガスΘ,UNTRANSLATED,UNASSIGNED,,[],UNTRANSLATED,NO,GR3 enemy record local text pool의 첫 문자열.,first_action=通常攻撃; record_offset=0x1A7E80; record_size=0x332
ENEMY_0021_NAME,ENEMY,enemy_name,SYS/GR3.MDZ,GR3.MDT,20,,20,0x1A82F0,,B0 AE BB 59 F9,ギガスΠ,UNTRANSLATED,UNASSIGNED,,[],UNTRANSLATED,NO,GR3 enemy record local text pool의 첫 문자열.,first_action=通常攻撃; record_offset=0x1A8200; record_size=0x397
ENEMY_0022_NAME,ENEMY,enemy_name,SYS/GR3.MDZ,GR3.MDT,21,,21,0x1A86D0,,B0 AE BB 54 F9,ギガスΩ,UNTRANSLATED,UNASSIGNED,,[],UNTRANSLATED,NO,GR3 enemy record local text pool의 첫 문자열.,first_action=通常攻撃; record_offset=0x1A8600; record_size=0x397
ENEMY_0023_NAME,ENEMY,enemy_name,SYS/GR3.MDZ,GR3.MDT,22,,22,0x1A8AD0,,B0 AE BB 54 F9,ギガスΩ,UNTRANSLATED,UNASSIGNED,,[],UNTRANSLATED,NO,GR3 enemy record local text pool의 첫 문자열.,first_action=通常攻撃; record_offset=0x1A8A00; record_size=0x19F
ENEMY_0024_NAME,ENEMY,enemy_name,SYS/GR3.MDZ,GR3.MDT,23,,23,0x1A8D00,,C7 A5 EB 27 5A F9,ティラーΞ,UNTRANSLATED,UNASSIGNED,,[],UNTRANSLATED,NO,GR3 enemy record local text pool의 첫 문자열.,first_action=通常攻撃; record_offset=0x1A8C00; record_size=0x19F
ENEMY_0025_NAME,ENEMY,enemy_name,SYS/GR3.MDZ,GR3.MDT,24,,24,0x1A8F00,,C7 A5 EB 27 54 F9,ティラーΩ,UNTRANSLATED,UNASSIGNED,,[],UNTRANSLATED,NO,GR3 enemy record local text pool의 첫 문자열.,first_action=通常攻撃; record_offset=0x1A8E00; record_size=0x480
ENEMY_0026_NAME,ENEMY,enemy_name,SYS/GR3.MDZ,GR3.MDT,25,,25,0x1A93A0,,AA B1 B7 A6 BB 5B F9,エクサイスΣ,UNTRANSLATED,UNASSIGNED,,[],UNTRANSLATED,NO,GR3 enemy record local text pool의 첫 문자열.,first_action=通常攻撃; record_offset=0x1A9280; record_size=0x616
ENEMY_0027_NAME,ENEMY,enemy_name,SYS/GR3.MDZ,GR3.MDT,26,,26,0x1A9990,,AA B1 B7 A6 BB 5B F9,エクサイスΣ,UNTRANSLATED,UNASSIGNED,,[],UNTRANSLATED,NO,GR3 enemy record local text pool의 첫 문자열.,first_action=通常攻撃; record_offset=0x1A9900; record_size=0x5CA
ENEMY_0028_NAME,ENEMY,enemy_name,SYS/GR3.MDZ,GR3.MDT,27,,27,0x1A9FC0,,AA B1 B7 A6 BB 54 F9,エクサイスΩ,UNTRANSLATED,UNASSIGNED,,[],UNTRANSLATED,NO,GR3 enemy record local text pool의 첫 문자열.,first_action=通常攻撃; record_offset=0x1A9F00; record_size=0x650
ENEMY_0029_NAME,ENEMY,enemy_name,SYS/GR3.MDZ,GR3.MDT,28,,28,0x1AA650,,AA B1 B7 A6 BB 5C F9,エクサイスΨ,UNTRANSLATED,UNASSIGNED,,[],UNTRANSLATED,NO,GR3 enemy record local text pool의 첫 문자열.,first_action=通常攻撃; record_offset=0x1AA580; record_size=0x371
ENEMY_0030_NAME,ENEMY,enemy_name,SYS/GR3.MDZ,GR3.MDT,29,,29,0x1AAA30,,CA A7 A4 E1 C7 D6,ドゥアムテフ,UNTRANSLATED,UNASSIGNED,,[],UNTRANSLATED,NO,GR3 enemy record local text pool의 첫 문자열.,first_action=通常攻撃; record_offset=0x1AA900; record_size=0x3EB
ENEMY_0031_NAME,ENEMY,enemy_name,SYS/GR3.MDZ,GR3.MDT,30,,30,0x1AAE10,,EB BB C9 AE 27 C8 A5 A4 EA,ラストガーディアン,UNTRANSLATED,UNASSIGNED,,[],UNTRANSLATED,NO,GR3 enemy record local text pool의 첫 문자열.,first_action=通常攻撃; record_offset=0x1AAD00; record_size=0x1BF
ENEMY_0032_NAME,ENEMY,enemy_name,SYS/GR3.MDZ,GR3.MDT,31,,31,0x1AB020,,AE 27 C8 A5 A4 EA,ガーディアン,UNTRANSLATED,UNASSIGNED,,[],UNTRANSLATED,NO,GR3 enemy record local text pool의 첫 문자열.,first_action=通常攻撃; record_offset=0x1AAF00; record_size=0x4FD
ENEMY_0033_NAME,ENEMY,enemy_name,SYS/GR3.MDZ,GR3.MDT,32,,32,0x1AB510,,CD F0 C8 F1 80 4A F0 57 F0 50 F1,死霊の魔道士,UNTRANSLATED,UNASSIGNED,,[],UNTRANSLATED,NO,GR3 enemy record local text pool의 첫 문자열.,first_action=通常攻撃; record_offset=0x1AB400; record_size=0x4FD
ENEMY_0034_NAME,ENEMY,enemy_name,SYS/GR3.MDZ,GR3.MDT,33,,33,0x1ABA10,,CD F0 C8 F1 80 4A F0 57 F0 50 F1,死霊の魔道士,UNTRANSLATED,UNASSIGNED,,[],UNTRANSLATED,NO,GR3 enemy record local text pool의 첫 문자열.,first_action=通常攻撃; record_offset=0x1AB900; record_size=0x46B
ENEMY_0035_NAME,ENEMY,enemy_name,SYS/GR3.MDZ,GR3.MDT,34,,34,0x1ABE90,,EC C4 C3,リッチ,UNTRANSLATED,UNASSIGNED,,[],UNTRANSLATED,NO,GR3 enemy record local text pool의 첫 문자열.,first_action=通常攻撃; record_offset=0x1ABD80; record_size=0x3AE
ENEMY_0036_NAME,ENEMY,enemy_name,SYS/GR3.MDZ,GR3.MDT,35,,35,0x1AC270,,7B F2 C8 F1,怨霊,UNTRANSLATED,UNASSIGNED,,[],UNTRANSLATED,NO,GR3 enemy record local text pool의 첫 문자열.,first_action=通常攻撃; record_offset=0x1AC180; record_size=0x1A2
ENEMY_0037_NAME,ENEMY,enemy_name,SYS/GR3.MDZ,GR3.MDT,36,,36,0x1AC480,,C8 27 E3 EA A8 AB 27 EC A4,デーモンウォーリア,UNTRANSLATED,UNASSIGNED,,[],UNTRANSLATED,NO,GR3 enemy record local text pool의 첫 문자열.,first_action=通常攻撃; record_offset=0x1AC380; record_size=0x1A2
ENEMY_0038_NAME,ENEMY,enemy_name,SYS/GR3.MDZ,GR3.MDT,37,,37,0x1AC680,,B2 EE 27 C1 27 C8 27 E3 EA,グレーターデーモン,UNTRANSLATED,UNASSIGNED,,[],UNTRANSLATED,NO,GR3 enemy record local text pool의 첫 문자열.,first_action=通常攻撃; record_offset=0x1AC580; record_size=0x44A
ENEMY_0039_NAME,ENEMY,enemy_name,SYS/GR3.MDZ,GR3.MDT,38,,38,0x1ACAF0,,DA F1 7B F5 80 CD B9,砂漠のヌシ,UNTRANSLATED,UNASSIGNED,,[],UNTRANSLATED,NO,GR3 enemy record local text pool의 첫 문자열.,first_action=通常攻撃; record_offset=0x1ACA00; record_size=0x1A0
ENEMY_0040_NAME,ENEMY,enemy_name,SYS/GR3.MDZ,GR3.MDT,39,,39,0x1ACD00,,C0 27 EA D4 27 BB C9,ゾーンビースト,UNTRANSLATED,UNASSIGNED,,[],UNTRANSLATED,NO,GR3 enemy record local text pool의 첫 문자열.,first_action=通常攻撃; record_offset=0x1ACC00; record_size=0x421
ENEMY_0041_NAME,ENEMY,enemy_name,SYS/GR3.MDZ,GR3.MDT,40,,40,0x1AD150,,EE C4 CA D4 27 BB C9,レッドビースト,UNTRANSLATED,UNASSIGNED,,[],UNTRANSLATED,NO,GR3 enemy record local text pool의 첫 문자열.,first_action=通常攻撃; record_offset=0x1AD080; record_size=0x1A1
ENEMY_0042_NAME,ENEMY,enemy_name,SYS/GR3.MDZ,GR3.MDT,41,,41,0x1AD380,,C9 27 C9 B9 E6 C1 27 ED,トートシュタール,UNTRANSLATED,UNASSIGNED,,[],UNTRANSLATED,NO,GR3 enemy record local text pool의 첫 문자열.,first_action=通常攻撃; record_offset=0x1AD280; record_size=0x19E
ENEMY_0043_NAME,ENEMY,enemy_name,SYS/GR3.MDZ,GR3.MDT,42,,42,0x1AD580,,AA A4 EC AA ED,エアリエル,UNTRANSLATED,UNASSIGNED,,[],UNTRANSLATED,NO,GR3 enemy record local text pool의 첫 문자열.,first_action=通常攻撃; record_offset=0x1AD480; record_size=0x50B
ENEMY_0044_NAME,ENEMY,enemy_name,SYS/GR3.MDZ,GR3.MDT,43,,43,0x1ADA90,,D6 EB A6 EA B2 A6 27 C1 27,フライングイーター,UNTRANSLATED,UNASSIGNED,,[],UNTRANSLATED,NO,GR3 enemy record local text pool의 첫 문자열.,first_action=通常攻撃; record_offset=0x1ADA00; record_size=0x454
ENEMY_0045_NAME,ENEMY,enemy_name,SYS/GR3.MDZ,GR3.MDT,44,,44,0x1ADF70,,D6 CB B1 A6 7E F2,フナクイ鳥,UNTRANSLATED,UNASSIGNED,,[],UNTRANSLATED,NO,GR3 enemy record local text pool의 첫 문자열.,first_action=通常攻撃; record_offset=0x1ADE80; record_size=0x504
ENEMY_0046_NAME,ENEMY,enemy_name,SYS/GR3.MDZ,GR3.MDT,45,,45,0x1AE490,,D6 CB B1 A6 7E F2,フナクイ鳥,UNTRANSLATED,UNASSIGNED,,[],UNTRANSLATED,NO,GR3 enemy record local text pool의 첫 문자열.,first_action=通常攻撃; record_offset=0x1AE400; record_size=0x454
ENEMY_0047_NAME,ENEMY,enemy_name,SYS/GR3.MDZ,GR3.MDT,46,,46,0x1AE970,,D6 CB B1 A6 7E F2,フナクイ鳥,UNTRANSLATED,UNASSIGNED,,[],UNTRANSLATED,NO,GR3 enemy record local text pool의 첫 문자열.,first_action=通常攻撃; record_offset=0x1AE880; record_size=0x410
ENEMY_0048_NAME,ENEMY,enemy_name,SYS/GR3.MDZ,GR3.MDT,47,,47,0x1AEDB0,,A8 27 ED A8 27 ED,ウールウール,UNTRANSLATED,UNASSIGNED,,[],UNTRANSLATED,NO,GR3 enemy record local text pool의 첫 문자열.,first_action=通常攻撃; record_offset=0x1AED00; record_size=0x203
ENEMY_0049_NAME,ENEMY,enemy_name,SYS/GR3.MDZ,GR3.MDT,48,,48,0x1AF060,,E2 27,メー,UNTRANSLATED,UNASSIGNED,,[],UNTRANSLATED,NO,GR3 enemy record local text pool의 첫 문자열.,first_action=通常攻撃; record_offset=0x1AEF80; record_size=0x110
ENEMY_0050_NAME,ENEMY,enemy_name,SYS/GR3.MDZ,GR3.MDT,49,,49,0x1AF200,,60 80 66 94 7B 60,きのこもどき,UNTRANSLATED,UNASSIGNED,,[],UNTRANSLATED,NO,GR3 enemy record local text pool의 첫 문자열.,first_action=通常攻撃; record_offset=0x1AF100; record_size=0x37A
ENEMY_0051_NAME,ENEMY,enemy_name,SYS/GR3.MDZ,GR3.MDT,50,,50,0x1AF5B0,,CF A8 C7 A5 AD C9 EC E6 D6,ノウティカトリュフ,UNTRANSLATED,UNASSIGNED,,[],UNTRANSLATED,NO,GR3 enemy record local text pool의 첫 문자열.,first_action=通常攻撃; record_offset=0x1AF480; record_size=0x2CD
ENEMY_0052_NAME,ENEMY,enemy_name,SYS/GR3.MDZ,GR3.MDT,51,,51,0x1AF890,,22 F0 A9 BA E4 AF CF B5,ヴェジャキノコ,UNTRANSLATED,UNASSIGNED,,[],UNTRANSLATED,NO,GR3 enemy record local text pool의 첫 문자열.,first_action=通常攻撃; record_offset=0x1AF780; record_size=0x355
ENEMY_0054_NAME,ENEMY,enemy_name,SYS/GR3.MDZ,GR3.MDT,53,,53,0x1AFD80,,C9 EA DD AE AA ED,トンボガエル,UNTRANSLATED,UNASSIGNED,,[],UNTRANSLATED,NO,GR3 enemy record local text pool의 첫 문자열.,first_action=通常攻撃; record_offset=0x1AFC80; record_size=0x3BE
ENEMY_0055_NAME,ENEMY,enemy_name,SYS/GR3.MDZ,GR3.MDT,54,,54,0x1B0170,,CA EB B6 EA D6 EB A6,ドラゴンフライ,UNTRANSLATED,UNASSIGNED,,[],UNTRANSLATED,NO,GR3 enemy record local text pool의 첫 문자열.,first_action=通常攻撃; record_offset=0x1B0080; record_size=0x387
ENEMY_0056_NAME,ENEMY,enemy_name,SYS/GR3.MDZ,GR3.MDT,55,,55,0x1B0540,,B0 ED BA A9 CE EB ED,ギルジェネラル,UNTRANSLATED,UNASSIGNED,,[],UNTRANSLATED,NO,GR3 enemy record local text pool의 첫 문자열.,first_action=通常攻撃; record_offset=0x1B0480; record_size=0x387
ENEMY_0057_NAME,ENEMY,enemy_name,SYS/GR3.MDZ,GR3.MDT,56,,56,0x1B0940,,B0 ED BA A9 CE EB ED,ギルジェネラル,UNTRANSLATED,UNASSIGNED,,[],UNTRANSLATED,NO,GR3 enemy record local text pool의 첫 문자열.,first_action=通常攻撃; record_offset=0x1B0880; record_size=0x4D1
ENEMY_0058_NAME,ENEMY,enemy_name,SYS/GR3.MDZ,GR3.MDT,57,,57,0x1B0E70,,B0 ED B9 E4 27 DF EA,ギルシャーマン,UNTRANSLATED,UNASSIGNED,,[],UNTRANSLATED,NO,GR3 enemy record local text pool의 첫 문자열.,first_action=通常攻撃; record_offset=0x1B0D80; record_size=0x46D
ENEMY_0059_NAME,ENEMY,enemy_name,SYS/GR3.MDZ,GR3.MDT,58,,58,0x1B1310,,B0 ED DE 27 EA,ギルポーン,UNTRANSLATED,UNASSIGNED,,[],UNTRANSLATED,NO,GR3 enemy record local text pool의 첫 문자열.,first_action=通常攻撃; record_offset=0x1B1200; record_size=0x46D
ENEMY_0060_NAME,ENEMY,enemy_name,SYS/GR3.MDZ,GR3.MDT,59,,59,0x1B1790,,B0 ED DE 27 EA,ギルポーン,UNTRANSLATED,UNASSIGNED,,[],UNTRANSLATED,NO,GR3 enemy record local text pool의 첫 문자열.,first_action=通常攻撃; record_offset=0x1B1680; record_size=0x5B2
ENEMY_0061_NAME,ENEMY,enemy_name,SYS/GR3.MDZ,GR3.MDT,60,,60,0x1B1D40,,B0 ED E2 A6 BA,ギルメイジ,UNTRANSLATED,UNASSIGNED,,[],UNTRANSLATED,NO,GR3 enemy record local text pool의 첫 문자열.,first_action=通常攻撃; record_offset=0x1B1C80; record_size=0x504
ENEMY_0062_NAME,ENEMY,enemy_name,SYS/GR3.MDZ,GR3.MDT,61,,61,0x1B2290,,B0 ED BB CB A6 D2 27,ギルスナイパー,UNTRANSLATED,UNASSIGNED,,[],UNTRANSLATED,NO,GR3 enemy record local text pool의 첫 문자열.,first_action=通常攻撃; record_offset=0x1B2200; record_size=0x399
ENEMY_0063_NAME,ENEMY,enemy_name,SYS/GR3.MDZ,GR3.MDT,62,,62,0x1B26D0,,B0 ED EB EA B7 27,ギルランサー,UNTRANSLATED,UNASSIGNED,,[],UNTRANSLATED,NO,GR3 enemy record local text pool의 첫 문자열.,first_action=通常攻撃; record_offset=0x1B2600; record_size=0x31F
ENEMY_0064_NAME,ENEMY,enemy_name,SYS/GR3.MDZ,GR3.MDT,63,,63,0x1B2A60,,B0 ED 73 F2 B7 F0,ギル原人,UNTRANSLATED,UNASSIGNED,,[],UNTRANSLATED,NO,GR3 enemy record local text pool의 첫 문자열.,first_action=通常攻撃; record_offset=0x1B2980; record_size=0x563
ENEMY_0065_NAME,ENEMY,enemy_name,SYS/GR3.MDZ,GR3.MDT,64,,64,0x1B2FD0,,B0 ED 73 F2 B7 F0 80 66 F2 78 60 31 F1,ギル原人の投てき兵,UNTRANSLATED,UNASSIGNED,,[],UNTRANSLATED,NO,GR3 enemy record local text pool의 첫 문자열.,first_action=通常攻撃; record_offset=0x1B2F00; record_size=0x4F2
ENEMY_0066_NAME,ENEMY,enemy_name,SYS/GR3.MDZ,GR3.MDT,65,,65,0x1B3500,,B0 ED 73 F2 B7 F0 80 33 F3 EC F0 85 F1,ギル原人の格闘王,UNTRANSLATED,UNASSIGNED,,[],UNTRANSLATED,NO,GR3 enemy record local text pool의 첫 문자열.,first_action=通常攻撃; record_offset=0x1B3400; record_size=0x371
ENEMY_0067_NAME,ENEMY,enemy_name,SYS/GR3.MDZ,GR3.MDT,66,,66,0x1B38B0,,D3 ED EC B8 27 CA,ヒルリザード,UNTRANSLATED,UNASSIGNED,,[],UNTRANSLATED,NO,GR3 enemy record local text pool의 첫 문자열.,first_action=通常攻撃; record_offset=0x1B3780; record_size=0x26C
ENEMY_0068_NAME,ENEMY,enemy_name,SYS/GR3.MDZ,GR3.MDT,67,,67,0x1B3B40,,DA F1 7A 5E 65,砂とかげ,UNTRANSLATED,UNASSIGNED,,[],UNTRANSLATED,NO,GR3 enemy record local text pool의 첫 문자열.,first_action=通常攻撃; record_offset=0x1B3A00; record_size=0x30F
ENEMY_0069_NAME,ENEMY,enemy_name,SYS/GR3.MDZ,GR3.MDT,68,,68,0x1B3E50,,C9 27 C1 BB A4 EC B4 27 C9,トータスアリゲート,UNTRANSLATED,UNASSIGNED,,[],UNTRANSLATED,NO,GR3 enemy record local text pool의 첫 문자열.,first_action=通常攻撃; record_offset=0x1B3D80; record_size=0x41E
ENEMY_0070_NAME,ENEMY,enemy_name,SYS/GR3.MDZ,GR3.MDT,69,,69,0x1B42C0,,AD E2 EE AC EA,カメレオン,UNTRANSLATED,UNASSIGNED,,[],UNTRANSLATED,NO,GR3 enemy record local text pool의 첫 문자열.,first_action=通常攻撃; record_offset=0x1B4200; record_size=0x398
ENEMY_0071_NAME,ENEMY,enemy_name,SYS/GR3.MDZ,GR3.MDT,70,,70,0x1B46D0,,5D F1 B7 F0,魚人,UNTRANSLATED,UNASSIGNED,,[],UNTRANSLATED,NO,GR3 enemy record local text pool의 첫 문자열.,first_action=通常攻撃; record_offset=0x1B4600; record_size=0x39B
ENEMY_0072_NAME,ENEMY,enemy_name,SYS/GR3.MDZ,GR3.MDT,71,,71,0x1B4AD0,,5D F1 B7 F0 A9 F4 50 F3 31 F1,魚人親衛兵,UNTRANSLATED,UNASSIGNED,,[],UNTRANSLATED,NO,GR3 enemy record local text pool의 첫 문자열.,first_action=通常攻撃; record_offset=0x1B4A00; record_size=0x229
ENEMY_0073_NAME,ENEMY,enemy_name,SYS/GR3.MDZ,GR3.MDT,72,,72,0x1B4D80,,5D F1 B7 F0 E9 F4 83 F0,魚人隊長,UNTRANSLATED,UNASSIGNED,,[],UNTRANSLATED,NO,GR3 enemy record local text pool의 첫 문자열.,first_action=通常攻撃; record_offset=0x1B4C80; record_size=0x423
ENEMY_0074_NAME,ENEMY,enemy_name,SYS/GR3.MDZ,GR3.MDT,73,,73,0x1B51D0,,5D F1 B7 F0 48 F4 CD F6,魚人参謀,UNTRANSLATED,UNASSIGNED,,[],UNTRANSLATED,NO,GR3 enemy record local text pool의 첫 문자열.,first_action=通常攻撃; record_offset=0x1B5100; record_size=0x30D
ENEMY_0075_NAME,ENEMY,enemy_name,SYS/GR3.MDZ,GR3.MDT,74,,74,0x1B5550,,DF C2 A6 B7 F0,マダイ人,UNTRANSLATED,UNASSIGNED,,[],UNTRANSLATED,NO,GR3 enemy record local text pool의 첫 문자열.,first_action=通常攻撃; record_offset=0x1B5480; record_size=0x227
ENEMY_0076_NAME,ENEMY,enemy_name,SYS/GR3.MDZ,GR3.MDT,75,,75,0x1B5800,,C0 AA A4,ゾエア,UNTRANSLATED,UNASSIGNED,,[],UNTRANSLATED,NO,GR3 enemy record local text pool의 첫 문자열.,first_action=通常攻撃; record_offset=0x1B5700; record_size=0x451
ENEMY_0077_NAME,ENEMY,enemy_name,SYS/GR3.MDZ,GR3.MDT,76,,76,0x1B5C70,,C0 AA A4,ゾエア,UNTRANSLATED,UNASSIGNED,,[],UNTRANSLATED,NO,GR3 enemy record local text pool의 첫 문자열.,first_action=通常攻撃; record_offset=0x1B5B80; record_size=0x506
ENEMY_0078_NAME,ENEMY,enemy_name,SYS/GR3.MDZ,GR3.MDT,77,,77,0x1B6190,,5D 5D 96 6A 5F 7D,おおやしがに,UNTRANSLATED,UNASSIGNED,,[],UNTRANSLATED,NO,GR3 enemy record local text pool의 첫 문자열.,first_action=通常攻撃; record_offset=0x1B6100; record_size=0x3E4
ENEMY_0079_NAME,ENEMY,enemy_name,SYS/GR3.MDZ,GR3.MDT,78,,78,0x1B6610,,D4 C4 B2 D6 C4 C9,ビッグフット,UNTRANSLATED,UNASSIGNED,,[],UNTRANSLATED,NO,GR3 enemy record local text pool의 첫 문자열.,first_action=通常攻撃; record_offset=0x1B6500; record_size=0x4DD
ENEMY_0080_NAME,ENEMY,enemy_name,SYS/GR3.MDZ,GR3.MDT,79,,79,0x1B6AF0,,D3 D1 B6 EA,ヒバゴン,UNTRANSLATED,UNASSIGNED,,[],UNTRANSLATED,NO,GR3 enemy record local text pool의 첫 문자열.,first_action=通常攻撃; record_offset=0x1B6A00; record_size=0x4BB
ENEMY_0081_NAME,ENEMY,enemy_name,SYS/GR3.MDZ,GR3.MDT,80,,80,0x1B6FD0,,22 F0 A9 CF E1 D1 27 CA,ヴェノムバード,UNTRANSLATED,UNASSIGNED,,[],UNTRANSLATED,NO,GR3 enemy record local text pool의 첫 문자열.,first_action=通常攻撃; record_offset=0x1B6F00; record_size=0x428
ENEMY_0082_NAME,ENEMY,enemy_name,SYS/GR3.MDZ,GR3.MDT,81,,81,0x1B7450,,E2 ED B1 D1 27 CA,メルクバード,UNTRANSLATED,UNASSIGNED,,[],UNTRANSLATED,NO,GR3 enemy record local text pool의 첫 문자열.,first_action=通常攻撃; record_offset=0x1B7380; record_size=0x379
ENEMY_0083_NAME,ENEMY,enemy_name,SYS/GR3.MDZ,GR3.MDT,82,,82,0x1B7830,,D1 B1 EB B5 EA CA ED,バクラコンドル,UNTRANSLATED,UNASSIGNED,,[],UNTRANSLATED,NO,GR3 enemy record local text pool의 첫 문자열.,first_action=通常攻撃; record_offset=0x1B7700; record_size=0x2D8
ENEMY_0084_NAME,ENEMY,enemy_name,SYS/GR3.MDZ,GR3.MDT,83,,83,0x1B7B20,,CA EB B6 CF A6 CA,ドラゴノイド,UNTRANSLATED,UNASSIGNED,,[],UNTRANSLATED,NO,GR3 enemy record local text pool의 첫 문자열.,first_action=通常攻撃; record_offset=0x1B7A00; record_size=0x384
ENEMY_0085_NAME,ENEMY,enemy_name,SYS/GR3.MDZ,GR3.MDT,84,,84,0x1B7EC0,,EC B8 27 CA DF EA,リザードマン,UNTRANSLATED,UNASSIGNED,,[],UNTRANSLATED,NO,GR3 enemy record local text pool의 첫 문자열.,first_action=通常攻撃; record_offset=0x1B7E00; record_size=0x706
ENEMY_0086_NAME,ENEMY,enemy_name,SYS/GR3.MDZ,GR3.MDT,85,,85,0x1B85F0,,EB C4 AF 27 E0 EA B1,ラッキーミンク,UNTRANSLATED,UNASSIGNED,,[],UNTRANSLATED,NO,GR3 enemy record local text pool의 첫 문자열.,first_action=通常攻撃; record_offset=0x1B8580; record_size=0x9A2
ENEMY_0087_NAME,ENEMY,enemy_name,SYS/GR3.MDZ,GR3.MDT,86,,86,0x1B8FC0,,EB C4 AF 27 E0 EA B1,ラッキーミンク,UNTRANSLATED,UNASSIGNED,,[],UNTRANSLATED,NO,GR3 enemy record local text pool의 첫 문자열.,first_action=通常攻撃; record_offset=0x1B8F80; record_size=0x1A0
ENEMY_0088_NAME,ENEMY,enemy_name,SYS/GR3.MDZ,GR3.MDT,87,,87,0x1B9280,,EB C4 AF 27 E0 EA B1,ラッキーミンク,UNTRANSLATED,UNASSIGNED,,[],UNTRANSLATED,NO,GR3 enemy record local text pool의 첫 문자열.,first_action=通常攻撃; record_offset=0x1B9180; record_size=0x3FF
ENEMY_0089_NAME,ENEMY,enemy_name,SYS/GR3.MDZ,GR3.MDT,88,,88,0x1B96B0,,BD A6 D7 ED,セイブル,UNTRANSLATED,UNASSIGNED,,[],UNTRANSLATED,NO,GR3 enemy record local text pool의 첫 문자열.,first_action=通常攻撃; record_offset=0x1B9580; record_size=0x2B2
ENEMY_0090_NAME,ENEMY,enemy_name,SYS/GR3.MDZ,GR3.MDT,89,,89,0x1B9980,,DC 20 F0 A6 C9 D1 CC 27,ホワイトバニー,UNTRANSLATED,UNASSIGNED,,[],UNTRANSLATED,NO,GR3 enemy record local text pool의 첫 문자열.,first_action=通常攻撃; record_offset=0x1B9880; record_size=0x2C8
ENEMY_0091_NAME,ENEMY,enemy_name,SYS/GR3.MDZ,GR3.MDT,90,,90,0x1B9C90,,CF A8 C7 A5 AD EB D4 C4 C5,ノウティカラビッツ,UNTRANSLATED,UNASSIGNED,,[],UNTRANSLATED,NO,GR3 enemy record local text pool의 첫 문자열.,first_action=通常攻撃; record_offset=0x1B9B80; record_size=0x39A
ENEMY_0092_NAME,ENEMY,enemy_name,SYS/GR3.MDZ,GR3.MDT,91,,91,0x1BA050,,ED 27 D2 BB,ルーパス,UNTRANSLATED,UNASSIGNED,,[],UNTRANSLATED,NO,GR3 enemy record local text pool의 첫 문자열.,first_action=通常攻撃; record_offset=0x1B9F80; record_size=0x34E
ENEMY_0093_NAME,ENEMY,enemy_name,SYS/GR3.MDZ,GR3.MDT,92,,92,0x1BA410,,AF EA B2 ED 27 D2 BB,キングルーパス,UNTRANSLATED,UNASSIGNED,,[],UNTRANSLATED,NO,GR3 enemy record local text pool의 첫 문자열.,first_action=通常攻撃; record_offset=0x1BA300; record_size=0x2DD
ENEMY_0094_NAME,ENEMY,enemy_name,SYS/GR3.MDZ,GR3.MDT,93,,93,0x1BA720,,B7 EA C2 27 CA EB B6 EA,サンダードラゴン,UNTRANSLATED,UNASSIGNED,,[],UNTRANSLATED,NO,GR3 enemy record local text pool의 첫 문자열.,first_action=通常攻撃; record_offset=0x1BA600; record_size=0x284
ENEMY_0095_NAME,ENEMY,enemy_name,SYS/GR3.MDZ,GR3.MDT,94,,94,0x1BA9D0,,AF EA B2 BB CA EE A6 B1,キングスドレイク,UNTRANSLATED,UNASSIGNED,,[],UNTRANSLATED,NO,GR3 enemy record local text pool의 첫 문자열.,first_action=通常攻撃; record_offset=0x1BA900; record_size=0x544
ENEMY_0096_NAME,ENEMY,enemy_name,SYS/GR3.MDZ,GR3.MDT,95,,95,0x1BAF50,,ED 27 D2 BB 2E F1 6A F1 31 F1,ルーパス竜騎兵,UNTRANSLATED,UNASSIGNED,,[],UNTRANSLATED,NO,GR3 enemy record local text pool의 첫 문자열.,first_action=通常攻撃; record_offset=0x1BAE80; record_size=0x1A0
ENEMY_0097_NAME,ENEMY,enemy_name,SYS/GR3.MDZ,GR3.MDT,96,,96,0x1BB180,,AF EA B2 BB CB A6 C9,キングスナイト,UNTRANSLATED,UNASSIGNED,,[],UNTRANSLATED,NO,GR3 enemy record local text pool의 첫 문자열.,first_action=通常攻撃; record_offset=0x1BB080; record_size=0x32B
ENEMY_0098_NAME,ENEMY,enemy_name,SYS/GR3.MDZ,GR3.MDT,97,,97,0x1BB4E0,,BB B3 ED C9 EA CB A6 C9,スケルトンナイト,UNTRANSLATED,UNASSIGNED,,[],UNTRANSLATED,NO,GR3 enemy record local text pool의 첫 문자열.,first_action=通常攻撃; record_offset=0x1BB400; record_size=0x19F
ENEMY_0099_NAME,ENEMY,enemy_name,SYS/GR3.MDZ,GR3.MDT,98,,98,0x1BB700,,C0 27 EA DD 27 EA,ゾーンボーン,UNTRANSLATED,UNASSIGNED,,[],UNTRANSLATED,NO,GR3 enemy record local text pool의 첫 문자열.,first_action=通常攻撃; record_offset=0x1BB600; record_size=0x23D
ENEMY_0100_NAME,ENEMY,enemy_name,SYS/GR3.MDZ,GR3.MDT,99,,99,0x1BB990,,5F 57 66 76 EB F0 50 F1,がいこつ戦士,UNTRANSLATED,UNASSIGNED,,[],UNTRANSLATED,NO,GR3 enemy record local text pool의 첫 문자열.,first_action=通常攻撃; record_offset=0x1BB880; record_size=0x19D
ENEMY_0101_NAME,ENEMY,enemy_name,SYS/GR3.MDZ,GR3.MDT,100,,100,0x1BBB80,,B6 27 BB C9,ゴースト,UNTRANSLATED,UNASSIGNED,,[],UNTRANSLATED,NO,GR3 enemy record local text pool의 첫 문자열.,first_action=通常攻撃; record_offset=0x1BBA80; record_size=0x3A4
ENEMY_0102_NAME,ENEMY,enemy_name,SYS/GR3.MDZ,GR3.MDT,101,,101,0x1BBF50,,C8 E6 EB E1 C1 A8 EF BB,デュラムタウロス,UNTRANSLATED,UNASSIGNED,,[],UNTRANSLATED,NO,GR3 enemy record local text pool의 첫 문자열.,first_action=通常攻撃; record_offset=0x1BBE80; record_size=0x3A4
ENEMY_0103_NAME,ENEMY,enemy_name,SYS/GR3.MDZ,GR3.MDT,102,,102,0x1BC350,,C8 E6 EB E1 C1 A8 EF BB,デュラムタウロス,UNTRANSLATED,UNASSIGNED,,[],UNTRANSLATED,NO,GR3 enemy record local text pool의 첫 문자열.,first_action=通常攻撃; record_offset=0x1BC280; record_size=0x3A1
ENEMY_0104_NAME,ENEMY,enemy_name,SYS/GR3.MDZ,GR3.MDT,103,,103,0x1BC750,,C8 E6 EB E1 C1 A8 EB BB,デュラムタウラス,UNTRANSLATED,UNASSIGNED,,[],UNTRANSLATED,NO,GR3 enemy record local text pool의 첫 문자열.,first_action=通常攻撃; record_offset=0x1BC680; record_size=0x327
ENEMY_0105_NAME,ENEMY,enemy_name,SYS/GR3.MDZ,GR3.MDT,104,,104,0x1BCAE0,,EE C4 B1 AE 27 C2 27,レックガーダー,UNTRANSLATED,UNASSIGNED,,[],UNTRANSLATED,NO,GR3 enemy record local text pool의 첫 문자열.,first_action=通常攻撃; record_offset=0x1BCA00; record_size=0x4AE
ENEMY_0106_NAME,ENEMY,enemy_name,SYS/GR3.MDZ,GR3.MDT,105,,105,0x1BCFD0,,EE C4 B7 27 C8 27 E3 EA,レッサーデーモン,UNTRANSLATED,UNASSIGNED,,[],UNTRANSLATED,NO,GR3 enemy record local text pool의 첫 문자열.,first_action=通常攻撃; record_offset=0x1BCF00; record_size=0x36C
ENEMY_0107_NAME,ENEMY,enemy_name,SYS/GR3.MDZ,GR3.MDT,106,,106,0x1BD3B0,,42 F0 C1 F0 4A F0,大悪魔,UNTRANSLATED,UNASSIGNED,,[],UNTRANSLATED,NO,GR3 enemy record local text pool의 첫 문자열.,first_action=通常攻撃; record_offset=0x1BD280; record_size=0x19F
ENEMY_0108_NAME,ENEMY,enemy_name,SYS/GR3.MDZ,GR3.MDT,107,,107,0x1BD580,,C0 27 EA C8 D4 ED,ゾーンデビル,UNTRANSLATED,UNASSIGNED,,[],UNTRANSLATED,NO,GR3 enemy record local text pool의 첫 문자열.,first_action=通常攻撃; record_offset=0x1BD480; record_size=0x19F
ENEMY_0109_NAME,ENEMY,enemy_name,SYS/GR3.MDZ,GR3.MDT,108,,108,0x1BD780,,42 F0 C1 F0 4A F0,大悪魔,UNTRANSLATED,UNASSIGNED,,[],UNTRANSLATED,NO,GR3 enemy record local text pool의 첫 문자열.,first_action=通常攻撃; record_offset=0x1BD680; record_size=0x3B9
ENEMY_0110_NAME,ENEMY,enemy_name,SYS/GR3.MDZ,GR3.MDT,109,,109,0x1BDB70,,DF E0 27 C8 27 E3 EA,マミーデーモン,UNTRANSLATED,UNASSIGNED,,[],UNTRANSLATED,NO,GR3 enemy record local text pool의 첫 문자열.,first_action=通常攻撃; record_offset=0x1BDA80; record_size=0x530
ENEMY_0111_NAME,ENEMY,enemy_name,SYS/GR3.MDZ,GR3.MDT,110,,110,0x1BE0D0,,D7 EB C4 CA C8 27 E3 EA,ブラッドデーモン,UNTRANSLATED,UNASSIGNED,,[],UNTRANSLATED,NO,GR3 enemy record local text pool의 첫 문자열.,first_action=通常攻撃; record_offset=0x1BE000; record_size=0x4EE
ENEMY_0112_NAME,ENEMY,enemy_name,SYS/GR3.MDZ,GR3.MDT,111,,111,0x1BE600,,B2 EC 27 EA DF EA,グリーンマン,UNTRANSLATED,UNASSIGNED,,[],UNTRANSLATED,NO,GR3 enemy record local text pool의 첫 문자열.,first_action=通常攻撃; record_offset=0x1BE500; record_size=0x5E4
ENEMY_0113_NAME,ENEMY,enemy_name,SYS/GR3.MDZ,GR3.MDT,112,,112,0x1BEBE0,,A4 ED EB A8 CE,アルラウネ,UNTRANSLATED,UNASSIGNED,,[],UNTRANSLATED,NO,GR3 enemy record local text pool의 첫 문자열.,first_action=通常攻撃; record_offset=0x1BEB00; record_size=0x55A
ENEMY_0114_NAME,ENEMY,enemy_name,SYS/GR3.MDZ,GR3.MDT,113,,113,0x1BF160,,A4 ED EB A8 CE,アルラウネ,UNTRANSLATED,UNASSIGNED,,[],UNTRANSLATED,NO,GR3 enemy record local text pool의 첫 문자열.,first_action=通常攻撃; record_offset=0x1BF080; record_size=0x87A
ENEMY_0115_NAME,ENEMY,enemy_name,SYS/GR3.MDZ,GR3.MDT,114,,114,0x1BF9C0,,D3 E6 CA EB 28 BC F2 71 F1,ヒュドラ・中頭,UNTRANSLATED,UNASSIGNED,,[],UNTRANSLATED,NO,GR3 enemy record local text pool의 첫 문자열.,first_action=通常攻撃; record_offset=0x1BF900; record_size=0x1A3
ENEMY_0116_NAME,ENEMY,enemy_name,SYS/GR3.MDZ,GR3.MDT,115,,115,0x1BFC00,,D0 A6 CA EB BB 28 BC F2 71 F1,ハイドラス・中頭,UNTRANSLATED,UNASSIGNED,,[],UNTRANSLATED,NO,GR3 enemy record local text pool의 첫 문자열.,first_action=通常攻撃; record_offset=0x1BFB00; record_size=0x1A2
ENEMY_0117_NAME,ENEMY,enemy_name,SYS/GR3.MDZ,GR3.MDT,116,,116,0x1BFE00,,C1 F0 4A F0 80 8B F0 8C F0,悪魔の宝箱,UNTRANSLATED,UNASSIGNED,,[],UNTRANSLATED,NO,GR3 enemy record local text pool의 첫 문자열.,first_action=通常攻撃; record_offset=0x1BFD00; record_size=0x19D
ENEMY_0118_NAME,ENEMY,enemy_name,SYS/GR3.MDZ,GR3.MDT,117,,117,0x1C0000,,E0 E0 C4 B1,ミミック,UNTRANSLATED,UNASSIGNED,,[],UNTRANSLATED,NO,GR3 enemy record local text pool의 첫 문자열.,first_action=通常攻撃; record_offset=0x1BFF00; record_size=0x7ED
ENEMY_0119_NAME,ENEMY,enemy_name,SYS/GR3.MDZ,GR3.MDT,118,,118,0x1C07C0,,E0 E0 C4 B1,ミミック,UNTRANSLATED,UNASSIGNED,,[],UNTRANSLATED,NO,GR3 enemy record local text pool의 첫 문자열.,first_action=通常攻撃; record_offset=0x1C0700; record_size=0x7ED
ENEMY_0120_NAME,ENEMY,enemy_name,SYS/GR3.MDZ,GR3.MDT,119,,119,0x1C0FC0,,E0 E0 C4 B1,ミミック,UNTRANSLATED,UNASSIGNED,,[],UNTRANSLATED,NO,GR3 enemy record local text pool의 첫 문자열.,first_action=通常攻撃; record_offset=0x1C0F00; record_size=0x19D
ENEMY_0121_NAME,ENEMY,enemy_name,SYS/GR3.MDZ,GR3.MDT,120,,120,0x1C1200,,E0 E0 C4 B1,ミミック,UNTRANSLATED,UNASSIGNED,,[],UNTRANSLATED,NO,GR3 enemy record local text pool의 첫 문자열.,first_action=通常攻撃; record_offset=0x1C1100; record_size=0x399
ENEMY_0122_NAME,ENEMY,enemy_name,SYS/GR3.MDZ,GR3.MDT,121,,121,0x1C15D0,,7A F2 D3 F1 31 F1,巨神兵,UNTRANSLATED,UNASSIGNED,,[],UNTRANSLATED,NO,GR3 enemy record local text pool의 첫 문자열.,first_action=通常攻撃; record_offset=0x1C1500; record_size=0x389
ENEMY_0123_NAME,ENEMY,enemy_name,SYS/GR3.MDZ,GR3.MDT,122,,122,0x1C19B0,,92 F1 80 8D F1 DD F1 D3 F1,森の守護神,UNTRANSLATED,UNASSIGNED,,[],UNTRANSLATED,NO,GR3 enemy record local text pool의 첫 문자열.,first_action=通常攻撃; record_offset=0x1C1900; record_size=0x37E
ENEMY_0124_NAME,ENEMY,enemy_name,SYS/GR3.MDZ,GR3.MDT,123,,123,0x1C1DB0,,B7 EA C2 27 CA EB B6 EA,サンダードラゴン,UNTRANSLATED,UNASSIGNED,,[],UNTRANSLATED,NO,GR3 enemy record local text pool의 첫 문자열.,first_action=通常攻撃; record_offset=0x1C1C80; record_size=0x1A1
ENEMY_0125_NAME,ENEMY,enemy_name,SYS/GR3.MDZ,GR3.MDT,124,,124,0x1C1F80,,AF EA B2 BB CA EE A6 B1,キングスドレイク,UNTRANSLATED,UNASSIGNED,,[],UNTRANSLATED,NO,GR3 enemy record local text pool의 첫 문자열.,first_action=通常攻撃; record_offset=0x1C1E80; record_size=0x62E
ENEMY_0126_NAME,ENEMY,enemy_name,SYS/GR3.MDZ,GR3.MDT,125,,125,0x1C25B0,,D3 E6 CA EB 28 3E F0 71 F1,ヒュドラ・左頭,UNTRANSLATED,UNASSIGNED,,[],UNTRANSLATED,NO,GR3 enemy record local text pool의 첫 문자열.,first_action=通常攻撃; record_offset=0x1C2500; record_size=0x1A3
ENEMY_0127_NAME,ENEMY,enemy_name,SYS/GR3.MDZ,GR3.MDT,126,,126,0x1C2800,,D0 A6 CA EB BB 28 3E F0 71 F1,ハイドラス・左頭,UNTRANSLATED,UNASSIGNED,,[],UNTRANSLATED,NO,GR3 enemy record local text pool의 첫 문자열.,first_action=通常攻撃; record_offset=0x1C2700; record_size=0x62F
ENEMY_0128_NAME,ENEMY,enemy_name,SYS/GR3.MDZ,GR3.MDT,127,,127,0x1C2E30,,D3 E6 CA EB 28 40 F0 71 F1,ヒュドラ・右頭,UNTRANSLATED,UNASSIGNED,,[],UNTRANSLATED,NO,GR3 enemy record local text pool의 첫 문자열.,first_action=通常攻撃; record_offset=0x1C2D80; record_size=0x1A3
ENEMY_0129_NAME,ENEMY,enemy_name,SYS/GR3.MDZ,GR3.MDT,128,,128,0x1C3080,,D0 A6 CA EB BB 28 40 F0 71 F1,ハイドラス・右頭,UNTRANSLATED,UNASSIGNED,,[],UNTRANSLATED,NO,GR3 enemy record local text pool의 첫 문자열.,first_action=通常攻撃; record_offset=0x1C2F80; record_size=0x19D
ENEMY_0130_NAME,ENEMY,enemy_name,SYS/GR3.MDZ,GR3.MDT,129,,129,0x1C3280,,57 80 6A 6A,いのしし,UNTRANSLATED,UNASSIGNED,,[],UNTRANSLATED,NO,GR3 enemy record local text pool의 첫 문자열.,first_action=通常攻撃; record_offset=0x1C3180; record_size=0x122
ENEMY_0131_NAME,ENEMY,enemy_name,SYS/GR3.MDZ,GR3.MDT,130,,130,0x1C3410,,E4 F2 80 92 F9 31 F1 3A,謎の傭兵A,UNTRANSLATED,UNASSIGNED,,[],UNTRANSLATED,NO,GR3 enemy record local text pool의 첫 문자열.,first_action=通常攻撃; record_offset=0x1C3300; record_size=0x4EE
ENEMY_0132_NAME,ENEMY,enemy_name,SYS/GR3.MDZ,GR3.MDT,131,,131,0x1C3900,,B5 27 CE ED 80 5D F0 69 F0,コーネルの手下,UNTRANSLATED,UNASSIGNED,,[],UNTRANSLATED,NO,GR3 enemy record local text pool의 첫 문자열.,first_action=通常攻撃; record_offset=0x1C3800; record_size=0x122
ENEMY_0133_NAME,ENEMY,enemy_name,SYS/GR3.MDZ,GR3.MDT,132,,132,0x1C3A90,,E4 F2 80 92 F9 31 F1 3B,謎の傭兵B,UNTRANSLATED,UNASSIGNED,,[],UNTRANSLATED,NO,GR3 enemy record local text pool의 첫 문자열.,first_action=通常攻撃; record_offset=0x1C3980; record_size=0x350
ENEMY_0134_NAME,ENEMY,enemy_name,SYS/GR3.MDZ,GR3.MDT,133,,133,0x1C3E10,,B5 27 CE ED,コーネル,UNTRANSLATED,UNASSIGNED,,[],UNTRANSLATED,NO,GR3 enemy record local text pool의 첫 문자열.,first_action=通常攻撃; record_offset=0x1C3D00; record_size=0x894
ENEMY_0135_NAME,ENEMY,enemy_name,SYS/GR3.MDZ,GR3.MDT,134,,134,0x1C4640,,B5 27 CE ED,コーネル,UNTRANSLATED,UNASSIGNED,,[],UNTRANSLATED,NO,GR3 enemy record local text pool의 첫 문자열.,first_action=通常攻撃; record_offset=0x1C4600; record_size=0x929
ENEMY_0136_NAME,ENEMY,enemy_name,SYS/GR3.MDZ,GR3.MDT,135,,135,0x1C4FC0,,B5 27 CE ED,コーネル,UNTRANSLATED,UNASSIGNED,,[],UNTRANSLATED,NO,GR3 enemy record local text pool의 첫 문자열.,first_action=通常攻撃; record_offset=0x1C4F80; record_size=0x49E
ENEMY_0137_NAME,ENEMY,enemy_name,SYS/GR3.MDZ,GR3.MDT,136,,136,0x1C5530,,CD F7 EA F0 8A F2 5D F0,剛鉄甲手,UNTRANSLATED,UNASSIGNED,,[],UNTRANSLATED,NO,GR3 enemy record local text pool의 첫 문자열.,first_action=通常攻撃; record_offset=0x1C5480; record_size=0x620
ENEMY_0138_NAME,ENEMY,enemy_name,SYS/GR3.MDZ,GR3.MDT,137,,137,0x1C5B90,,CD F7 EA F0 8A F2 5D F0,剛鉄甲手,UNTRANSLATED,UNASSIGNED,,[],UNTRANSLATED,NO,GR3 enemy record local text pool의 첫 문자열.,first_action=通常攻撃; record_offset=0x1C5B00; record_size=0x1A0
ENEMY_0139_NAME,ENEMY,enemy_name,SYS/GR3.MDZ,GR3.MDT,138,,138,0x1C5E00,,22 F0 A5 AC EE C4 C1,ヴィオレッタ,UNTRANSLATED,UNASSIGNED,,[],UNTRANSLATED,NO,GR3 enemy record local text pool의 첫 문자열.,first_action=通常攻撃; record_offset=0x1C5D00; record_size=0x8AC
ENEMY_0140_NAME,ENEMY,enemy_name,SYS/GR3.MDZ,GR3.MDT,139,,139,0x1C6640,,22 F0 A5 AC EE C4 C1,ヴィオレッタ,UNTRANSLATED,UNASSIGNED,,[],UNTRANSLATED,NO,GR3 enemy record local text pool의 첫 문자열.,first_action=通常攻撃; record_offset=0x1C6600; record_size=0x98E
ENEMY_0141_NAME,ENEMY,enemy_name,SYS/GR3.MDZ,GR3.MDT,140,,140,0x1C7000,,22 F0 A5 AC EE C4 C1,ヴィオレッタ,UNTRANSLATED,UNASSIGNED,,[],UNTRANSLATED,NO,GR3 enemy record local text pool의 첫 문자열.,first_action=通常攻撃; record_offset=0x1C7000; record_size=0x19F
ENEMY_0142_NAME,ENEMY,enemy_name,SYS/GR3.MDZ,GR3.MDT,141,,141,0x1C7300,,C8 E3 EA B7 A6 BC,デモンサイズ,UNTRANSLATED,UNASSIGNED,,[],UNTRANSLATED,NO,GR3 enemy record local text pool의 첫 문자열.,first_action=通常攻撃; record_offset=0x1C7200; record_size=0x5C1
ENEMY_0143_NAME,ENEMY,enemy_name,SYS/GR3.MDZ,GR3.MDT,142,,142,0x1C78B0,,C8 E3 EA B7 A6 BC,デモンサイズ,UNTRANSLATED,UNASSIGNED,,[],UNTRANSLATED,NO,GR3 enemy record local text pool의 첫 문자열.,first_action=通常攻撃; record_offset=0x1C7800; record_size=0x8E6
ENEMY_0144_NAME,ENEMY,enemy_name,SYS/GR3.MDZ,GR3.MDT,143,,143,0x1C8180,,C8 E3 EA B7 A6 BC,デモンサイズ,UNTRANSLATED,UNASSIGNED,,[],UNTRANSLATED,NO,GR3 enemy record local text pool의 첫 문자열.,first_action=通常攻撃; record_offset=0x1C8100; record_size=0x69A
ENEMY_0145_NAME,ENEMY,enemy_name,SYS/GR3.MDZ,GR3.MDT,144,,144,0x1C88A0,,DF B8 27 D7 EC 27 CA,マザーブリード,UNTRANSLATED,UNASSIGNED,,[],UNTRANSLATED,NO,GR3 enemy record local text pool의 첫 문자열.,first_action=衝撃波; record_offset=0x1C8800; record_size=0x6AE
ENEMY_0146_NAME,ENEMY,enemy_name,SYS/GR3.MDZ,GR3.MDT,145,,145,0x1C8FA0,,54 F9 D7 EC 27 CA,Ωブリード,UNTRANSLATED,UNASSIGNED,,[],UNTRANSLATED,NO,GR3 enemy record local text pool의 첫 문자열.,first_action=ダークウェイブ; record_offset=0x1C8F00; record_size=0x6AE
ENEMY_0147_NAME,ENEMY,enemy_name,SYS/GR3.MDZ,GR3.MDT,146,,146,0x1C96A0,,54 F9 D7 EC 27 CA,Ωブリード,UNTRANSLATED,UNASSIGNED,,[],UNTRANSLATED,NO,GR3 enemy record local text pool의 첫 문자열.,first_action=ダークウェイブ; record_offset=0x1C9600; record_size=0x19F
ENEMY_0148_NAME,ENEMY,enemy_name,SYS/GR3.MDZ,GR3.MDT,147,,147,0x1C9900,,54 F9 D7 EC 27 CA,Ωブリード,UNTRANSLATED,UNASSIGNED,,[],UNTRANSLATED,NO,GR3 enemy record local text pool의 첫 문자열.,first_action=通常攻撃; record_offset=0x1C9800; record_size=0x7D9
ENEMY_0149_NAME,ENEMY,enemy_name,SYS/GR3.MDZ,GR3.MDT,148,,148,0x1CA0C0,,EF A8 28 A6 ED,ロウ・イル,UNTRANSLATED,UNASSIGNED,,[],UNTRANSLATED,NO,GR3 enemy record local text pool의 첫 문자열.,first_action=通常攻撃; record_offset=0x1CA000; record_size=0x9EF
ENEMY_0150_NAME,ENEMY,enemy_name,SYS/GR3.MDZ,GR3.MDT,149,,149,0x1CAAA0,,EF A8 28 A6 ED,ロウ・イル,UNTRANSLATED,UNASSIGNED,,[],UNTRANSLATED,NO,GR3 enemy record local text pool의 첫 문자열.,first_action=通常攻撃; record_offset=0x1CAA00; record_size=0x7F0
ENEMY_0151_NAME,ENEMY,enemy_name,SYS/GR3.MDZ,GR3.MDT,150,,150,0x1CB2C0,,47 F1 3F F7 CA B1 EF,水晶ドクロ,UNTRANSLATED,UNASSIGNED,,[],UNTRANSLATED,NO,GR3 enemy record local text pool의 첫 문자열.,first_action=通常攻撃; record_offset=0x1CB200; record_size=0x521
ENEMY_0152_NAME,ENEMY,enemy_name,SYS/GR3.MDZ,GR3.MDT,151,,151,0x1CB830,,A4 EA C8 C4 CA CA EB B6 EA,アンデッドドラゴン,UNTRANSLATED,UNASSIGNED,,[],UNTRANSLATED,NO,GR3 enemy record local text pool의 첫 문자열.,first_action=通常攻撃; record_offset=0x1CB780; record_size=0x521
ENEMY_0153_NAME,ENEMY,enemy_name,SYS/GR3.MDZ,GR3.MDT,152,,152,0x1CBDB0,,A4 EA C8 C4 CA CA EB B6 EA,アンデッドドラゴン,UNTRANSLATED,UNASSIGNED,,[],UNTRANSLATED,NO,GR3 enemy record local text pool의 첫 문자열.,first_action=通常攻撃; record_offset=0x1CBD00; record_size=0x19E
ENEMY_0154_NAME,ENEMY,enemy_name,SYS/GR3.MDZ,GR3.MDT,153,,153,0x1CC000,,C7 A5 A4 DF C9,ティアマト,UNTRANSLATED,UNASSIGNED,,[],UNTRANSLATED,NO,GR3 enemy record local text pool의 첫 문자열.,first_action=通常攻撃; record_offset=0x1CBF00; record_size=0x1B5
ENEMY_0155_NAME,ENEMY,enemy_name,SYS/GR3.MDZ,GR3.MDT,154,,154,0x1CC220,,7D F0 7E F0,本体,UNTRANSLATED,UNASSIGNED,,[],UNTRANSLATED,NO,GR3 enemy record local text pool의 첫 문자열.,first_action=通常攻撃; record_offset=0x1CC100; record_size=0x195
ENEMY_0156_NAME,ENEMY,enemy_name,SYS/GR3.MDZ,GR3.MDT,155,,155,0x1CC400,,7D F0 7E F0,本体,UNTRANSLATED,UNASSIGNED,,[],UNTRANSLATED,NO,GR3 enemy record local text pool의 첫 문자열.,first_action=通常攻撃; record_offset=0x1CC300; record_size=0x19D
ENEMY_0157_NAME,ENEMY,enemy_name,SYS/GR3.MDZ,GR3.MDT,156,,156,0x1CC600,,7D F0 7E F0,本体,UNTRANSLATED,UNASSIGNED,,[],UNTRANSLATED,NO,GR3 enemy record local text pool의 첫 문자열.,first_action=通常攻撃; record_offset=0x1CC500; record_size=0x7C3
ENEMY_0158_NAME,ENEMY,enemy_name,SYS/GR3.MDZ,GR3.MDT,157,,157,0x1CCD80,,E2 ED B1 B1 EC BB C1 ED 3A,メルククリスタルA,UNTRANSLATED,UNASSIGNED,,[],UNTRANSLATED,NO,GR3 enemy record local text pool의 첫 문자열.,first_action=通常攻撃; record_offset=0x1CCD00; record_size=0x6B0
ENEMY_0159_NAME,ENEMY,enemy_name,SYS/GR3.MDZ,GR3.MDT,158,,158,0x1CD480,,E2 ED B1 B1 EC BB C1 ED 3A,メルククリスタルA,UNTRANSLATED,UNASSIGNED,,[],UNTRANSLATED,NO,GR3 enemy record local text pool의 첫 문자열.,first_action=通常攻撃; record_offset=0x1CD400; record_size=0x1A2
ENEMY_0160_NAME,ENEMY,enemy_name,SYS/GR3.MDZ,GR3.MDT,159,,159,0x1CD700,,E2 ED B1 AE 27 C8 A5 A4 EA,メルクガーディアン,UNTRANSLATED,UNASSIGNED,,[],UNTRANSLATED,NO,GR3 enemy record local text pool의 첫 문자열.,first_action=通常攻撃; record_offset=0x1CD600; record_size=0x6E1
ENEMY_0161_NAME,ENEMY,enemy_name,SYS/GR3.MDZ,GR3.MDT,160,,160,0x1CDDC0,,E2 ED B1 B1 EC BB C1 ED 3B,メルククリスタルB,UNTRANSLATED,UNASSIGNED,,[],UNTRANSLATED,NO,GR3 enemy record local text pool의 첫 문자열.,first_action=通常攻撃; record_offset=0x1CDD00; record_size=0x5DC
ENEMY_0162_NAME,ENEMY,enemy_name,SYS/GR3.MDZ,GR3.MDT,161,,161,0x1CE3D0,,E2 ED B1 B1 EC BB C1 ED 3B,メルククリスタルB,UNTRANSLATED,UNASSIGNED,,[],UNTRANSLATED,NO,GR3 enemy record local text pool의 첫 문자열.,first_action=通常攻撃; record_offset=0x1CE300; record_size=0x1A2
ENEMY_0163_NAME,ENEMY,enemy_name,SYS/GR3.MDZ,GR3.MDT,162,,162,0x1CE600,,E2 ED B1 AE 27 C8 A5 A4 EA,メルクガーディアン,UNTRANSLATED,UNASSIGNED,,[],UNTRANSLATED,NO,GR3 enemy record local text pool의 첫 문자열.,first_action=通常攻撃; record_offset=0x1CE500; record_size=0x6E1
ENEMY_0164_NAME,ENEMY,enemy_name,SYS/GR3.MDZ,GR3.MDT,163,,163,0x1CECC0,,E2 ED B1 B1 EC BB C1 ED 3C,メルククリスタルC,UNTRANSLATED,UNASSIGNED,,[],UNTRANSLATED,NO,GR3 enemy record local text pool의 첫 문자열.,first_action=通常攻撃; record_offset=0x1CEC00; record_size=0x5DC
ENEMY_0165_NAME,ENEMY,enemy_name,SYS/GR3.MDZ,GR3.MDT,164,,164,0x1CF2D0,,E2 ED B1 B1 EC BB C1 ED 3C,メルククリスタルC,UNTRANSLATED,UNASSIGNED,,[],UNTRANSLATED,NO,GR3 enemy record local text pool의 첫 문자열.,first_action=通常攻撃; record_offset=0x1CF200; record_size=0x1A2
ENEMY_0166_NAME,ENEMY,enemy_name,SYS/GR3.MDZ,GR3.MDT,165,,165,0x1CF500,,E2 ED B1 AE 27 C8 A5 A4 EA,メルクガーディアン,UNTRANSLATED,UNASSIGNED,,[],UNTRANSLATED,NO,GR3 enemy record local text pool의 첫 문자열.,first_action=通常攻撃; record_offset=0x1CF400; record_size=0x53F
ENEMY_0167_NAME,ENEMY,enemy_name,SYS/GR3.MDZ,GR3.MDT,166,,166,0x1CFA50,,AA E2 EC A8 BB,エメリウス,UNTRANSLATED,UNASSIGNED,,[],UNTRANSLATED,NO,GR3 enemy record local text pool의 첫 문자열.,first_action=通常攻撃; record_offset=0x1CF980; record_size=0x58F
ENEMY_0168_NAME,ENEMY,enemy_name,SYS/GR3.MDZ,GR3.MDT,167,,167,0x1D0000,,4A F0 B5 F0,魔剣,UNTRANSLATED,UNASSIGNED,,[],UNTRANSLATED,NO,GR3 enemy record local text pool의 첫 문자열.,first_action=通常攻撃; record_offset=0x1CFF80; record_size=0x5CD
ENEMY_0169_NAME,ENEMY,enemy_name,SYS/GR3.MDZ,GR3.MDT,168,,168,0x1D0660,,3D F3 80 AC 27 D7,闇のオーブ,UNTRANSLATED,UNASSIGNED,,[],UNTRANSLATED,NO,GR3 enemy record local text pool의 첫 문자열.,first_action=邪影弾; record_offset=0x1D0580; record_size=0x115
ENEMY_0170_NAME,ENEMY,enemy_name,SYS/GR3.MDZ,GR3.MDT,169,,169,0x1D0800,,B6 C4 CA BB EE A6 E5 27,ゴッドスレイヤー,UNTRANSLATED,UNASSIGNED,,[],UNTRANSLATED,NO,GR3 enemy record local text pool의 첫 문자열.,first_action=神を滅ぼす一撃; record_offset=0x1D0700; record_size=0x972
ENEMY_0171_NAME,ENEMY,enemy_name,SYS/GR3.MDZ,GR3.MDT,170,,170,0x1D1100,,C0 27 EA,ゾーン,UNTRANSLATED,UNASSIGNED,,[],UNTRANSLATED,NO,GR3 enemy record local text pool의 첫 문자열.,first_action=通常攻撃; record_offset=0x1D1080; record_size=0x19C
