glyph_id,raw_bytes,character,confidence,evidence_type,status,notes,occurrences,source_offset
G0034,54,4,SUPPORTED,IMAGE_REVIEW_HIGH,SUPPORTED_BITMAP,Focused review: BITMAP+CONTEXT_AGREE; source_offset=0x31D00; bitmap top candidate agrees with context-inferred character,6,0x31D00
G0036,56,6,SUPPORTED,IMAGE_REVIEW_HIGH,SUPPORTED_BITMAP,Focused review: BITMAP+CONTEXT_AGREE; source_offset=0x31E00; bitmap top candidate agrees with context-inferred character,8,0x31E00
G0037,57,7,SUPPORTED,IMAGE_REVIEW_HIGH,SUPPORTED_BITMAP,Focused review: BITMAP_ONLY; source_offset=0x31E80; no usable context resolution; retained bitmap candidate for review,8,0x31E80
G0038,58,8,SUPPORTED,IMAGE_REVIEW_HIGH,SUPPORTED_BITMAP,Focused review: BITMAP_ONLY; source_offset=0x31F00; no usable context resolution; retained bitmap candidate for review,13,0x31F00
G0039,59,9,SUPPORTED,IMAGE_REVIEW_HIGH,SUPPORTED_BITMAP,Focused review: MANUAL_BITMAP+CONTEXT; source_offset=0x31F80; 19号機,15,0x31F80
G003A,5A,A,SUPPORTED,IMAGE_REVIEW_HIGH,SUPPORTED_BITMAP,Focused review: BITMAP_ONLY; source_offset=0x32000; no usable context resolution; retained bitmap candidate for review,7,0x32000
G003F,5F,F,SUPPORTED,IMAGE_REVIEW_HIGH,SUPPORTED_BITMAP,Focused review: BITMAP_ONLY; source_offset=0x32280; no usable context resolution; retained bitmap candidate for review,1,0x32280
G0040,60,G,SUPPORTED,IMAGE_REVIEW_HIGH,SUPPORTED_BITMAP,Focused review: BITMAP_ONLY; source_offset=0x32300; no usable context resolution; retained bitmap candidate for review,17,0x32300
G0042,62,I,SUPPORTED,IMAGE_REVIEW_HIGH,SUPPORTED_BITMAP,Focused review: BITMAP_ONLY; source_offset=0x32400; no usable context resolution; retained bitmap candidate for review,1,0x32400
G0044,64,K,SUPPORTED,IMAGE_REVIEW_HIGH,SUPPORTED_BITMAP,Focused review: BITMAP_ONLY; source_offset=0x32500; no usable context resolution; retained bitmap candidate for review,1,0x32500
G0045,65,L,SUPPORTED,IMAGE_REVIEW_HIGH,SUPPORTED_BITMAP,Focused review: BITMAP_ONLY; source_offset=0x32580; no usable context resolution; retained bitmap candidate for review,1,0x32580
G0047,67,N,SUPPORTED,IMAGE_REVIEW_HIGH,SUPPORTED_BITMAP,Focused review: BITMAP_ONLY; source_offset=0x32680; no usable context resolution; retained bitmap candidate for review,1,0x32680
G0051,71,X,SUPPORTED,IMAGE_REVIEW_HIGH,SUPPORTED_BITMAP,Focused review: MANUAL_BITMAP+CONTEXT; source_offset=0x32B80; コロリX,2,0x32B80
G0056,76,い,SUPPORTED,IMAGE_REVIEW_HIGH,SUPPORTED_BITMAP,Focused review: BITMAP_ONLY; source_offset=0x32E00; no usable context resolution; retained bitmap candidate for review,19,0x32E00
G0058,78,う,SUPPORTED,IMAGE_REVIEW_HIGH,SUPPORTED_BITMAP,Focused review: BITMAP_ONLY; source_offset=0x32F00; no usable context resolution; retained bitmap candidate for review,19,0x32F00
G005C,7C,お,SUPPORTED,IMAGE_REVIEW_HIGH,SUPPORTED_BITMAP,Focused review: BITMAP_ONLY; source_offset=0x33100; no usable context resolution; retained bitmap candidate for review,7,0x33100
G0071,91,ぞ,SUPPORTED,IMAGE_REVIEW_HIGH,SUPPORTED_BITMAP,Focused review: BITMAP_ONLY; source_offset=0x33B80; no usable context resolution; retained bitmap candidate for review,24,0x33B80
G0089,A9,ぶ,SUPPORTED,IMAGE_REVIEW_HIGH,SUPPORTED_BITMAP,Focused review: BITMAP_ONLY; source_offset=0x34780; no usable context resolution; retained bitmap candidate for review,14,0x34780
G008C,AC,べ,SUPPORTED,IMAGE_REVIEW_HIGH,SUPPORTED_BITMAP,Focused review: BITMAP_ONLY; source_offset=0x34900; no usable context resolution; retained bitmap candidate for review,1,0x34900
G0097,B7,ゅ,SUPPORTED,IMAGE_REVIEW_HIGH,SUPPORTED_BITMAP,Focused review: MANUAL_BITMAP+CONTEXT; source_offset=0x34E80; じゅうぶん phonetic context,3,0x34E80
G00F4,44 F0,ヶ,SUPPORTED,IMAGE_REVIEW_HIGH,SUPPORTED_BITMAP,Focused review: MANUAL_BITMAP+CONTEXT; source_offset=0x37D00; 何ヶ月,2,0x37D00
G0109,59 F0,御,SUPPORTED,IMAGE_REVIEW_HIGH,SUPPORTED_BITMAP,Focused review: BITMAP+CONTEXT_AGREE; source_offset=0x38780; bitmap top candidate agrees with context-inferred character,11,0x38780
G011D,6D F0,殺,SUPPORTED,IMAGE_REVIEW_HIGH,SUPPORTED_BITMAP,Focused review: MANUAL_BITMAP+CONTEXT; source_offset=0x39180; 人殺し / 自殺 / 殺した,11,0x39180
G0122,72 F0,交,SUPPORTED,IMAGE_REVIEW_HIGH,SUPPORTED_BITMAP,Focused review: MANUAL_BITMAP+CONTEXT; source_offset=0x39400; 交渉 / 交換,2,0x39400
G012E,7E F0,諦,SUPPORTED,IMAGE_REVIEW_HIGH,SUPPORTED_BITMAP,Focused review: MANUAL_BITMAP+CONTEXT; source_offset=0x39A00; 諦める,1,0x39A00
G0141,91 F0,現,SUPPORTED,IMAGE_REVIEW_HIGH,SUPPORTED_BITMAP,Focused review: BITMAP+CONTEXT_AGREE; source_offset=0x3A380; bitmap top candidate agrees with context-inferred character,11,0x3A380
G0142,92 F0,在,SUPPORTED,IMAGE_REVIEW_HIGH,SUPPORTED_BITMAP,Focused review: BITMAP+CONTEXT_AGREE; source_offset=0x3A400; bitmap top candidate agrees with context-inferred character,6,0x3A400
G0145,95 F0,領,SUPPORTED,IMAGE_REVIEW_HIGH,SUPPORTED_BITMAP,Focused review: MANUAL_BITMAP+CONTEXT; source_offset=0x3A580; 占領,1,0x3A580
G014C,9C F0,存,SUPPORTED,IMAGE_REVIEW_HIGH,SUPPORTED_BITMAP,Focused review: BITMAP+CONTEXT_AGREE; source_offset=0x3A900; bitmap top candidate agrees with context-inferred character,6,0x3A900
G014F,9F F0,父,SUPPORTED,IMAGE_REVIEW_HIGH,SUPPORTED_BITMAP,Focused review: BITMAP+CONTEXT_AGREE; source_offset=0x3AA80; bitmap top candidate agrees with context-inferred character,6,0x3AA80
G015D,AD F0,館,SUPPORTED,IMAGE_REVIEW_HIGH,SUPPORTED_BITMAP,Focused review: MANUAL_BITMAP+CONTEXT; source_offset=0x3B180; 博物館,1,0x3B180
G0160,B0 F0,酒,SUPPORTED,IMAGE_REVIEW_HIGH,SUPPORTED_BITMAP,Focused review: BITMAP+CONTEXT_AGREE; source_offset=0x3B300; bitmap top candidate agrees with context-inferred character,9,0x3B300
G0168,B8 F0,紙,SUPPORTED,IMAGE_REVIEW_HIGH,SUPPORTED_BITMAP,Focused review: MANUAL_BITMAP+CONTEXT; source_offset=0x3B700; 紙芝居; multiple contexts explicitly form 紙芝居,23,0x3B700
G0169,B9 F0,雪,SUPPORTED,IMAGE_REVIEW_HIGH,SUPPORTED_BITMAP,Focused review: MANUAL_BITMAP+CONTEXT; source_offset=0x3B780; 雪内? and other bitmap contexts; shape clear,8,0x3B780
G0171,C1 F0,線,SUPPORTED,IMAGE_REVIEW_HIGH,SUPPORTED_BITMAP,Focused review: MANUAL_BITMAP+CONTEXT; source_offset=0x3BB80; 一直線 / 視線 / 生命線 contexts,8,0x3BB80
G017C,CC F0,塔,SUPPORTED,IMAGE_REVIEW_HIGH,SUPPORTED_BITMAP,Focused review: MANUAL_BITMAP+CONTEXT; source_offset=0x3C100; bitmap/context,1,0x3C100
G0181,D1 F0,汚,SUPPORTED,IMAGE_REVIEW_HIGH,SUPPORTED_BITMAP,Focused review: BITMAP+CONTEXT_AGREE; source_offset=0x3C380; bitmap top candidate agrees with context-inferred character,4,0x3C380
G018E,DE F0,素,SUPPORTED,IMAGE_REVIEW_HIGH,SUPPORTED_BITMAP,Focused review: MANUAL_BITMAP+CONTEXT; source_offset=0x3CA00; 素晴らしい / 素朴,5,0x3CA00
G01B3,33 F1,棒,SUPPORTED,IMAGE_REVIEW_HIGH,SUPPORTED_BITMAP,Focused review: BITMAP+CONTEXT_AGREE; source_offset=0x3DC80; bitmap top candidate agrees with context-inferred character,3,0x3DC80
G01B5,35 F1,庭,SUPPORTED,IMAGE_REVIEW_HIGH,SUPPORTED_BITMAP,Focused review: BITMAP+CONTEXT_AGREE; source_offset=0x3DD80; bitmap top candidate agrees with context-inferred character,1,0x3DD80
G01C5,45 F1,唱,SUPPORTED,IMAGE_REVIEW_HIGH,SUPPORTED_BITMAP,Focused review: BITMAP+CONTEXT_AGREE; source_offset=0x3E580; bitmap top candidate agrees with context-inferred character,1,0x3E580
G01DE,5E F1,銃,SUPPORTED,IMAGE_REVIEW_HIGH,SUPPORTED_BITMAP,Focused review: MANUAL_BITMAP+CONTEXT; source_offset=0x3F200; bitmap/context,1,0x3F200
G01E0,60 F1,裏,SUPPORTED,IMAGE_REVIEW_HIGH,SUPPORTED_BITMAP,Focused review: BITMAP+CONTEXT_AGREE; source_offset=0x3F300; bitmap top candidate agrees with context-inferred character,3,0x3F300
G01F3,73 F1,民,SUPPORTED,IMAGE_REVIEW_HIGH,SUPPORTED_BITMAP,Focused review: MANUAL_BITMAP+CONTEXT; source_offset=0x3FC80; 飛竜の民 / 民族,7,0x3FC80
G01FD,7D F1,魚,SUPPORTED,IMAGE_REVIEW_HIGH,SUPPORTED_BITMAP,Focused review: MANUAL_BITMAP+CONTEXT; source_offset=0x40180; 魚を食べる / 魚が猫に盗まれる,8,0x40180
G0202,82 F1,袋,SUPPORTED,IMAGE_REVIEW_HIGH,SUPPORTED_BITMAP,Focused review: MANUAL_BITMAP+CONTEXT; source_offset=0x40400; 手袋 / 胃袋,13,0x40400
G0207,87 F1,敷,SUPPORTED,IMAGE_REVIEW_HIGH,SUPPORTED_BITMAP,Focused review: MANUAL_BITMAP+CONTEXT; source_offset=0x40680; 屋敷,1,0x40680
G0208,88 F1,詰,SUPPORTED,IMAGE_REVIEW_HIGH,SUPPORTED_BITMAP,Focused review: MANUAL_BITMAP+CONTEXT; source_offset=0x40700; タル詰め,1,0x40700
G020A,8A F1,騎,SUPPORTED,IMAGE_REVIEW_HIGH,SUPPORTED_BITMAP,Focused review: MANUAL_BITMAP+CONTEXT; source_offset=0x40800; 騎士,3,0x40800
G020C,8C F1,帽,SUPPORTED,IMAGE_REVIEW_HIGH,SUPPORTED_BITMAP,Focused review: BITMAP+CONTEXT_AGREE; source_offset=0x40900; bitmap top candidate agrees with context-inferred character,9,0x40900
G021C,9C F1,匂,SUPPORTED,IMAGE_REVIEW_HIGH,SUPPORTED_BITMAP,Focused review: BITMAP+CONTEXT_AGREE; source_offset=0x41100; bitmap top candidate agrees with context-inferred character,5,0x41100
G0231,B1 F1,睡,SUPPORTED,IMAGE_REVIEW_HIGH,SUPPORTED_BITMAP,Focused review: BITMAP+CONTEXT_AGREE; source_offset=0x41B80; bitmap top candidate agrees with context-inferred character,1,0x41B80
G023D,BD F1,員,SUPPORTED,IMAGE_REVIEW_HIGH,SUPPORTED_BITMAP,Focused review: MANUAL_BITMAP+CONTEXT; source_offset=0x42180; 店員 / 全員,7,0x42180
G0248,C8 F1,各,SUPPORTED,IMAGE_REVIEW_HIGH,SUPPORTED_BITMAP,Focused review: BITMAP+CONTEXT_AGREE; source_offset=0x42700; bitmap top candidate agrees with context-inferred character,2,0x42700
G0254,D4 F1,砦,SUPPORTED,IMAGE_REVIEW_HIGH,SUPPORTED_BITMAP,Focused review: MANUAL_BITMAP+CONTEXT; source_offset=0x42D00; 最後の砦,2,0x42D00
G0255,D5 F1,墓,SUPPORTED,IMAGE_REVIEW_HIGH,SUPPORTED_BITMAP,Focused review: BITMAP+CONTEXT_AGREE; source_offset=0x42D80; bitmap top candidate agrees with context-inferred character,2,0x42D80
G026A,EA F1,腕,SUPPORTED,IMAGE_REVIEW_HIGH,SUPPORTED_BITMAP,Focused review: BITMAP+CONTEXT_AGREE; source_offset=0x43800; bitmap top candidate agrees with context-inferred character,10,0x43800
G0271,21 F2,航,SUPPORTED,IMAGE_REVIEW_HIGH,SUPPORTED_BITMAP,Focused review: BITMAP+CONTEXT_AGREE; source_offset=0x43B80; bitmap top candidate agrees with context-inferred character,6,0x43B80
G0278,28 F2,温,SUPPORTED,IMAGE_REVIEW_HIGH,SUPPORTED_BITMAP,Focused review: MANUAL_BITMAP+CONTEXT; source_offset=0x43F00; 情熱の温度,1,0x43F00
G027A,2A F2,砂,SUPPORTED,IMAGE_REVIEW_HIGH,SUPPORTED_BITMAP,Focused review: MANUAL_BITMAP+CONTEXT; source_offset=0x44000; 砂漠 / 砂糖,8,0x44000
G027B,2B F2,糖,SUPPORTED,IMAGE_REVIEW_HIGH,SUPPORTED_BITMAP,Focused review: MANUAL_BITMAP+CONTEXT; source_offset=0x44080; 砂糖,1,0x44080
G027C,2C F2,菓,SUPPORTED,IMAGE_REVIEW_HIGH,SUPPORTED_BITMAP,Focused review: MANUAL_BITMAP+CONTEXT; source_offset=0x44100; お茶菓子,2,0x44100
G028A,3A F2,語,SUPPORTED,IMAGE_REVIEW_HIGH,SUPPORTED_BITMAP,Focused review: MANUAL_BITMAP+CONTEXT; source_offset=0x44800; 語りきれない / シバ語,5,0x44800
G0298,48 F2,沼,SUPPORTED,IMAGE_REVIEW_HIGH,SUPPORTED_BITMAP,Focused review: MANUAL_BITMAP+CONTEXT; source_offset=0x44F00; 毒沼,1,0x44F00
G02A5,55 F2,影,SUPPORTED,IMAGE_REVIEW_HIGH,SUPPORTED_BITMAP,Focused review: MANUAL_BITMAP+CONTEXT; source_offset=0x45580; 影響,1,0x45580
G02A6,56 F2,髪,SUPPORTED,IMAGE_REVIEW_HIGH,SUPPORTED_BITMAP,Focused review: MANUAL_BITMAP+CONTEXT; source_offset=0x45600; 金色の髪,1,0x45600
G02A7,57 F2,賊,SUPPORTED,IMAGE_REVIEW_HIGH,SUPPORTED_BITMAP,Focused review: BITMAP+CONTEXT_AGREE; source_offset=0x45680; bitmap top candidate agrees with context-inferred character,1,0x45680
G02B7,67 F2,除,SUPPORTED,IMAGE_REVIEW_HIGH,SUPPORTED_BITMAP,Focused review: BITMAP+CONTEXT_AGREE; source_offset=0x45E80; bitmap top candidate agrees with context-inferred character,2,0x45E80
G02C0,70 F2,雑,SUPPORTED,IMAGE_REVIEW_HIGH,SUPPORTED_BITMAP,Focused review: MANUAL_BITMAP+CONTEXT; source_offset=0x46300; 雑談 / 雑学,7,0x46300
G02C3,73 F2,弁,SUPPORTED,IMAGE_REVIEW_HIGH,SUPPORTED_BITMAP,Focused review: BITMAP+CONTEXT_AGREE; source_offset=0x46480; bitmap top candidate agrees with context-inferred character,5,0x46480
G02C4,74 F2,麦,SUPPORTED,IMAGE_REVIEW_HIGH,SUPPORTED_BITMAP,Focused review: MANUAL_BITMAP+CONTEXT; source_offset=0x46500; 麦が伸びる / 風車で麦をひく,2,0x46500
G02C5,75 F2,南,SUPPORTED,IMAGE_REVIEW_HIGH,SUPPORTED_BITMAP,Focused review: MANUAL_BITMAP+CONTEXT; source_offset=0x46580; 南の島 / 南に向かう,10,0x46580
G02C6,76 F2,国,SUPPORTED,IMAGE_REVIEW_HIGH,SUPPORTED_BITMAP,Focused review: MANUAL_BITMAP+CONTEXT; source_offset=0x46600; 天国 / 南国,2,0x46600
G02C8,78 F2,救,SUPPORTED,IMAGE_REVIEW_HIGH,SUPPORTED_BITMAP,Focused review: MANUAL_BITMAP+CONTEXT; source_offset=0x46700; 救世主,3,0x46700
G02D5,85 F2,記,SUPPORTED,IMAGE_REVIEW_HIGH,SUPPORTED_BITMAP,Focused review: MANUAL_BITMAP+CONTEXT; source_offset=0x46D80; 記憶 / 日記 / 記念 / 記事,6,0x46D80
G02D9,89 F2,駆,SUPPORTED,IMAGE_REVIEW_HIGH,SUPPORTED_BITMAP,Focused review: MANUAL_BITMAP+CONTEXT; source_offset=0x46F80; 駆除 / 駆け回る,6,0x46F80
G02E3,93 F2,原,SUPPORTED,IMAGE_REVIEW_HIGH,SUPPORTED_BITMAP,Focused review: BITMAP+CONTEXT_AGREE; source_offset=0x47480; bitmap top candidate agrees with context-inferred character,10,0x47480
G02E8,98 F2,茶,SUPPORTED,IMAGE_REVIEW_HIGH,SUPPORTED_BITMAP,Focused review: MANUAL_BITMAP+CONTEXT; source_offset=0x47700; 健康茶 / お茶菓子 / お茶に呼ぶ,20,0x47700
G02ED,9D F2,犬,SUPPORTED,IMAGE_REVIEW_HIGH,SUPPORTED_BITMAP,Focused review: MANUAL_BITMAP+CONTEXT; source_offset=0x47980; 子犬,3,0x47980
G02EF,9F F2,陸,SUPPORTED,IMAGE_REVIEW_HIGH,SUPPORTED_BITMAP,Focused review: MANUAL_BITMAP+CONTEXT; source_offset=0x47A80; bitmap + repeated 大陸 contexts; prior context-only 都 was wrong,17,0x47A80
G02F9,A9 F2,校,SUPPORTED,IMAGE_REVIEW_HIGH,SUPPORTED_BITMAP,Focused review: BITMAP+CONTEXT_AGREE; source_offset=0x47F80; bitmap top candidate agrees with context-inferred character,2,0x47F80
G02FD,AD F2,城,SUPPORTED,IMAGE_REVIEW_HIGH,SUPPORTED_BITMAP,Focused review: MANUAL_BITMAP+CONTEXT; source_offset=0x48180; 空を飛ぶ城,3,0x48180
G02FE,AE F2,主,SUPPORTED,IMAGE_REVIEW_HIGH,SUPPORTED_BITMAP,Focused review: MANUAL_BITMAP+CONTEXT; source_offset=0x48200; 持ち主 / 救世主,17,0x48200
G0329,D9 F2,舞,SUPPORTED,IMAGE_REVIEW_HIGH,SUPPORTED_BITMAP,Focused review: MANUAL_BITMAP+CONTEXT; source_offset=0x49780; お見舞い,5,0x49780
G0330,E0 F2,画,SUPPORTED,IMAGE_REVIEW_HIGH,SUPPORTED_BITMAP,Focused review: MANUAL_BITMAP+CONTEXT; source_offset=0x49B00; 計画的 / 映画 / 画面 / 肖像画,18,0x49B00
G033C,EC F2,牙,SUPPORTED,IMAGE_REVIEW_HIGH,SUPPORTED_BITMAP,Focused review: MANUAL_BITMAP+CONTEXT; source_offset=0x4A100; bitmap + contexts セイウチの牙 / 立派な牙,20,0x4A100
G0342,22 F3,瞬,SUPPORTED,IMAGE_REVIEW_HIGH,SUPPORTED_BITMAP,Focused review: BITMAP+CONTEXT_AGREE; source_offset=0x4A400; bitmap top candidate agrees with context-inferred character,1,0x4A400
G0344,24 F3,八,SUPPORTED,IMAGE_REVIEW_HIGH,SUPPORTED_BITMAP,Focused review: BITMAP+CONTEXT_AGREE; source_offset=0x4A500; bitmap top candidate agrees with context-inferred character,3,0x4A500
G034C,2C F3,狂,SUPPORTED,IMAGE_REVIEW_HIGH,SUPPORTED_BITMAP,Focused review: MANUAL_BITMAP+CONTEXT; source_offset=0x4A900; 荒れ狂った,1,0x4A900
G0352,32 F3,卵,SUPPORTED,IMAGE_REVIEW_HIGH,SUPPORTED_BITMAP,Focused review: MANUAL_BITMAP+CONTEXT; source_offset=0x4AC00; bitmap/context,2,0x4AC00
G0354,34 F3,謎,SUPPORTED,IMAGE_REVIEW_HIGH,SUPPORTED_BITMAP,Focused review: MANUAL_BITMAP+CONTEXT; source_offset=0x4AD00; bitmap/context,5,0x4AD00
G0355,35 F3,掛,SUPPORTED,IMAGE_REVIEW_HIGH,SUPPORTED_BITMAP,Focused review: BITMAP+CONTEXT_AGREE; source_offset=0x4AD80; bitmap top candidate agrees with context-inferred character,1,0x4AD80
G0356,36 F3,丸,SUPPORTED,IMAGE_REVIEW_HIGH,SUPPORTED_BITMAP,Focused review: MANUAL_BITMAP+CONTEXT; source_offset=0x4AE00; 丸っこい,1,0x4AE00
G035B,3B F3,滑,SUPPORTED,IMAGE_REVIEW_HIGH,SUPPORTED_BITMAP,Focused review: BITMAP+CONTEXT_AGREE; source_offset=0x4B080; bitmap top candidate agrees with context-inferred character,1,0x4B080
G035F,3F F3,粘,SUPPORTED,IMAGE_REVIEW_HIGH,SUPPORTED_BITMAP,Focused review: BITMAP+CONTEXT_AGREE; source_offset=0x4B280; bitmap top candidate agrees with context-inferred character,1,0x4B280
G0364,44 F3,尻,SUPPORTED,IMAGE_REVIEW_HIGH,SUPPORTED_BITMAP,Focused review: BITMAP+CONTEXT_AGREE; source_offset=0x4B500; bitmap top candidate agrees with context-inferred character,4,0x4B500
G0365,45 F3,尾,SUPPORTED,IMAGE_REVIEW_HIGH,SUPPORTED_BITMAP,Focused review: MANUAL_BITMAP+CONTEXT; source_offset=0x4B580; 尻尾,2,0x4B580
G036E,4E F3,怯,SUPPORTED,IMAGE_REVIEW_HIGH,SUPPORTED_BITMAP,Focused review: BITMAP+CONTEXT_AGREE; source_offset=0x4BA00; bitmap top candidate agrees with context-inferred character,1,0x4BA00
G036F,4F F3,百,SUPPORTED,IMAGE_REVIEW_HIGH,SUPPORTED_BITMAP,Focused review: MANUAL_BITMAP+CONTEXT; source_offset=0x4BA80; 何百年,5,0x4BA80
G0370,50 F3,第,SUPPORTED,IMAGE_REVIEW_HIGH,SUPPORTED_BITMAP,Focused review: BITMAP+CONTEXT_AGREE; source_offset=0x4BB00; bitmap top candidate agrees with context-inferred character,7,0x4BB00
G0381,61 F3,胃,SUPPORTED,IMAGE_REVIEW_HIGH,SUPPORTED_BITMAP,Focused review: MANUAL_BITMAP+CONTEXT; source_offset=0x4C380; 胃袋,12,0x4C380
G038C,6C F3,映,SUPPORTED,IMAGE_REVIEW_HIGH,SUPPORTED_BITMAP,Focused review: MANUAL_BITMAP+CONTEXT; source_offset=0x4C900; 映画,5,0x4C900
G038E,6E F3,泳,SUPPORTED,IMAGE_REVIEW_HIGH,SUPPORTED_BITMAP,Focused review: MANUAL_BITMAP+CONTEXT; source_offset=0x4CA00; bitmap/context,1,0x4CA00
G039B,7B F3,横,SUPPORTED,IMAGE_REVIEW_HIGH,SUPPORTED_BITMAP,Focused review: MANUAL_BITMAP+CONTEXT; source_offset=0x4D080; bitmap/context,5,0x4D080
G039C,7C F3,殴,SUPPORTED,IMAGE_REVIEW_HIGH,SUPPORTED_BITMAP,Focused review: MANUAL_BITMAP+CONTEXT; source_offset=0x4D100; bitmap/context,1,0x4D100
G03AD,8D F3,械,SUPPORTED,IMAGE_REVIEW_HIGH,SUPPORTED_BITMAP,Focused review: BITMAP+CONTEXT_AGREE; source_offset=0x4D980; bitmap top candidate agrees with context-inferred character,8,0x4D980
G03B2,92 F3,街,SUPPORTED,IMAGE_REVIEW_HIGH,SUPPORTED_BITMAP,Focused review: MANUAL_BITMAP+CONTEXT; source_offset=0x4DC00; bitmap/context,9,0x4DC00
G03B3,93 F3,獲,SUPPORTED,IMAGE_REVIEW_HIGH,SUPPORTED_BITMAP,Focused review: BITMAP+CONTEXT_AGREE; source_offset=0x4DC80; bitmap top candidate agrees with context-inferred character,3,0x4DC80
G03BD,9D F3,慣,SUPPORTED,IMAGE_REVIEW_HIGH,SUPPORTED_BITMAP,Focused review: MANUAL_BITMAP+CONTEXT; source_offset=0x4E180; 慣れ / 慣らし,6,0x4E180
G03BF,9F F3,歓,SUPPORTED,IMAGE_REVIEW_HIGH,SUPPORTED_BITMAP,Focused review: MANUAL_BITMAP+CONTEXT; source_offset=0x4E280; 大歓迎,5,0x4E280
G03C8,A8 F3,関,SUPPORTED,IMAGE_REVIEW_HIGH,SUPPORTED_BITMAP,Focused review: MANUAL_BITMAP+CONTEXT; source_offset=0x4E700; 玄関 / 関係,14,0x4E700
G03CA,AA F3,岸,SUPPORTED,IMAGE_REVIEW_HIGH,SUPPORTED_BITMAP,Focused review: BITMAP+CONTEXT_AGREE; source_offset=0x4E800; bitmap top candidate agrees with context-inferred character,4,0x4E800
G03DB,BB F3,客,SUPPORTED,IMAGE_REVIEW_HIGH,SUPPORTED_BITMAP,Focused review: BITMAP+CONTEXT_AGREE; source_offset=0x4F080; bitmap top candidate agrees with context-inferred character,15,0x4F080
G03DD,BD F3,先,SUPPORTED,IMAGE_REVIEW_HIGH,SUPPORTED_BITMAP,Focused review: MANUAL_BITMAP+CONTEXT; source_offset=0x4F180; bitmap/context,6,0x4F180
G03E6,C6 F3,居,SUPPORTED,IMAGE_REVIEW_HIGH,SUPPORTED_BITMAP,Focused review: MANUAL_BITMAP+CONTEXT; source_offset=0x4F600; 紙芝居,8,0x4F600
G03E7,C7 F3,拒,SUPPORTED,IMAGE_REVIEW_HIGH,SUPPORTED_BITMAP,Focused review: MANUAL_BITMAP+CONTEXT; source_offset=0x4F680; bitmap/context,2,0x4F680
G03E9,C9 F3,漁,SUPPORTED,IMAGE_REVIEW_HIGH,SUPPORTED_BITMAP,Focused review: MANUAL_BITMAP+CONTEXT; source_offset=0x4F780; 漁師 / ゴミ漁り,2,0x4F780
G03EB,CB F3,共,SUPPORTED,IMAGE_REVIEW_HIGH,SUPPORTED_BITMAP,Focused review: MANUAL_BITMAP+CONTEXT; source_offset=0x4F880; 共感できる友達,5,0x4F880
G03F0,D0 F3,詩,SUPPORTED,IMAGE_REVIEW_HIGH,SUPPORTED_BITMAP,Focused review: MANUAL_BITMAP+CONTEXT; source_offset=0x4FB00; 始まりの詩,1,0x4FB00
G03F4,D4 F3,響,SUPPORTED,IMAGE_REVIEW_HIGH,SUPPORTED_BITMAP,Focused review: MANUAL_BITMAP+CONTEXT; source_offset=0x4FD00; 影響 / 音が響く,2,0x4FD00
G03FA,DA F3,句,SUPPORTED,IMAGE_REVIEW_HIGH,SUPPORTED_BITMAP,Focused review: BITMAP+CONTEXT_AGREE; source_offset=0x50000; bitmap top candidate agrees with context-inferred character,1,0x50000
G03FC,DC F3,偶,SUPPORTED,IMAGE_REVIEW_HIGH,SUPPORTED_BITMAP,Focused review: MANUAL_BITMAP+CONTEXT; source_offset=0x50100; 偶然,5,0x50100
G03FD,DD F3,遇,SUPPORTED,IMAGE_REVIEW_HIGH,SUPPORTED_BITMAP,Focused review: MANUAL_BITMAP+CONTEXT; source_offset=0x50180; 奇遇,1,0x50180
G0402,E2 F3,訓,SUPPORTED,IMAGE_REVIEW_HIGH,SUPPORTED_BITMAP,Focused review: MANUAL_BITMAP+CONTEXT; source_offset=0x50400; 教訓 / 特訓,2,0x50400
G0404,E4 F3,係,SUPPORTED,IMAGE_REVIEW_HIGH,SUPPORTED_BITMAP,Focused review: MANUAL_BITMAP+CONTEXT; source_offset=0x50500; 関係,8,0x50500
G0408,E8 F3,憩,SUPPORTED,IMAGE_REVIEW_HIGH,SUPPORTED_BITMAP,Focused review: MANUAL_BITMAP+CONTEXT; source_offset=0x50700; 休憩,1,0x50700
G0409,E9 F3,拝,SUPPORTED,IMAGE_REVIEW_HIGH,SUPPORTED_BITMAP,Focused review: MANUAL_BITMAP+CONTEXT; source_offset=0x50780; 崇拝,2,0x50780
G040E,EE F3,劇,SUPPORTED,IMAGE_REVIEW_HIGH,SUPPORTED_BITMAP,Focused review: MANUAL_BITMAP+CONTEXT; source_offset=0x50A00; 悲劇,1,0x50A00
G0413,23 F4,健,SUPPORTED,IMAGE_REVIEW_HIGH,SUPPORTED_BITMAP,Focused review: MANUAL_BITMAP+CONTEXT; source_offset=0x50C80; 健康,2,0x50C80
G0415,25 F4,建,SUPPORTED,IMAGE_REVIEW_HIGH,SUPPORTED_BITMAP,Focused review: BITMAP+CONTEXT_AGREE; source_offset=0x50D80; bitmap top candidate agrees with context-inferred character,3,0x50D80
G0416,26 F4,商,SUPPORTED,IMAGE_REVIEW_HIGH,SUPPORTED_BITMAP,Focused review: MANUAL_BITMAP+CONTEXT; source_offset=0x50E00; 商品,1,0x50E00
G0417,27 F4,権,SUPPORTED,IMAGE_REVIEW_HIGH,SUPPORTED_BITMAP,Focused review: MANUAL_BITMAP+CONTEXT; source_offset=0x50E80; 芸術の権威 / 権利,3,0x50E80
G0419,29 F4,研,SUPPORTED,IMAGE_REVIEW_HIGH,SUPPORTED_BITMAP,Focused review: BITMAP+CONTEXT_AGREE; source_offset=0x50F80; bitmap top candidate agrees with context-inferred character,2,0x50F80
G041C,2C F4,厳,SUPPORTED,IMAGE_REVIEW_HIGH,SUPPORTED_BITMAP,Focused review: MANUAL_BITMAP+CONTEXT; source_offset=0x51100; Japanese shinjitai 厳; bitmap may resemble old form,5,0x51100
G041D,2D F4,源,SUPPORTED,IMAGE_REVIEW_HIGH,SUPPORTED_BITMAP,Focused review: BITMAP+CONTEXT_AGREE; source_offset=0x51180; bitmap top candidate agrees with context-inferred character,2,0x51180
G041F,2F F4,固,SUPPORTED,IMAGE_REVIEW_HIGH,SUPPORTED_BITMAP,Focused review: MANUAL_BITMAP+CONTEXT; source_offset=0x51280; 固定,5,0x51280
G0420,30 F4,己,SUPPORTED,IMAGE_REVIEW_HIGH,SUPPORTED_BITMAP,Focused review: MANUAL_BITMAP+CONTEXT; source_offset=0x51300; 自己中 / 自己暗示,2,0x51300
G0421,31 F4,庫,SUPPORTED,IMAGE_REVIEW_HIGH,SUPPORTED_BITMAP,Focused review: MANUAL_BITMAP+CONTEXT; source_offset=0x51380; 倉庫,1,0x51380
G0425,35 F4,誇,SUPPORTED,IMAGE_REVIEW_HIGH,SUPPORTED_BITMAP,Focused review: MANUAL_BITMAP+CONTEXT; source_offset=0x51580; 誇らしい,1,0x51580
G0430,40 F4,康,SUPPORTED,IMAGE_REVIEW_HIGH,SUPPORTED_BITMAP,Focused review: MANUAL_BITMAP+CONTEXT; source_offset=0x51B00; 健康茶,2,0x51B00
G0433,43 F4,港,SUPPORTED,IMAGE_REVIEW_HIGH,SUPPORTED_BITMAP,Focused review: MANUAL_BITMAP+CONTEXT; source_offset=0x51C80; 港 / 港町,12,0x51C80
G043A,4A F4,告,SUPPORTED,IMAGE_REVIEW_HIGH,SUPPORTED_BITMAP,Focused review: BITMAP+CONTEXT_AGREE; source_offset=0x52000; bitmap top candidate agrees with context-inferred character,2,0x52000
G043B,4B F4,腰,SUPPORTED,IMAGE_REVIEW_HIGH,SUPPORTED_BITMAP,Focused review: MANUAL_BITMAP+CONTEXT; source_offset=0x52080; 腰痛 / 足腰,8,0x52080
G0441,51 F4,差,SUPPORTED,IMAGE_REVIEW_HIGH,SUPPORTED_BITMAP,Focused review: MANUAL_BITMAP+CONTEXT; source_offset=0x52380; 差し入れ,1,0x52380
G0443,53 F4,残,SUPPORTED,IMAGE_REVIEW_HIGH,SUPPORTED_BITMAP,Focused review: MANUAL_BITMAP+CONTEXT; source_offset=0x52480; 残ってら,1,0x52480
G044B,5B F4,菜,SUPPORTED,IMAGE_REVIEW_HIGH,SUPPORTED_BITMAP,Focused review: MANUAL_BITMAP+CONTEXT; source_offset=0x52880; 野菜,2,0x52880
G044D,5D F4,材,SUPPORTED,IMAGE_REVIEW_HIGH,SUPPORTED_BITMAP,Focused review: BITMAP+CONTEXT_AGREE; source_offset=0x52980; bitmap top candidate agrees with context-inferred character,1,0x52980
G0455,65 F4,撮,SUPPORTED,IMAGE_REVIEW_HIGH,SUPPORTED_BITMAP,Focused review: MANUAL_BITMAP+CONTEXT; source_offset=0x52D80; 写真をどこで撮ってきた,1,0x52D80
G0457,67 F4,歳,SUPPORTED,IMAGE_REVIEW_HIGH,SUPPORTED_BITMAP,Focused review: MANUAL_BITMAP+CONTEXT; source_offset=0x52E80; age contexts,1,0x52E80
G0459,69 F4,散,SUPPORTED,IMAGE_REVIEW_HIGH,SUPPORTED_BITMAP,Focused review: MANUAL_BITMAP+CONTEXT; source_offset=0x52F80; 散る / 散歩 / 散々,10,0x52F80
G045A,6A F4,産,SUPPORTED,IMAGE_REVIEW_HIGH,SUPPORTED_BITMAP,Focused review: BITMAP+CONTEXT_AGREE; source_offset=0x53000; bitmap top candidate agrees with context-inferred character,1,0x53000
G045E,6E F4,読,SUPPORTED,IMAGE_REVIEW_HIGH,SUPPORTED_BITMAP,Focused review: MANUAL_BITMAP+CONTEXT; source_offset=0x53200; 読書,1,0x53200
G0461,71 F4,姿,SUPPORTED,IMAGE_REVIEW_HIGH,SUPPORTED_BITMAP,Focused review: BITMAP+CONTEXT_AGREE; source_offset=0x53380; bitmap top candidate agrees with context-inferred character,9,0x53380
G0465,75 F4,支,SUPPORTED,IMAGE_REVIEW_HIGH,SUPPORTED_BITMAP,Focused review: BITMAP+CONTEXT_AGREE; source_offset=0x53580; bitmap top candidate agrees with context-inferred character,1,0x53580
G046B,7B F4,誌,SUPPORTED,IMAGE_REVIEW_HIGH,SUPPORTED_BITMAP,Focused review: MANUAL_BITMAP+CONTEXT; source_offset=0x53880; 女性雑誌,1,0x53880
G046E,7E F4,歯,SUPPORTED,IMAGE_REVIEW_HIGH,SUPPORTED_BITMAP,Focused review: MANUAL_BITMAP+CONTEXT; source_offset=0x53A00; 虫歯,1,0x53A00
G0470,80 F4,示,SUPPORTED,IMAGE_REVIEW_HIGH,SUPPORTED_BITMAP,Focused review: MANUAL_BITMAP+CONTEXT; source_offset=0x53B00; 暗示 / 示す,7,0x53B00
G0471,81 F4,耳,SUPPORTED,IMAGE_REVIEW_HIGH,SUPPORTED_BITMAP,Focused review: MANUAL_BITMAP+CONTEXT; source_offset=0x53B80; 初耳 / 長い耳,2,0x53B80
G0476,86 F4,芝,SUPPORTED,IMAGE_REVIEW_HIGH,SUPPORTED_BITMAP,Focused review: MANUAL_BITMAP+CONTEXT; source_offset=0x53E00; 紙芝居,7,0x53E00
G0477,87 F4,密,SUPPORTED,IMAGE_REVIEW_HIGH,SUPPORTED_BITMAP,Focused review: MANUAL_BITMAP+CONTEXT; source_offset=0x53E80; 秘密,1,0x53E80
G0478,88 F4,写,SUPPORTED,IMAGE_REVIEW_HIGH,SUPPORTED_BITMAP,Focused review: MANUAL_BITMAP+CONTEXT; source_offset=0x53F00; 写真,1,0x53F00
G047C,8C F4,車,SUPPORTED,IMAGE_REVIEW_HIGH,SUPPORTED_BITMAP,Focused review: MANUAL_BITMAP+CONTEXT; source_offset=0x54100; 馬車 / 肩車 / 風車,5,0x54100
G0481,91 F4,趣,SUPPORTED,IMAGE_REVIEW_HIGH,SUPPORTED_BITMAP,Focused review: BITMAP+CONTEXT_AGREE; source_offset=0x54380; bitmap top candidate agrees with context-inferred character,1,0x54380
G0483,93 F4,始,SUPPORTED,IMAGE_REVIEW_HIGH,SUPPORTED_BITMAP,Focused review: MANUAL_BITMAP+CONTEXT; source_offset=0x54480; bitmap/context,1,0x54480
G0485,95 F4,買,SUPPORTED,IMAGE_REVIEW_HIGH,SUPPORTED_BITMAP,Focused review: MANUAL_BITMAP+CONTEXT; source_offset=0x54580; bitmap/context,3,0x54580
G0490,A0 F4,祝,SUPPORTED,IMAGE_REVIEW_HIGH,SUPPORTED_BITMAP,Focused review: MANUAL_BITMAP+CONTEXT; source_offset=0x54B00; 祝福 / 祝して,6,0x54B00
G0496,A6 F4,処,SUPPORTED,IMAGE_REVIEW_HIGH,SUPPORTED_BITMAP,Focused review: MANUAL_BITMAP+CONTEXT; source_offset=0x54E00; 善処,1,0x54E00
G0497,A7 F4,暑,SUPPORTED,IMAGE_REVIEW_HIGH,SUPPORTED_BITMAP,Focused review: BITMAP+CONTEXT_AGREE; source_offset=0x54E80; bitmap top candidate agrees with context-inferred character,1,0x54E80
G049D,AD F4,商,SUPPORTED,IMAGE_REVIEW_HIGH,SUPPORTED_BITMAP,Focused review: BITMAP+CONTEXT_AGREE; source_offset=0x55180; bitmap top candidate agrees with context-inferred character,3,0x55180
G049F,AF F4,承,SUPPORTED,IMAGE_REVIEW_HIGH,SUPPORTED_BITMAP,Focused review: BITMAP+CONTEXT_AGREE; source_offset=0x55280; bitmap top candidate agrees with context-inferred character,1,0x55280
G04A9,B9 F4,象,SUPPORTED,IMAGE_REVIEW_HIGH,SUPPORTED_BITMAP,Focused review: BITMAP+CONTEXT_AGREE; source_offset=0x55780; bitmap top candidate agrees with context-inferred character,3,0x55780
G04AB,BB F4,冗,SUPPORTED,IMAGE_REVIEW_HIGH,SUPPORTED_BITMAP,Focused review: MANUAL_BITMAP+CONTEXT; source_offset=0x55880; 冗談,2,0x55880
G04B5,C5 F4,寝,SUPPORTED,IMAGE_REVIEW_HIGH,SUPPORTED_BITMAP,Focused review: BITMAP+CONTEXT_AGREE; source_offset=0x55D80; bitmap top candidate agrees with context-inferred character,30,0x55D80
G04B7,C7 F4,深,SUPPORTED,IMAGE_REVIEW_HIGH,SUPPORTED_BITMAP,Focused review: MANUAL_BITMAP+CONTEXT; source_offset=0x55E80; 深呼吸 / 疑い深い / 深刻,8,0x55E80
G04BE,CE F4,遂,SUPPORTED,IMAGE_REVIEW_HIGH,SUPPORTED_BITMAP,Focused review: MANUAL_BITMAP+CONTEXT; source_offset=0x56200; やり遂げた,1,0x56200
G04CB,DB F4,静,SUPPORTED,IMAGE_REVIEW_HIGH,SUPPORTED_BITMAP,Focused review: MANUAL_BITMAP+CONTEXT; source_offset=0x56880; 静かな砂漠,1,0x56880
G04CC,DC F4,席,SUPPORTED,IMAGE_REVIEW_HIGH,SUPPORTED_BITMAP,Focused review: MANUAL_BITMAP+CONTEXT; source_offset=0x56900; 操縦席 / 観覧席,3,0x56900
G04D4,E4 F4,占,SUPPORTED,IMAGE_REVIEW_HIGH,SUPPORTED_BITMAP,Focused review: MANUAL_BITMAP+CONTEXT; source_offset=0x56D00; 占い / 占って / 占領,5,0x56D00
G04D6,E6 F4,専,SUPPORTED,IMAGE_REVIEW_HIGH,SUPPORTED_BITMAP,Focused review: BITMAP+CONTEXT_AGREE; source_offset=0x56E00; bitmap top candidate agrees with context-inferred character,2,0x56E00
G04D7,E7 F4,川,SUPPORTED,IMAGE_REVIEW_HIGH,SUPPORTED_BITMAP,Focused review: MANUAL_BITMAP+CONTEXT; source_offset=0x56E80; bitmap/context,4,0x56E80
G04DA,EA F4,祖,SUPPORTED,IMAGE_REVIEW_HIGH,SUPPORTED_BITMAP,Focused review: MANUAL_BITMAP+CONTEXT; source_offset=0x57000; ご先祖様,1,0x57000
G04DB,EB F4,企,SUPPORTED,IMAGE_REVIEW_HIGH,SUPPORTED_BITMAP,Focused review: MANUAL_BITMAP+CONTEXT; source_offset=0x57080; 企む,1,0x57080
G04DC,EC F4,阻,SUPPORTED,IMAGE_REVIEW_HIGH,SUPPORTED_BITMAP,Focused review: BITMAP+CONTEXT_AGREE; source_offset=0x57100; bitmap top candidate agrees with context-inferred character,1,0x57100
G04E0,20 F5,倉,SUPPORTED,IMAGE_REVIEW_HIGH,SUPPORTED_BITMAP,Focused review: MANUAL_BITMAP+CONTEXT; source_offset=0x57300; 倉庫,1,0x57300
G04E3,23 F5,掃,SUPPORTED,IMAGE_REVIEW_HIGH,SUPPORTED_BITMAP,Focused review: BITMAP+CONTEXT_AGREE; source_offset=0x57480; bitmap top candidate agrees with context-inferred character,1,0x57480
G04E4,24 F5,操,SUPPORTED,IMAGE_REVIEW_HIGH,SUPPORTED_BITMAP,Focused review: MANUAL_BITMAP+CONTEXT; source_offset=0x57500; 操縦,13,0x57500
G04E5,25 F5,争,SUPPORTED,IMAGE_REVIEW_HIGH,SUPPORTED_BITMAP,Focused review: MANUAL_BITMAP+CONTEXT; source_offset=0x57580; 競争 / 争い,5,0x57580
G04E8,28 F5,総,SUPPORTED,IMAGE_REVIEW_HIGH,SUPPORTED_BITMAP,Focused review: BITMAP+CONTEXT_AGREE; source_offset=0x57700; bitmap top candidate agrees with context-inferred character,1,0x57700
G04EB,2B F5,騒,SUPPORTED,IMAGE_REVIEW_HIGH,SUPPORTED_BITMAP,Focused review: MANUAL_BITMAP+CONTEXT; source_offset=0x57880; 騒ぎ,1,0x57880
G04F0,30 F5,則,SUPPORTED,IMAGE_REVIEW_HIGH,SUPPORTED_BITMAP,Focused review: BITMAP+CONTEXT_AGREE; source_offset=0x57B00; bitmap top candidate agrees with context-inferred character,7,0x57B00
G04F2,32 F5,崇,SUPPORTED,IMAGE_REVIEW_HIGH,SUPPORTED_BITMAP,Focused review: MANUAL_BITMAP+CONTEXT; source_offset=0x57C00; 崇拝,2,0x57C00
G04F7,37 F5,貸,SUPPORTED,IMAGE_REVIEW_HIGH,SUPPORTED_BITMAP,Focused review: BITMAP+CONTEXT_AGREE; source_offset=0x57E80; bitmap top candidate agrees with context-inferred character,4,0x57E80
G04FB,3B F5,題,SUPPORTED,IMAGE_REVIEW_HIGH,SUPPORTED_BITMAP,Focused review: MANUAL_BITMAP+CONTEXT; source_offset=0x58080; 問題,7,0x58080
G0504,44 F5,団,SUPPORTED,IMAGE_REVIEW_HIGH,SUPPORTED_BITMAP,Focused review: BITMAP+CONTEXT_AGREE; source_offset=0x58500; bitmap top candidate agrees with context-inferred character,1,0x58500
G0508,48 F5,談,SUPPORTED,IMAGE_REVIEW_HIGH,SUPPORTED_BITMAP,Focused review: MANUAL_BITMAP+CONTEXT; source_offset=0x58700; 雑談,7,0x58700
G050B,4B F5,遅,SUPPORTED,IMAGE_REVIEW_HIGH,SUPPORTED_BITMAP,Focused review: BITMAP+CONTEXT_AGREE; source_offset=0x58880; bitmap top candidate agrees with context-inferred character,5,0x58880
G050C,4C F5,畜,SUPPORTED,IMAGE_REVIEW_HIGH,SUPPORTED_BITMAP,Focused review: MANUAL_BITMAP+CONTEXT; source_offset=0x58900; 家畜,1,0x58900
G0510,50 F5,昼,SUPPORTED,IMAGE_REVIEW_HIGH,SUPPORTED_BITMAP,Focused review: MANUAL_BITMAP+CONTEXT; source_offset=0x58B00; お昼 / 昼間,2,0x58B00
G0512,52 F5,張,SUPPORTED,IMAGE_REVIEW_HIGH,SUPPORTED_BITMAP,Focused review: MANUAL_BITMAP+CONTEXT; source_offset=0x58C00; なわ張り / 見張る / 緊張,14,0x58C00
G0514,54 F5,朝,SUPPORTED,IMAGE_REVIEW_HIGH,SUPPORTED_BITMAP,Focused review: MANUAL_BITMAP+CONTEXT; source_offset=0x58D00; 朝だって早起き / 朝まで / いい朝 / 朝っぱら,4,0x58D00
G0515,55 F5,潮,SUPPORTED,IMAGE_REVIEW_HIGH,SUPPORTED_BITMAP,Focused review: MANUAL_BITMAP+CONTEXT; source_offset=0x58D80; 潮の匂い / 潮風,4,0x58D80
G051E,5E F5,痛,SUPPORTED,IMAGE_REVIEW_HIGH,SUPPORTED_BITMAP,Focused review: MANUAL_BITMAP+CONTEXT; source_offset=0x59200; 腰痛,6,0x59200
G0522,62 F5,底,SUPPORTED,IMAGE_REVIEW_HIGH,SUPPORTED_BITMAP,Focused review: MANUAL_BITMAP+CONTEXT; source_offset=0x59400; bitmap/context,4,0x59400
G0523,63 F5,弟,SUPPORTED,IMAGE_REVIEW_HIGH,SUPPORTED_BITMAP,Focused review: MANUAL_BITMAP+CONTEXT; source_offset=0x59480; 弟さん / 兄弟,6,0x59480
G052B,6B F5,殿,SUPPORTED,IMAGE_REVIEW_HIGH,SUPPORTED_BITMAP,Focused review: MANUAL_BITMAP+CONTEXT; source_offset=0x59880; 神殿,5,0x59880
G052C,6C F5,秘,SUPPORTED,IMAGE_REVIEW_HIGH,SUPPORTED_BITMAP,Focused review: MANUAL_BITMAP+CONTEXT; source_offset=0x59900; 秘密,1,0x59900
G052D,6D F5,賭,SUPPORTED,IMAGE_REVIEW_HIGH,SUPPORTED_BITMAP,Focused review: BITMAP+CONTEXT_AGREE; source_offset=0x59980; bitmap top candidate agrees with context-inferred character,1,0x59980
G0535,75 F5,冬,SUPPORTED,IMAGE_REVIEW_HIGH,SUPPORTED_BITMAP,Focused review: BITMAP+CONTEXT_AGREE; source_offset=0x59D80; bitmap top candidate agrees with context-inferred character,1,0x59D80
G0536,76 F5,島,SUPPORTED,IMAGE_REVIEW_HIGH,SUPPORTED_BITMAP,Focused review: MANUAL_BITMAP+CONTEXT; source_offset=0x59E00; 南の島 / ランドート島,5,0x59E00
G0540,80 F5,踏,SUPPORTED,IMAGE_REVIEW_HIGH,SUPPORTED_BITMAP,Focused review: BITMAP+CONTEXT_AGREE; source_offset=0x5A300; bitmap top candidate agrees with context-inferred character,7,0x5A300
G0541,81 F5,働,SUPPORTED,IMAGE_REVIEW_HIGH,SUPPORTED_BITMAP,Focused review: MANUAL_BITMAP+CONTEXT; source_offset=0x5A380; bitmap/context,1,0x5A380
G0549,89 F5,念,SUPPORTED,IMAGE_REVIEW_HIGH,SUPPORTED_BITMAP,Focused review: BITMAP+CONTEXT_AGREE; source_offset=0x5A780; bitmap top candidate agrees with context-inferred character,7,0x5A780
G0550,90 F5,馬,SUPPORTED,IMAGE_REVIEW_HIGH,SUPPORTED_BITMAP,Focused review: MANUAL_BITMAP+CONTEXT; source_offset=0x5AB00; 馬車 / 馬に乗る,4,0x5AB00
G0551,91 F5,廃,SUPPORTED,IMAGE_REVIEW_HIGH,SUPPORTED_BITMAP,Focused review: MANUAL_BITMAP+CONTEXT; source_offset=0x5AB80; 廃業 / 廃墟,2,0x5AB80
G0552,92 F5,拝,SUPPORTED,IMAGE_REVIEW_HIGH,SUPPORTED_BITMAP,Focused review: MANUAL_BITMAP+CONTEXT; source_offset=0x5AC00; 参拝,3,0x5AC00
G0555,95 F5,背,SUPPORTED,IMAGE_REVIEW_HIGH,SUPPORTED_BITMAP,Focused review: MANUAL_BITMAP+CONTEXT; source_offset=0x5AD80; 背中 / 背に乗る,11,0x5AD80
G0557,97 F5,博,SUPPORTED,IMAGE_REVIEW_HIGH,SUPPORTED_BITMAP,Focused review: BITMAP+CONTEXT_AGREE; source_offset=0x5AE80; bitmap top candidate agrees with context-inferred character,6,0x5AE80
G055B,9B F5,漠,SUPPORTED,IMAGE_REVIEW_HIGH,SUPPORTED_BITMAP,Focused review: MANUAL_BITMAP+CONTEXT; source_offset=0x5B080; 砂漠,7,0x5B080
G055D,9D F5,巫,SUPPORTED,IMAGE_REVIEW_HIGH,SUPPORTED_BITMAP,Focused review: BITMAP+CONTEXT_AGREE; source_offset=0x5B180; bitmap top candidate agrees with context-inferred character,2,0x5B180
G0560,A0 F5,畑,SUPPORTED,IMAGE_REVIEW_HIGH,SUPPORTED_BITMAP,Focused review: BITMAP+CONTEXT_AGREE; source_offset=0x5B300; bitmap top candidate agrees with context-inferred character,2,0x5B300
G0562,A2 F5,半,SUPPORTED,IMAGE_REVIEW_HIGH,SUPPORTED_BITMAP,Focused review: BITMAP+CONTEXT_AGREE; source_offset=0x5B400; bitmap top candidate agrees with context-inferred character,6,0x5B400
G0564,A4 F5,帆,SUPPORTED,IMAGE_REVIEW_HIGH,SUPPORTED_BITMAP,Focused review: BITMAP+CONTEXT_AGREE; source_offset=0x5B500; bitmap top candidate agrees with context-inferred character,1,0x5B500
G0565,A5 F5,版,SUPPORTED,IMAGE_REVIEW_HIGH,SUPPORTED_BITMAP,Focused review: MANUAL_BITMAP+CONTEXT; source_offset=0x5B580; 大型版,1,0x5B580
G056D,AD F5,扉,SUPPORTED,IMAGE_REVIEW_HIGH,SUPPORTED_BITMAP,Focused review: MANUAL_BITMAP+CONTEXT; source_offset=0x5B980; bitmap/context,2,0x5B980
G0573,B3 F5,鼻,SUPPORTED,IMAGE_REVIEW_HIGH,SUPPORTED_BITMAP,Focused review: MANUAL_BITMAP+CONTEXT; source_offset=0x5BC80; bitmap/context,5,0x5BC80
G0574,B4 F5,匹,SUPPORTED,IMAGE_REVIEW_HIGH,SUPPORTED_BITMAP,Focused review: MANUAL_BITMAP+CONTEXT; source_offset=0x5BD00; 1匹2匹,2,0x5BD00
G0579,B9 F5,表,SUPPORTED,IMAGE_REVIEW_HIGH,SUPPORTED_BITMAP,Focused review: BITMAP+CONTEXT_AGREE; source_offset=0x5BF80; bitmap top candidate agrees with context-inferred character,4,0x5BF80
G0583,C3 F5,福,SUPPORTED,IMAGE_REVIEW_HIGH,SUPPORTED_BITMAP,Focused review: BITMAP+CONTEXT_AGREE; source_offset=0x5C480; bitmap top candidate agrees with context-inferred character,1,0x5C480
G058C,CC F5,米,SUPPORTED,IMAGE_REVIEW_HIGH,SUPPORTED_BITMAP,Focused review: BITMAP+CONTEXT_AGREE; source_offset=0x5C900; bitmap top candidate agrees with context-inferred character,3,0x5C900
G058D,CD F5,空,SUPPORTED,IMAGE_REVIEW_HIGH,SUPPORTED_BITMAP,Focused review: MANUAL_BITMAP+CONTEXT; source_offset=0x5C980; bitmap/context,5,0x5C980
G058F,CF F5,編,SUPPORTED,IMAGE_REVIEW_HIGH,SUPPORTED_BITMAP,Focused review: MANUAL_BITMAP+CONTEXT; source_offset=0x5CA80; 編み物 / 編んだセーター,3,0x5CA80
G0594,D4 F5,報,SUPPORTED,IMAGE_REVIEW_HIGH,SUPPORTED_BITMAP,Focused review: MANUAL_BITMAP+CONTEXT; source_offset=0x5CD00; 報酬,2,0x5CD00
G059A,DA F5,豊,SUPPORTED,IMAGE_REVIEW_HIGH,SUPPORTED_BITMAP,Focused review: BITMAP+CONTEXT_AGREE; source_offset=0x5D000; bitmap top candidate agrees with context-inferred character,5,0x5D000
G059F,DF F5,望,SUPPORTED,IMAGE_REVIEW_HIGH,SUPPORTED_BITMAP,Focused review: MANUAL_BITMAP+CONTEXT; source_offset=0x5D280; 希望 / 一望,14,0x5D280
G05A0,E0 F5,北,SUPPORTED,IMAGE_REVIEW_HIGH,SUPPORTED_BITMAP,Focused review: MANUAL_BITMAP+CONTEXT; source_offset=0x5D300; 北の空 / 北の果て,2,0x5D300
G05A4,E4 F5,妹,SUPPORTED,IMAGE_REVIEW_HIGH,SUPPORTED_BITMAP,Focused review: BITMAP+CONTEXT_AGREE; source_offset=0x5D500; bitmap top candidate agrees with context-inferred character,1,0x5D500
G05AB,EB F5,密,SUPPORTED,IMAGE_REVIEW_HIGH,SUPPORTED_BITMAP,Focused review: MANUAL_BITMAP+CONTEXT; source_offset=0x5D880; 精密,2,0x5D880
G05B0,20 F6,迷,SUPPORTED,IMAGE_REVIEW_HIGH,SUPPORTED_BITMAP,Focused review: BITMAP+CONTEXT_AGREE; source_offset=0x5DB00; bitmap top candidate agrees with context-inferred character,7,0x5DB00
G05B2,22 F6,黙,SUPPORTED,IMAGE_REVIEW_HIGH,SUPPORTED_BITMAP,Focused review: MANUAL_BITMAP+CONTEXT; source_offset=0x5DC00; bitmap/context,3,0x5DC00
G05B4,24 F6,問,SUPPORTED,IMAGE_REVIEW_HIGH,SUPPORTED_BITMAP,Focused review: MANUAL_BITMAP+CONTEXT; source_offset=0x5DD00; 問題,8,0x5DD00
G05B6,26 F6,夜,SUPPORTED,IMAGE_REVIEW_HIGH,SUPPORTED_BITMAP,Focused review: MANUAL_BITMAP+CONTEXT; source_offset=0x5DE00; context explicitly 前の日の夜 / あの夜; bitmap agrees,13,0x5DE00
G05B7,27 F6,野,SUPPORTED,IMAGE_REVIEW_HIGH,SUPPORTED_BITMAP,Focused review: MANUAL_BITMAP+CONTEXT; source_offset=0x5DE80; 野鳥 / 野原 / 荒野 / 野菜,9,0x5DE80
G05B8,28 F6,訳,SUPPORTED,IMAGE_REVIEW_HIGH,SUPPORTED_BITMAP,Focused review: MANUAL_BITMAP+CONTEXT; source_offset=0x5DF00; 通訳,2,0x5DF00
G05BF,2F F6,裕,SUPPORTED,IMAGE_REVIEW_HIGH,SUPPORTED_BITMAP,Focused review: BITMAP+CONTEXT_AGREE; source_offset=0x5E280; bitmap top candidate agrees with context-inferred character,1,0x5E280
G05C1,31 F6,郵,SUPPORTED,IMAGE_REVIEW_HIGH,SUPPORTED_BITMAP,Focused review: BITMAP+CONTEXT_AGREE; source_offset=0x5E380; bitmap top candidate agrees with context-inferred character,5,0x5E380
G05C3,33 F6,夕,SUPPORTED,IMAGE_REVIEW_HIGH,SUPPORTED_BITMAP,Focused review: MANUAL_BITMAP+CONTEXT; source_offset=0x5E480; 夕食,2,0x5E480
G05C5,35 F6,余,SUPPORTED,IMAGE_REVIEW_HIGH,SUPPORTED_BITMAP,Focused review: BITMAP+CONTEXT_AGREE; source_offset=0x5E580; bitmap top candidate agrees with context-inferred character,4,0x5E580
G05C7,37 F6,幼,SUPPORTED,IMAGE_REVIEW_HIGH,SUPPORTED_BITMAP,Focused review: MANUAL_BITMAP+CONTEXT; source_offset=0x5E680; 幼なじみ,1,0x5E680
G05D2,42 F6,覧,SUPPORTED,IMAGE_REVIEW_HIGH,SUPPORTED_BITMAP,Focused review: MANUAL_BITMAP+CONTEXT; source_offset=0x5EC00; 観覧席,2,0x5EC00
G05D6,46 F6,留,SUPPORTED,IMAGE_REVIEW_HIGH,SUPPORTED_BITMAP,Focused review: MANUAL_BITMAP+CONTEXT; source_offset=0x5EE00; 仕留めた,5,0x5EE00
G05DF,4F F6,例,SUPPORTED,IMAGE_REVIEW_HIGH,SUPPORTED_BITMAP,Focused review: MANUAL_BITMAP+CONTEXT; source_offset=0x5F280; bitmap/context,4,0x5F280
G05E5,55 F6,練,SUPPORTED,IMAGE_REVIEW_HIGH,SUPPORTED_BITMAP,Focused review: BITMAP+CONTEXT_AGREE; source_offset=0x5F580; bitmap top candidate agrees with context-inferred character,1,0x5F580
G05F0,60 F6,俺,SUPPORTED,IMAGE_REVIEW_HIGH,SUPPORTED_BITMAP,Focused review: BITMAP+CONTEXT_AGREE; source_offset=0x5FB00; bitmap top candidate agrees with context-inferred character,2,0x5FB00
G05F1,61 F6,浄,SUPPORTED,IMAGE_REVIEW_HIGH,SUPPORTED_BITMAP,Focused review: BITMAP+CONTEXT_AGREE; source_offset=0x5FB80; bitmap top candidate agrees with context-inferred character,1,0x5FB80
G05F2,62 F6,疑,SUPPORTED,IMAGE_REVIEW_HIGH,SUPPORTED_BITMAP,Focused review: BITMAP+CONTEXT_AGREE; source_offset=0x5FC00; bitmap top candidate agrees with context-inferred character,1,0x5FC00
G05FB,6B F6,善,SUPPORTED,IMAGE_REVIEW_HIGH,SUPPORTED_BITMAP,Focused review: MANUAL_BITMAP+CONTEXT; source_offset=0x60080; 善処,1,0x60080
G0607,77 F6,策,SUPPORTED,IMAGE_REVIEW_HIGH,SUPPORTED_BITMAP,Focused review: MANUAL_BITMAP+CONTEXT; source_offset=0x60680; 秘策,1,0x60680
G060A,7A F6,脅,SUPPORTED,IMAGE_REVIEW_HIGH,SUPPORTED_BITMAP,Focused review: BITMAP+CONTEXT_AGREE; source_offset=0x60800; bitmap top candidate agrees with context-inferred character,1,0x60800
G060C,7C F6,奉,SUPPORTED,IMAGE_REVIEW_HIGH,SUPPORTED_BITMAP,Focused review: MANUAL_BITMAP+CONTEXT; source_offset=0x60900; 鍋奉行,5,0x60900
G0612,82 F6,房,SUPPORTED,IMAGE_REVIEW_HIGH,SUPPORTED_BITMAP,Focused review: MANUAL_BITMAP+CONTEXT; source_offset=0x60C00; 工房,2,0x60C00
G0614,84 F6,巣,SUPPORTED,IMAGE_REVIEW_HIGH,SUPPORTED_BITMAP,Focused review: BITMAP+CONTEXT_AGREE; source_offset=0x60D00; bitmap top candidate agrees with context-inferred character,1,0x60D00
G0618,88 F6,勤,SUPPORTED,IMAGE_REVIEW_HIGH,SUPPORTED_BITMAP,Focused review: MANUAL_BITMAP+CONTEXT; source_offset=0x60F00; 出勤 / 休日出勤,2,0x60F00
G061A,8A F6,夢,SUPPORTED,IMAGE_REVIEW_HIGH,SUPPORTED_BITMAP,Focused review: MANUAL_BITMAP+CONTEXT; source_offset=0x61000; bitmap/context,1,0x61000
G0628,98 F6,慕,SUPPORTED,IMAGE_REVIEW_HIGH,SUPPORTED_BITMAP,Focused review: MANUAL_BITMAP+CONTEXT; source_offset=0x61700; bitmap/context,1,0x61700
G062D,9D F6,壮,SUPPORTED,IMAGE_REVIEW_HIGH,SUPPORTED_BITMAP,Focused review: MANUAL_BITMAP+CONTEXT; source_offset=0x61980; 壮観,5,0x61980
G0634,A4 F6,悲,SUPPORTED,IMAGE_REVIEW_HIGH,SUPPORTED_BITMAP,Focused review: MANUAL_BITMAP+CONTEXT; source_offset=0x61D00; 悲しみ,1,0x61D00
G063A,AA F6,縁,SUPPORTED,IMAGE_REVIEW_HIGH,SUPPORTED_BITMAP,Focused review: BITMAP+CONTEXT_AGREE; source_offset=0x62000; bitmap top candidate agrees with context-inferred character,1,0x62000
G063D,AD F6,徹,SUPPORTED,IMAGE_REVIEW_HIGH,SUPPORTED_BITMAP,Focused review: MANUAL_BITMAP+CONTEXT; source_offset=0x62180; 徹夜,2,0x62180
G0642,B2 F6,臨,SUPPORTED,IMAGE_REVIEW_HIGH,SUPPORTED_BITMAP,Focused review: BITMAP+CONTEXT_AGREE; source_offset=0x62400; bitmap top candidate agrees with context-inferred character,2,0x62400
G0644,B4 F6,側,SUPPORTED,IMAGE_REVIEW_HIGH,SUPPORTED_BITMAP,Focused review: MANUAL_BITMAP+CONTEXT; source_offset=0x62500; bitmap/context,3,0x62500
G0653,C3 F6,刈,SUPPORTED,IMAGE_REVIEW_HIGH,SUPPORTED_BITMAP,Focused review: BITMAP+CONTEXT_AGREE; source_offset=0x62C80; bitmap top candidate agrees with context-inferred character,1,0x62C80
G065A,CA F6,覗,SUPPORTED,IMAGE_REVIEW_HIGH,SUPPORTED_BITMAP,Focused review: BITMAP+CONTEXT_AGREE; source_offset=0x63000; bitmap top candidate agrees with context-inferred character,1,0x63000
G0663,D3 F6,絆,SUPPORTED,IMAGE_REVIEW_HIGH,SUPPORTED_BITMAP,Focused review: MANUAL_BITMAP+CONTEXT; source_offset=0x63480; bitmap/context,1,0x63480
G0667,D7 F6,開,SUPPORTED,IMAGE_REVIEW_HIGH,SUPPORTED_BITMAP,Focused review: MANUAL_BITMAP+CONTEXT; source_offset=0x63680; 道を開いた,1,0x63680
G066D,DD F6,懐,SUPPORTED,IMAGE_REVIEW_HIGH,SUPPORTED_BITMAP,Focused review: MANUAL_BITMAP+CONTEXT; source_offset=0x63980; 懐かしい,1,0x63980
G066F,DF F6,懸,SUPPORTED,IMAGE_REVIEW_HIGH,SUPPORTED_BITMAP,Focused review: BITMAP+CONTEXT_AGREE; source_offset=0x63A80; bitmap top candidate agrees with context-inferred character,2,0x63A80
G0671,E1 F6,墟,SUPPORTED,IMAGE_REVIEW_HIGH,SUPPORTED_BITMAP,Focused review: MANUAL_BITMAP+CONTEXT; source_offset=0x63B80; 廃墟,1,0x63B80
G0689,29 F7,朴,SUPPORTED,IMAGE_REVIEW_HIGH,SUPPORTED_BITMAP,Focused review: BITMAP+CONTEXT_AGREE; source_offset=0x64780; bitmap top candidate agrees with context-inferred character,1,0x64780
G0690,30 F7,凡,SUPPORTED,IMAGE_REVIEW_HIGH,SUPPORTED_BITMAP,Focused review: MANUAL_BITMAP+CONTEXT; source_offset=0x64B00; 凡人,1,0x64B00
G0691,31 F7,紫,SUPPORTED,IMAGE_REVIEW_HIGH,SUPPORTED_BITMAP,Focused review: MANUAL_BITMAP+CONTEXT; source_offset=0x64B80; 紫色,5,0x64B80
G0698,38 F7,魔,SUPPORTED,IMAGE_REVIEW_HIGH,SUPPORTED_BITMAP,Focused review: MANUAL_BITMAP+CONTEXT; source_offset=0x64F00; 魔力,1,0x64F00
G069A,3A F7,雇,SUPPORTED,IMAGE_REVIEW_HIGH,SUPPORTED_BITMAP,Focused review: MANUAL_BITMAP+CONTEXT; source_offset=0x65000; 解雇,1,0x65000
G06AA,4A F7,候,SUPPORTED,IMAGE_REVIEW_HIGH,SUPPORTED_BITMAP,Focused review: MANUAL_BITMAP+CONTEXT; source_offset=0x65800; 居候させとくよな,1,0x65800
G06B2,52 F7,食,SUPPORTED,IMAGE_REVIEW_HIGH,SUPPORTED_BITMAP,Focused review: MANUAL_BITMAP+CONTEXT; source_offset=0x65C00; 食事,1,0x65C00
G06B5,55 F7,赦,SUPPORTED,IMAGE_REVIEW_HIGH,SUPPORTED_BITMAP,Focused review: BITMAP+CONTEXT_AGREE; source_offset=0x65D80; bitmap top candidate agrees with context-inferred character,1,0x65D80
G06C1,61 F7,核,SUPPORTED,IMAGE_REVIEW_HIGH,SUPPORTED_BITMAP,Focused review: MANUAL_BITMAP+CONTEXT; source_offset=0x66380; bitmap/context,1,0x66380
G06CD,6D F7,賞,SUPPORTED,IMAGE_REVIEW_HIGH,SUPPORTED_BITMAP,Focused review: MANUAL_BITMAP+CONTEXT; source_offset=0x66980; 大賞 / 受賞,2,0x66980
G06D0,70 F7,憎,SUPPORTED,IMAGE_REVIEW_HIGH,SUPPORTED_BITMAP,Focused review: BITMAP+CONTEXT_AGREE; source_offset=0x66B00; bitmap top candidate agrees with context-inferred character,3,0x66B00
G06E2,82 F7,孝,SUPPORTED,IMAGE_REVIEW_HIGH,SUPPORTED_BITMAP,Focused review: BITMAP+CONTEXT_AGREE; source_offset=0x67400; bitmap top candidate agrees with context-inferred character,2,0x67400
G06E4,84 F7,舵,SUPPORTED,IMAGE_REVIEW_HIGH,SUPPORTED_BITMAP,Focused review: MANUAL_BITMAP+CONTEXT; source_offset=0x67500; 舵を固定,2,0x67500
G06E5,85 F7,駄,SUPPORTED,IMAGE_REVIEW_HIGH,SUPPORTED_BITMAP,Focused review: BITMAP+CONTEXT_AGREE; source_offset=0x67580; bitmap top candidate agrees with context-inferred character,1,0x67580
G06E6,86 F7,慌,SUPPORTED,IMAGE_REVIEW_HIGH,SUPPORTED_BITMAP,Focused review: BITMAP+CONTEXT_AGREE; source_offset=0x67600; bitmap top candidate agrees with context-inferred character,1,0x67600
G06EA,8A F7,術,SUPPORTED,IMAGE_REVIEW_HIGH,SUPPORTED_BITMAP,Focused review: MANUAL_BITMAP+CONTEXT; source_offset=0x67800; 芸術 / 技術,14,0x67800
G06FB,9B F7,濯,SUPPORTED,IMAGE_REVIEW_HIGH,SUPPORTED_BITMAP,Focused review: MANUAL_BITMAP+CONTEXT; source_offset=0x68080; 洗濯やりなおし,1,0x68080
G06FD,9D F7,託,SUPPORTED,IMAGE_REVIEW_HIGH,SUPPORTED_BITMAP,Focused review: BITMAP+CONTEXT_AGREE; source_offset=0x68180; bitmap top candidate agrees with context-inferred character,3,0x68180
G0700,A0 F7,縛,SUPPORTED,IMAGE_REVIEW_HIGH,SUPPORTED_BITMAP,Focused review: BITMAP+CONTEXT_AGREE; source_offset=0x68300; bitmap top candidate agrees with context-inferred character,1,0x68300
G0706,A6 F7,薄,SUPPORTED,IMAGE_REVIEW_HIGH,SUPPORTED_BITMAP,Focused review: MANUAL_BITMAP+CONTEXT; source_offset=0x68600; bitmap/context,1,0x68600
G070A,AA F7,酬,SUPPORTED,IMAGE_REVIEW_HIGH,SUPPORTED_BITMAP,Focused review: MANUAL_BITMAP+CONTEXT; source_offset=0x68800; 報酬,1,0x68800
G071B,BB F7,犯,SUPPORTED,IMAGE_REVIEW_HIGH,SUPPORTED_BITMAP,Focused review: BITMAP+CONTEXT_AGREE; source_offset=0x69080; bitmap top candidate agrees with context-inferred character,5,0x69080
G071C,BC F7,熟,SUPPORTED,IMAGE_REVIEW_HIGH,SUPPORTED_BITMAP,Focused review: BITMAP+CONTEXT_AGREE; source_offset=0x69100; bitmap top candidate agrees with context-inferred character,1,0x69100
G071E,BE F7,幕,SUPPORTED,IMAGE_REVIEW_HIGH,SUPPORTED_BITMAP,Focused review: BITMAP+CONTEXT_AGREE; source_offset=0x69200; bitmap top candidate agrees with context-inferred character,1,0x69200
G0722,C2 F7,雰,SUPPORTED,IMAGE_REVIEW_HIGH,SUPPORTED_BITMAP,Focused review: MANUAL_BITMAP+CONTEXT; source_offset=0x69400; 雰囲気,1,0x69400
G075C,2C F8,肌,SUPPORTED,IMAGE_REVIEW_HIGH,SUPPORTED_BITMAP,Focused review: BITMAP+CONTEXT_AGREE; source_offset=0x6B100; bitmap top candidate agrees with context-inferred character,1,0x6B100
G0765,35 F8,雅,SUPPORTED,IMAGE_REVIEW_HIGH,SUPPORTED_BITMAP,Focused review: BITMAP+CONTEXT_AGREE; source_offset=0x6B580; bitmap top candidate agrees with context-inferred character,3,0x6B580
G0768,38 F8,補,SUPPORTED,IMAGE_REVIEW_HIGH,SUPPORTED_BITMAP,Focused review: MANUAL_BITMAP+CONTEXT; source_offset=0x6B700; 補給,1,0x6B700
G076C,3C F8,冑,SUPPORTED,IMAGE_REVIEW_HIGH,SUPPORTED_BITMAP,Focused review: BITMAP+CONTEXT_AGREE; source_offset=0x6B900; bitmap top candidate agrees with context-inferred character,1,0x6B900
G079D,6D F8,眺,SUPPORTED,IMAGE_REVIEW_HIGH,SUPPORTED_BITMAP,Focused review: BITMAP+CONTEXT_AGREE; source_offset=0x6D180; bitmap top candidate agrees with context-inferred character,6,0x6D180
G07A0,70 F8,販,SUPPORTED,IMAGE_REVIEW_HIGH,SUPPORTED_BITMAP,Focused review: MANUAL_BITMAP+CONTEXT; source_offset=0x6D300; 販売,1,0x6D300
G07A2,72 F8,縦,SUPPORTED,IMAGE_REVIEW_HIGH,SUPPORTED_BITMAP,Focused review: MANUAL_BITMAP+CONTEXT; source_offset=0x6D400; 操縦; Japanese shinjitai,13,0x6D400
G07CA,9A F8,龍,SUPPORTED,IMAGE_REVIEW_HIGH,SUPPORTED_BITMAP,Focused review: MANUAL_BITMAP+CONTEXT; source_offset=0x6E800; 龍に誘われた / 龍殺し / 空で龍に会う; bitmap resembles traditional 龍 form,4,0x6E800
G07D7,A7 F8,鍋,SUPPORTED,IMAGE_REVIEW_HIGH,SUPPORTED_BITMAP,Focused review: MANUAL_BITMAP+CONTEXT; source_offset=0x6EE80; 鍋奉行 / 鍋から手を離す,6,0x6EE80
G0802,D2 F8,渉,SUPPORTED,IMAGE_REVIEW_HIGH,SUPPORTED_BITMAP,Focused review: MANUAL_BITMAP+CONTEXT; source_offset=0x70400; 交渉,1,0x70400
G0803,D3 F8,玄,SUPPORTED,IMAGE_REVIEW_HIGH,SUPPORTED_BITMAP,Focused review: MANUAL_BITMAP+CONTEXT; source_offset=0x70480; 玄関,2,0x70480
G0804,D4 F8,丁,SUPPORTED,IMAGE_REVIEW_HIGH,SUPPORTED_BITMAP,Focused review: MANUAL_BITMAP+CONTEXT; source_offset=0x70500; 包丁,3,0x70500
G0807,D7 F8,肖,SUPPORTED,IMAGE_REVIEW_HIGH,SUPPORTED_BITMAP,Focused review: MANUAL_BITMAP+CONTEXT; source_offset=0x70680; 肖像画,2,0x70680
G0819,E9 F8,虎,SUPPORTED,IMAGE_REVIEW_HIGH,SUPPORTED_BITMAP,Focused review: BITMAP+CONTEXT_AGREE; source_offset=0x70F80; bitmap top candidate agrees with context-inferred character,1,0x70F80
G0823,23 F9,乙,SUPPORTED,IMAGE_REVIEW_HIGH,SUPPORTED_BITMAP,Focused review: BITMAP+CONTEXT_AGREE; source_offset=0x71480; bitmap top candidate agrees with context-inferred character,1,0x71480
G083D,3D F9,芸,SUPPORTED,IMAGE_REVIEW_HIGH,SUPPORTED_BITMAP,Focused review: MANUAL_BITMAP+CONTEXT; source_offset=0x72180; 芸術,9,0x72180
G084B,4B F9,反,SUPPORTED,IMAGE_REVIEW_HIGH,SUPPORTED_BITMAP,Focused review: MANUAL_BITMAP+CONTEXT; source_offset=0x72880; 反対,5,0x72880
G0867,67 F9,偵,SUPPORTED,IMAGE_REVIEW_HIGH,SUPPORTED_BITMAP,Focused review: MANUAL_BITMAP+CONTEXT; source_offset=0x73680; 探偵 / 名探偵,6,0x73680
G0881,81 F9,名,SUPPORTED,IMAGE_REVIEW_HIGH,SUPPORTED_BITMAP,Focused review: MANUAL_BITMAP+CONTEXT; source_offset=0x74380; 名作,1,0x74380
G0888,88 F9,需,SUPPORTED,IMAGE_REVIEW_HIGH,SUPPORTED_BITMAP,Focused review: MANUAL_BITMAP+CONTEXT; source_offset=0x74700; 必需品 / 需要,2,0x74700
G0896,96 F9,像,SUPPORTED,IMAGE_REVIEW_HIGH,SUPPORTED_BITMAP,Focused review: MANUAL_BITMAP+CONTEXT; source_offset=0x74E00; 金属の像,10,0x74E00
G089A,9A F9,猫,SUPPORTED,IMAGE_REVIEW_HIGH,SUPPORTED_BITMAP,Focused review: MANUAL_BITMAP+CONTEXT; source_offset=0x75000; bitmap/context,3,0x75000
G08A0,A0 F9,腐,SUPPORTED,IMAGE_REVIEW_HIGH,SUPPORTED_BITMAP,Focused review: MANUAL_BITMAP+CONTEXT; source_offset=0x75300; bitmap/context,2,0x75300
G08A4,A4 F9,裸,SUPPORTED,IMAGE_REVIEW_HIGH,SUPPORTED_BITMAP,Focused review: MANUAL_BITMAP+CONTEXT; source_offset=0x75500; 素っ裸,1,0x75500
G08A5,A5 F9,猟,SUPPORTED,IMAGE_REVIEW_HIGH,SUPPORTED_BITMAP,Focused review: MANUAL_BITMAP+CONTEXT; source_offset=0x75580; 猟師,2,0x75580
G08A8,A8 F9,掟,SUPPORTED,IMAGE_REVIEW_HIGH,SUPPORTED_BITMAP,Focused review: MANUAL_BITMAP+CONTEXT; source_offset=0x75700; childhood rules quoted as 掟,5,0x75700
