type,sample_id,cue_id,speaker,korean,duration_ms,fade_hold_ms,fade_out_ms,context,enabled,confidence,notes
battle_voice,4000,0x8E;0x8F;0x90;0x91;0x92;0x93;0x94;0x95;0x96;0x98;0x99;0x9E;0x9F;0xA2;0xA3,ユウキ,이 비장의 수를 받아라!,2837,400,350,battle_actor_class_0,0,AUTO_TRANSLATED_REVIEW,Subtitle_Show(sample_id) lookup; requires TRANSLATED_APPROVED after audio and Korean review.
battle_voice,4002,0x01;0x02;0x03;0x05;0x06;0x07;0x0B;0x0C;0x16;0x17;0x20;0x21;0x22;0x23;0x24;0x89;0x8A;0x8B;0x8C;0x8D;0x8E;0x8F;0x90;0x91;0x92;0x93;0x94;0x9E;0x9F;0xA2;0xA3,ユウキ,"이 자식, 받아라!",2837,400,350,battle_actor_class_0,0,AUTO_TRANSLATED_REVIEW,Subtitle_Show(sample_id) lookup; requires TRANSLATED_APPROVED after audio and Korean review.
battle_voice,4004,0xC8,ユウキ,"츠루기오, 네 힘을 해방하자!",3285,400,350,battle_actor_class_0,0,AUTO_TRANSLATED_REVIEW,Subtitle_Show(sample_id) lookup; requires TRANSLATED_APPROVED after audio and Korean review.
battle_voice,4006,0x65;0x66;0x67;0x68;0x69;0x6A;0x6B;0x6C;0x6D;0x6E;0x6F;0x70;0x71;0x72;0x73;0x74;0x75;0x76;0x77;0x7C;0x7D;0x7E;0x7F;0x80;0x81;0x82;0x83;0x84;0x85;0x86;0x87;0x88;0xA0;0xA1,ユウキ,이럴 때는 이거지!,2837,400,350,battle_actor_class_0;battle_special_skill:天空剣;battle_special_skill:旋風剣;battle_special_skill:烈風<ACF2>舞;battle_special_skill:無敵のオーラ;battle_special_skill:疾風<B1F2>;battle_special_skill:竜<B1F2>剣,0,AUTO_TRANSLATED_REVIEW,Subtitle_Show(sample_id) lookup; requires TRANSLATED_APPROVED after audio and Korean review.
battle_voice,4008,0x71;0x72;0x73;0x74;0x75;0x76;0x77;0x7C;0x7D;0x7E;0x7F;0x80;0x81;0x82;0x83;0x84;0x85;0x86;0x87;0x88;0x9A;0x9B;0x9C;0x9D;0xA0,ユウキ,좋아! 이걸 써볼까!,2837,400,350,battle_actor_class_0,0,AUTO_TRANSLATED_REVIEW,Subtitle_Show(sample_id) lookup; requires TRANSLATED_APPROVED after audio and Korean review.
battle_voice,4010,0x78;0x79;0x7A;0x7B,ユウキ,"이걸 쓸 수밖에 없어. 부탁이야, 들어줘!",3584,400,350,battle_actor_class_0,0,AUTO_TRANSLATED_REVIEW,Subtitle_Show(sample_id) lookup; requires TRANSLATED_APPROVED after audio and Korean review.
battle_voice,4012,0x01,ユウキ,쾅!,2837,400,350,battle_actor_class_0,0,AUTO_TRANSLATED_REVIEW,Subtitle_Show(sample_id) lookup; requires TRANSLATED_APPROVED after audio and Korean review.
battle_voice,4014,0x02,ユウキ,뱅 스트라이크!,2837,400,350,battle_actor_class_0,0,AUTO_TRANSLATED_REVIEW,Subtitle_Show(sample_id) lookup; requires TRANSLATED_APPROVED after audio and Korean review.
battle_voice,4016,0x05,ユウキ,젠가!,2837,400,350,battle_actor_class_0,0,AUTO_TRANSLATED_REVIEW,Subtitle_Show(sample_id) lookup; requires TRANSLATED_APPROVED after audio and Korean review.
battle_voice,4018,0x03,ユウキ,지옥의 불길로 타올라라!,2837,400,350,battle_actor_class_0,0,AUTO_TRANSLATED_REVIEW,Subtitle_Show(sample_id) lookup; requires TRANSLATED_APPROVED after audio and Korean review.
battle_voice,4020,0x06,ユウキ,뼛속까지 불태워주마!,2837,400,350,battle_actor_class_0,0,AUTO_TRANSLATED_REVIEW,Subtitle_Show(sample_id) lookup; requires TRANSLATED_APPROVED after audio and Korean review.
battle_voice,4022,0x07,ユウキ,일격 필살! 데즌!,2837,400,350,battle_actor_class_0,0,AUTO_TRANSLATED_REVIEW,Subtitle_Show(sample_id) lookup; requires TRANSLATED_APPROVED after audio and Korean review.
battle_voice,4024,0x04,ユウキ,불태워 없애라! 뱅 블레이즈!,2837,400,350,battle_actor_class_0,0,AUTO_TRANSLATED_REVIEW,Subtitle_Show(sample_id) lookup; requires TRANSLATED_APPROVED after audio and Korean review.
battle_voice,4026,0x09,ユウキ,불꽃의 비를 맞아라!,2837,400,350,battle_actor_class_0,0,AUTO_TRANSLATED_REVIEW,Subtitle_Show(sample_id) lookup; requires TRANSLATED_APPROVED after audio and Korean review.
battle_voice,4028,0x08,ユウキ,이 녀석을 날려버려! 사라져라!,3435,400,350,battle_actor_class_0,0,AUTO_TRANSLATED_REVIEW,Subtitle_Show(sample_id) lookup; requires TRANSLATED_APPROVED after audio and Korean review.
battle_voice,4030,0x0B,ユウキ,그라긴!,2837,400,350,battle_actor_class_0,0,AUTO_TRANSLATED_REVIEW,Subtitle_Show(sample_id) lookup; requires TRANSLATED_APPROVED after audio and Korean review.
battle_voice,4032,0x0C,ユウキ,솟구쳐라! 그랑죠!,2837,400,350,battle_actor_class_0,0,AUTO_TRANSLATED_REVIEW,Subtitle_Show(sample_id) lookup; requires TRANSLATED_APPROVED after audio and Korean review.
battle_voice,4034,0x0D,ユウキ,유성의 철퇴! 어둠이여! 메테오 스트라이크!,4331,400,350,battle_actor_class_0,0,AUTO_TRANSLATED_REVIEW,Subtitle_Show(sample_id) lookup; requires TRANSLATED_APPROVED after audio and Korean review.
battle_voice,4036,0x0F,ユウキ,키로!,2837,400,350,battle_actor_class_0,0,AUTO_TRANSLATED_REVIEW,Subtitle_Show(sample_id) lookup; requires TRANSLATED_APPROVED after audio and Korean review.
battle_voice,4038,0x16,ユウキ,얼음의 칼날! 샤키아!,2837,400,350,battle_actor_class_0,0,AUTO_TRANSLATED_REVIEW,Subtitle_Show(sample_id) lookup; requires TRANSLATED_APPROVED after audio and Korean review.
battle_voice,4040,0x17,ユウキ,샤키가!,2837,400,350,battle_actor_class_0,0,AUTO_TRANSLATED_REVIEW,Subtitle_Show(sample_id) lookup; requires TRANSLATED_APPROVED after audio and Korean review.
battle_voice,4042,0x18,ユウキ,힘을 모아 전진하자!,2837,400,350,battle_actor_class_0,0,AUTO_TRANSLATED_REVIEW,Subtitle_Show(sample_id) lookup; requires TRANSLATED_APPROVED after audio and Korean review.
battle_voice,4044,0x19,ユウキ,간다! 절대 레이드!,2837,400,350,battle_actor_class_0,0,AUTO_TRANSLATED_REVIEW,Subtitle_Show(sample_id) lookup; requires TRANSLATED_APPROVED after audio and Korean review.
battle_voice,4046,0x20,ユウキ,휘이익!,2837,400,350,battle_actor_class_0,0,AUTO_TRANSLATED_REVIEW,Subtitle_Show(sample_id) lookup; requires TRANSLATED_APPROVED after audio and Korean review.
battle_voice,4048,0x21,ユウキ,꿰뚫어라! 음속의 칼날!,2837,400,350,battle_actor_class_0,0,AUTO_TRANSLATED_REVIEW,Subtitle_Show(sample_id) lookup; requires TRANSLATED_APPROVED after audio and Korean review.
battle_voice,4050,0x23,ユウキ,시비델! 라이거!,2837,400,350,battle_actor_class_0,0,AUTO_TRANSLATED_REVIEW,Subtitle_Show(sample_id) lookup; requires TRANSLATED_APPROVED after audio and Korean review.
battle_voice,4052,0x22,ユウキ,바람의 힘을 얕보지 마라!,2837,400,350,battle_actor_class_0,0,AUTO_TRANSLATED_REVIEW,Subtitle_Show(sample_id) lookup; requires TRANSLATED_APPROVED after audio and Korean review.
battle_voice,4054,0x24,ユウキ,받아라!,2837,400,350,battle_actor_class_0,0,AUTO_TRANSLATED_REVIEW,Subtitle_Show(sample_id) lookup; requires TRANSLATED_APPROVED after audio and Korean review.
battle_voice,4056,0x25,ユウキ,"천공의 힘, 라이메이트와 함께 내달려라!",4928,400,350,battle_actor_class_0,0,AUTO_TRANSLATED_REVIEW,Subtitle_Show(sample_id) lookup; requires TRANSLATED_APPROVED after audio and Korean review.
battle_voice,4058,0x26,ユウキ,"하늘을 가르는 빛, 대지에 내려쳐라!",4331,400,350,battle_actor_class_0,0,AUTO_TRANSLATED_REVIEW,Subtitle_Show(sample_id) lookup; requires TRANSLATED_APPROVED after audio and Korean review.
battle_voice,4060,0x1A;0x1B;0x1C,ユウキ,아직 더 할 수 있어!,2837,400,350,battle_actor_class_0,0,AUTO_TRANSLATED_REVIEW,Subtitle_Show(sample_id) lookup; requires TRANSLATED_APPROVED after audio and Korean review.
battle_voice,4062,0xD3;0xD4;0xD5,ユウキ,쓰러지기엔 아직 일러!,2837,400,350,battle_actor_class_0,0,AUTO_TRANSLATED_REVIEW,Subtitle_Show(sample_id) lookup; requires TRANSLATED_APPROVED after audio and Korean review.
battle_voice,4064,0x10;0x11,ユウキ,이걸로 깔끔하게 끝내주마!,2837,400,350,battle_actor_class_0,0,AUTO_TRANSLATED_REVIEW,Subtitle_Show(sample_id) lookup; requires TRANSLATED_APPROVED after audio and Korean review.
battle_voice,4066,0xD1;0xD2,ユウキ,좋아! 이걸로 됐겠지!,2837,400,350,battle_actor_class_0,0,AUTO_TRANSLATED_REVIEW,Subtitle_Show(sample_id) lookup; requires TRANSLATED_APPROVED after audio and Korean review.
battle_voice,4068,0x1D;0x1E;0xA1,ユウキ,"모두, 한 번 더 힘내자!",2837,400,350,battle_actor_class_0,0,AUTO_TRANSLATED_REVIEW,Subtitle_Show(sample_id) lookup; requires TRANSLATED_APPROVED after audio and Korean review.
battle_voice,4070,0x29,ユウキ,조금만 더 기다려줘!,2837,400,350,battle_actor_class_0,0,AUTO_TRANSLATED_REVIEW,Subtitle_Show(sample_id) lookup; requires TRANSLATED_APPROVED after audio and Korean review.
battle_voice,4072,0x28,ユウキ,헤헤! 머릿속을 뒤흔들어주마!,2987,400,350,battle_actor_class_0,0,AUTO_TRANSLATED_REVIEW,Subtitle_Show(sample_id) lookup; requires TRANSLATED_APPROVED after audio and Korean review.
battle_voice,4074,0x1F,ユウキ,헤헤! 이제 잘 시간이야!,2837,400,350,battle_actor_class_0,0,AUTO_TRANSLATED_REVIEW,Subtitle_Show(sample_id) lookup; requires TRANSLATED_APPROVED after audio and Korean review.
battle_voice,4076,0x0E,ユウキ,너무 우쭐대는군!,2837,400,350,battle_actor_class_0,0,AUTO_TRANSLATED_REVIEW,Subtitle_Show(sample_id) lookup; requires TRANSLATED_APPROVED after audio and Korean review.
battle_voice,4078,0x15,ユウキ,마그네이드!,2837,400,350,battle_actor_class_0,0,AUTO_TRANSLATED_REVIEW,Subtitle_Show(sample_id) lookup; requires TRANSLATED_APPROVED after audio and Korean review.
battle_voice,4080,0x2A,ユウキ,이걸로 뻗어버려!,2837,400,350,battle_actor_class_0,0,AUTO_TRANSLATED_REVIEW,Subtitle_Show(sample_id) lookup; requires TRANSLATED_APPROVED after audio and Korean review.
battle_voice,4082,0x14,ユウキ,좋아! 이번엔 제대로 해보자!,2837,400,350,battle_actor_class_0,0,AUTO_TRANSLATED_REVIEW,Subtitle_Show(sample_id) lookup; requires TRANSLATED_APPROVED after audio and Korean review.
battle_voice,4084,0x0A,ユウキ,불타올라라! 초강력!,2837,400,350,battle_actor_class_0,0,AUTO_TRANSLATED_REVIEW,Subtitle_Show(sample_id) lookup; requires TRANSLATED_APPROVED after audio and Korean review.
battle_voice,4086,0x27,ユウキ,영혼까지 단숨에 베어버린다!,2837,400,350,battle_actor_class_0,0,AUTO_TRANSLATED_REVIEW,Subtitle_Show(sample_id) lookup; requires TRANSLATED_APPROVED after audio and Korean review.
battle_voice,4088,0x13,ユウキ,이걸로 방어도 문제없어!,2837,400,350,battle_actor_class_0,0,AUTO_TRANSLATED_REVIEW,Subtitle_Show(sample_id) lookup; requires TRANSLATED_APPROVED after audio and Korean review.
battle_voice,4090,0x12,ユウキ,아직 끝나지 않았어! 포기할까 보냐!,2837,400,350,battle_actor_class_0,0,AUTO_TRANSLATED_REVIEW,Subtitle_Show(sample_id) lookup; requires TRANSLATED_APPROVED after audio and Korean review.
battle_voice,4092,0xC9,ユウキ,"설마, 방금 그게 진심이었어?",3136,400,350,battle_actor_class_0,0,AUTO_TRANSLATED_REVIEW,Subtitle_Show(sample_id) lookup; requires TRANSLATED_APPROVED after audio and Korean review.
battle_voice,4094,0xCA,ユウキ,좋아! 또 하나 돌파했다!,3136,400,350,battle_actor_class_0,0,AUTO_TRANSLATED_REVIEW,Subtitle_Show(sample_id) lookup; requires TRANSLATED_APPROVED after audio and Korean review.
battle_voice,4096,0xCB,ユウキ,윽… 이런 데서 당할 수는 없어!,5675,400,350,battle_actor_class_0,0,AUTO_TRANSLATED_REVIEW,Subtitle_Show(sample_id) lookup; requires TRANSLATED_APPROVED after audio and Korean review.
battle_voice,4098,0xCC,ユウキ,그 속도로는 나를 따라잡을 수 없어!,2837,400,350,battle_actor_class_0,0,AUTO_TRANSLATED_REVIEW,Subtitle_Show(sample_id) lookup; requires TRANSLATED_APPROVED after audio and Korean review.
battle_voice,4100,0xCD,ユウキ,젠장! 뿌리칠 수가 없어!,2837,400,350,battle_actor_class_0,0,AUTO_TRANSLATED_REVIEW,Subtitle_Show(sample_id) lookup; requires TRANSLATED_APPROVED after audio and Korean review.
battle_voice,4102,0xCF,ユウキ,자! 이번엔 이거다!,2837,400,350,battle_actor_class_0,0,AUTO_TRANSLATED_REVIEW,Subtitle_Show(sample_id) lookup; requires TRANSLATED_APPROVED after audio and Korean review.
battle_voice,4104,0xD0,ユウキ,"잠깐, 내 말 좀 들어! 기다려줘!",9707,400,350,battle_actor_class_0,0,AUTO_TRANSLATED_REVIEW,Subtitle_Show(sample_id) lookup; requires TRANSLATED_APPROVED after audio and Korean review.
battle_voice,4106,0x94;0x95;0x96;0x98;0x99;0x9F,アルフィナ,이걸로 대역전이다! 이건…,2837,400,350,battle_actor_class_1,0,AUTO_TRANSLATED_REVIEW,Subtitle_Show(sample_id) lookup; requires TRANSLATED_APPROVED after audio and Korean review.
battle_voice,4108,0x94;0x95;0x96;0x98;0x99;0x9F,アルフィナ,이것만 있으면 돼!,2837,400,350,battle_actor_class_1,0,AUTO_TRANSLATED_REVIEW,Subtitle_Show(sample_id) lookup; requires TRANSLATED_APPROVED after audio and Korean review.
battle_voice,4110,0x89;0x8A;0x8B;0x8C;0x8D;0x8E;0x8F;0x90;0x91;0x92;0x93;0x9E;0xA2;0xA3,アルフィナ,폭탄 갑니다!,2837,400,350,battle_actor_class_1,0,AUTO_TRANSLATED_REVIEW,Subtitle_Show(sample_id) lookup; requires TRANSLATED_APPROVED after audio and Korean review.
battle_voice,4112,0x89;0x8A;0x8B;0x8C;0x8D;0x8E;0x8F;0x90;0x91;0x92;0x93;0x9E;0xA2;0xA3,アルフィナ,"모두, 귀를 막아!",2837,400,350,battle_actor_class_1,0,AUTO_TRANSLATED_REVIEW,Subtitle_Show(sample_id) lookup; requires TRANSLATED_APPROVED after audio and Korean review.
battle_voice,4114,0xC8,アルフィナ,"강한 마력아, 힘을 빌려줘!",3136,400,350,battle_actor_class_1,0,AUTO_TRANSLATED_REVIEW,Subtitle_Show(sample_id) lookup; requires TRANSLATED_APPROVED after audio and Korean review.
battle_voice,4116,0x65;0x66;0x67;0x68;0x69;0x6A;0x6B;0x6C;0x6D;0x6E;0x6F;0x70;0x71;0x72;0x73;0x74;0x75;0x76;0x77;0x7C;0x7D;0x7E;0x7F;0x80;0x81;0x82;0x83;0x84;0x85;0x86;0x87;0x88;0xA0;0xA1,アルフィナ,어… 이거다!,2837,400,350,battle_actor_class_1;battle_special_skill:<C3F1>わる世界;battle_special_skill:エネルギードライブ;battle_special_skill:コメットスパイク;battle_special_skill:スタンフォース;battle_special_skill:ホーリーサークル;battle_special_skill:リップルショット,0,AUTO_TRANSLATED_REVIEW,Subtitle_Show(sample_id) lookup; requires TRANSLATED_APPROVED after audio and Korean review.
battle_voice,4118,0x71;0x72;0x73;0x74;0x75;0x76;0x77;0x7C;0x7D;0x7E;0x7F;0x80;0x81;0x82;0x83;0x84;0x85;0x86;0x87;0x88;0x9A;0x9B;0x9C;0x9D;0xA0,アルフィナ,이건 어때?,2837,400,350,battle_actor_class_1,0,AUTO_TRANSLATED_REVIEW,Subtitle_Show(sample_id) lookup; requires TRANSLATED_APPROVED after audio and Korean review.
battle_voice,4120,0x78;0x79;0x7A;0x7B,アルフィナ,"괜찮아, 분명 통할 거야!",2837,400,350,battle_actor_class_1,0,AUTO_TRANSLATED_REVIEW,Subtitle_Show(sample_id) lookup; requires TRANSLATED_APPROVED after audio and Korean review.
battle_voice,4122,0x01,アルフィナ,쾅!,2837,400,350,battle_actor_class_1,0,AUTO_TRANSLATED_REVIEW,Subtitle_Show(sample_id) lookup; requires TRANSLATED_APPROVED after audio and Korean review.
battle_voice,4124,0x02,アルフィナ,불꽃을 거둬라! 가라!,2837,400,350,battle_actor_class_1,0,AUTO_TRANSLATED_REVIEW,Subtitle_Show(sample_id) lookup; requires TRANSLATED_APPROVED after audio and Korean review.
battle_voice,4126,0x05,アルフィナ,젠가!,2837,400,350,battle_actor_class_1,0,AUTO_TRANSLATED_REVIEW,Subtitle_Show(sample_id) lookup; requires TRANSLATED_APPROVED after audio and Korean review.
battle_voice,4128,0x03,アルフィナ,헬 버너!,2837,400,350,battle_actor_class_1,0,AUTO_TRANSLATED_REVIEW,Subtitle_Show(sample_id) lookup; requires TRANSLATED_APPROVED after audio and Korean review.
battle_voice,4130,0x04;0x05;0x06,アルフィナ,모두 날려버려!,2837,400,350,battle_actor_class_1,0,AUTO_TRANSLATED_REVIEW,Subtitle_Show(sample_id) lookup; requires TRANSLATED_APPROVED after audio and Korean review.
battle_voice,4132,0x07,アルフィナ,데즌!,2837,400,350,battle_actor_class_1,0,AUTO_TRANSLATED_REVIEW,Subtitle_Show(sample_id) lookup; requires TRANSLATED_APPROVED after audio and Korean review.
battle_voice,4136,0x09,アルフィナ,"태양처럼 내리쬐어라, 지금 이곳으로!",3733,400,350,battle_actor_class_1,0,AUTO_TRANSLATED_REVIEW,Subtitle_Show(sample_id) lookup; requires TRANSLATED_APPROVED after audio and Korean review.
battle_voice,4138,0x08,アルフィナ,악의 힘을 막고 열어라! 헤븐 게이트!,4480,400,350,battle_actor_class_1,0,AUTO_TRANSLATED_REVIEW,Subtitle_Show(sample_id) lookup; requires TRANSLATED_APPROVED after audio and Korean review.
battle_voice,4140,0x0B,アルフィナ,그라긴!,2837,400,350,battle_actor_class_1,0,AUTO_TRANSLATED_REVIEW,Subtitle_Show(sample_id) lookup; requires TRANSLATED_APPROVED after audio and Korean review.
battle_voice,4142,0x0B;0x0C,アルフィナ,"이제 멈출 수 없어, 대지의 빛이여!",2987,400,350,battle_actor_class_1,0,AUTO_TRANSLATED_REVIEW,Subtitle_Show(sample_id) lookup; requires TRANSLATED_APPROVED after audio and Korean review.
battle_voice,4144,0x0D,アルフィナ,별이여 내려와라! 소원을 빌어도 이미 늦었어!,4181,400,350,battle_actor_class_1,0,AUTO_TRANSLATED_REVIEW,Subtitle_Show(sample_id) lookup; requires TRANSLATED_APPROVED after audio and Korean review.
battle_voice,4146,0x0F,アルフィナ,키라!,2837,400,350,battle_actor_class_1,0,AUTO_TRANSLATED_REVIEW,Subtitle_Show(sample_id) lookup; requires TRANSLATED_APPROVED after audio and Korean review.
battle_voice,4148,0x16,アルフィナ,샤키아!,2837,400,350,battle_actor_class_1,0,AUTO_TRANSLATED_REVIEW,Subtitle_Show(sample_id) lookup; requires TRANSLATED_APPROVED after audio and Korean review.
battle_voice,4150,0x17,アルフィナ,샤키아!,2837,400,350,battle_actor_class_1,0,AUTO_TRANSLATED_REVIEW,Subtitle_Show(sample_id) lookup; requires TRANSLATED_APPROVED after audio and Korean review.
battle_voice,4152,0x16;0x17;0x18,アルフィナ,죽을 만큼 불타도 끝나지 않아!,2837,400,350,battle_actor_class_1,0,AUTO_TRANSLATED_REVIEW,Subtitle_Show(sample_id) lookup; requires TRANSLATED_APPROVED after audio and Korean review.
battle_voice,4154,0x19,アルフィナ,"달빛이여, 이곳에 침묵을 내려라!",4928,400,350,battle_actor_class_1,0,AUTO_TRANSLATED_REVIEW,Subtitle_Show(sample_id) lookup; requires TRANSLATED_APPROVED after audio and Korean review.
battle_voice,4156,0x20,アルフィナ,헤이!,2837,400,350,battle_actor_class_1,0,AUTO_TRANSLATED_REVIEW,Subtitle_Show(sample_id) lookup; requires TRANSLATED_APPROVED after audio and Korean review.
battle_voice,4158,0x21,アルフィナ,날려버려! 휴 슬래시!,2987,400,350,battle_actor_class_1,0,AUTO_TRANSLATED_REVIEW,Subtitle_Show(sample_id) lookup; requires TRANSLATED_APPROVED after audio and Korean review.
battle_voice,4160,0x23;0x24,アルフィナ,일렉트릭 샤크!,2837,400,350,battle_actor_class_1,0,AUTO_TRANSLATED_REVIEW,Subtitle_Show(sample_id) lookup; requires TRANSLATED_APPROVED after audio and Korean review.
battle_voice,4162,0x22,アルフィナ,휴넬! 토네치!,2837,400,350,battle_actor_class_1,0,AUTO_TRANSLATED_REVIEW,Subtitle_Show(sample_id) lookup; requires TRANSLATED_APPROVED after audio and Korean review.
battle_voice,4164,0x24,アルフィナ,라이덴!,2837,400,350,battle_actor_class_1,0,AUTO_TRANSLATED_REVIEW,Subtitle_Show(sample_id) lookup; requires TRANSLATED_APPROVED after audio and Korean review.
battle_voice,4166,0x25,アルフィナ,"내 지팡이에 깃들어, 이곳에 나타나라!",5376,400,350,battle_actor_class_1,0,AUTO_TRANSLATED_REVIEW,Subtitle_Show(sample_id) lookup; requires TRANSLATED_APPROVED after audio and Korean review.
battle_voice,4168,0x26,アルフィナ,"파괴의 빛이여, 작별이다! 이것이 아스트랄리아!",7317,400,350,battle_actor_class_1,0,AUTO_TRANSLATED_REVIEW,Subtitle_Show(sample_id) lookup; requires TRANSLATED_APPROVED after audio and Korean review.
battle_voice,4170,0x1A;0x1B;0x1C,アルフィナ,"별이여, 치유의 힘을!",2837,400,350,battle_actor_class_1,0,AUTO_TRANSLATED_REVIEW,Subtitle_Show(sample_id) lookup; requires TRANSLATED_APPROVED after audio and Korean review.
battle_voice,4172,0xD3;0xD4;0xD5,アルフィナ,이제 일어설 수 있지?,2837,400,350,battle_actor_class_1,0,AUTO_TRANSLATED_REVIEW,Subtitle_Show(sample_id) lookup; requires TRANSLATED_APPROVED after audio and Korean review.
battle_voice,4174,0x10;0x11,アルフィナ,"별이여, 초월의 힘을!",2837,400,350,battle_actor_class_1,0,AUTO_TRANSLATED_REVIEW,Subtitle_Show(sample_id) lookup; requires TRANSLATED_APPROVED after audio and Korean review.
battle_voice,4176,0xD1;0xD2,アルフィナ,자! 기운이 났지!,2837,400,350,battle_actor_class_1,0,AUTO_TRANSLATED_REVIEW,Subtitle_Show(sample_id) lookup; requires TRANSLATED_APPROVED after audio and Korean review.
battle_voice,4178,0x1D;0x1E;0xA1,アルフィナ,나에게 맡겨!,2837,400,350,battle_actor_class_1,0,AUTO_TRANSLATED_REVIEW,Subtitle_Show(sample_id) lookup; requires TRANSLATED_APPROVED after audio and Korean review.
battle_voice,4180,0x29,アルフィナ,마법 따위는 쓰게 두지 않을 거야!,2837,400,350,battle_actor_class_1,0,AUTO_TRANSLATED_REVIEW,Subtitle_Show(sample_id) lookup; requires TRANSLATED_APPROVED after audio and Korean review.
battle_voice,4182,0x28,アルフィナ,빙글빙글 돌려줄게!,2837,400,350,battle_actor_class_1,0,AUTO_TRANSLATED_REVIEW,Subtitle_Show(sample_id) lookup; requires TRANSLATED_APPROVED after audio and Korean review.
battle_voice,4184,0x1F,アルフィナ,착한 아이니까 잠들어 있어!,2837,400,350,battle_actor_class_1,0,AUTO_TRANSLATED_REVIEW,Subtitle_Show(sample_id) lookup; requires TRANSLATED_APPROVED after audio and Korean review.
battle_voice,4186,0x0E,アルフィナ,이걸로 반성하도록 해!,2837,400,350,battle_actor_class_1,0,AUTO_TRANSLATED_REVIEW,Subtitle_Show(sample_id) lookup; requires TRANSLATED_APPROVED after audio and Korean review.
battle_voice,4188,0x15,アルフィナ,붙어버렸어!,2837,400,350,battle_actor_class_1,0,AUTO_TRANSLATED_REVIEW,Subtitle_Show(sample_id) lookup; requires TRANSLATED_APPROVED after audio and Korean review.
battle_voice,4190,0x2A,アルフィナ,"미안해, 아픈 건 잠깐이니까!",2837,400,350,battle_actor_class_1,0,AUTO_TRANSLATED_REVIEW,Subtitle_Show(sample_id) lookup; requires TRANSLATED_APPROVED after audio and Korean review.
battle_voice,4192,0x14,アルフィナ,나와라! 빛의 힘이여!,2837,400,350,battle_actor_class_1,0,AUTO_TRANSLATED_REVIEW,Subtitle_Show(sample_id) lookup; requires TRANSLATED_APPROVED after audio and Korean review.
battle_voice,4194,0x0A,アルフィナ,더욱 강하게! 힘을!,2837,400,350,battle_actor_class_1,0,AUTO_TRANSLATED_REVIEW,Subtitle_Show(sample_id) lookup; requires TRANSLATED_APPROVED after audio and Korean review.
battle_voice,4196,0x27,アルフィナ,점점 빨라진다. 계속 빨라져!,2837,400,350,battle_actor_class_1,0,AUTO_TRANSLATED_REVIEW,Subtitle_Show(sample_id) lookup; requires TRANSLATED_APPROVED after audio and Korean review.
battle_voice,4198,0x13,アルフィナ,마리오크의 힘이여! 비간!,2837,400,350,battle_actor_class_1,0,AUTO_TRANSLATED_REVIEW,Subtitle_Show(sample_id) lookup; requires TRANSLATED_APPROVED after audio and Korean review.
battle_voice,4200,0x12,アルフィナ,"자, 다시 일어서!",3435,400,350,battle_actor_class_1,0,AUTO_TRANSLATED_REVIEW,Subtitle_Show(sample_id) lookup; requires TRANSLATED_APPROVED after audio and Korean review.
battle_voice,4202,0xC9,アルフィナ,왠지… 미안한 짓을 해버렸네.,2987,400,350,battle_actor_class_1,0,AUTO_TRANSLATED_REVIEW,Subtitle_Show(sample_id) lookup; requires TRANSLATED_APPROVED after audio and Korean review.
battle_voice,4204,0xC9,アルフィナ,미안해요! 그냥 내버려두고 싶었지만…,3285,400,350,battle_actor_class_1,0,AUTO_TRANSLATED_REVIEW,Subtitle_Show(sample_id) lookup; requires TRANSLATED_APPROVED after audio and Korean review.
battle_voice,4206,0xCA,アルフィナ,"이겼네? 헤헤, 나도 하면 할 수 있다니까!",5077,400,350,battle_actor_class_1,0,AUTO_TRANSLATED_REVIEW,Subtitle_Show(sample_id) lookup; requires TRANSLATED_APPROVED after audio and Korean review.
battle_voice,4208,0xCA,アルフィナ,이겼네! 다행이다!,2837,400,350,battle_actor_class_1,0,AUTO_TRANSLATED_REVIEW,Subtitle_Show(sample_id) lookup; requires TRANSLATED_APPROVED after audio and Korean review.
battle_voice,4210,0xCB,アルフィナ,여기서 쓰러질 수는 없어!,4928,400,350,battle_actor_class_1,0,AUTO_TRANSLATED_REVIEW,Subtitle_Show(sample_id) lookup; requires TRANSLATED_APPROVED after audio and Korean review.
battle_voice,4212,0xCC,アルフィナ,살았어?,2837,400,350,battle_actor_class_1,0,AUTO_TRANSLATED_REVIEW,Subtitle_Show(sample_id) lookup; requires TRANSLATED_APPROVED after audio and Korean review.
battle_voice,4214,0xCD,アルフィナ,부탁이야! 그곳을 지나가게 해줘!,2837,400,350,battle_actor_class_1,0,AUTO_TRANSLATED_REVIEW,Subtitle_Show(sample_id) lookup; requires TRANSLATED_APPROVED after audio and Korean review.
battle_voice,4216,0xCF,アルフィナ,괜찮아? 일어설 수 있어!,2837,400,350,battle_actor_class_1,0,AUTO_TRANSLATED_REVIEW,Subtitle_Show(sample_id) lookup; requires TRANSLATED_APPROVED after audio and Korean review.
battle_voice,4218,0xD0,アルフィナ,이런 건 안 돼! 이런 곳에서 포기하지 마!,12096,400,350,battle_actor_class_1,0,AUTO_TRANSLATED_REVIEW,Subtitle_Show(sample_id) lookup; requires TRANSLATED_APPROVED after audio and Korean review.
battle_voice,4220,0x94;0x95;0x96;0x98;0x99;0x9F,ミランダ,뭔지 알겠어? 시험해봐!,2987,400,350,battle_actor_class_2,0,AUTO_TRANSLATED_REVIEW,Subtitle_Show(sample_id) lookup; requires TRANSLATED_APPROVED after audio and Korean review.
battle_voice,4222,0x95;0x96;0x98;0x99;0x9F,ミランダ,뭔지 알 것 같아? 시험해봐!,4181,400,350,battle_actor_class_2,0,AUTO_TRANSLATED_REVIEW,Subtitle_Show(sample_id) lookup; requires TRANSLATED_APPROVED after audio and Korean review.
battle_voice,4224,0x89;0x8A;0x8B;0x8C;0x8D;0x8E;0x8F;0x90;0x91;0x92;0x93;0x9E;0xA2;0xA3,ミランダ,호오! 대단한걸!,2837,400,350,battle_actor_class_2,0,AUTO_TRANSLATED_REVIEW,Subtitle_Show(sample_id) lookup; requires TRANSLATED_APPROVED after audio and Korean review.
battle_voice,4226,0x89;0x8A;0x8B;0x8C;0x8D;0x8E;0x8F;0x90;0x91;0x92;0x93;0x94;0x9E;0xA2;0xA3,ミランダ,호이! 대단하지!,2837,400,350,battle_actor_class_2,0,AUTO_TRANSLATED_REVIEW,Subtitle_Show(sample_id) lookup; requires TRANSLATED_APPROVED after audio and Korean review.
battle_voice,4228,0xC8,ミランダ,이 라이프는 이렇게 쓰는 거야!,2987,400,350,battle_actor_class_2,0,AUTO_TRANSLATED_REVIEW,Subtitle_Show(sample_id) lookup; requires TRANSLATED_APPROVED after audio and Korean review.
battle_voice,4230,0x65;0x66;0x67;0x68;0x69;0x6A;0x6B;0x6C;0x6D;0x6E;0x6F;0x70;0x71;0x72;0x73;0x74;0x75;0x76;0x77;0x7C;0x7D;0x7E;0x7F;0x80;0x81;0xA0;0xA1,ミランダ,골렘이 효과가 있는 것 같아!,3285,400,350,battle_actor_class_2;battle_special_skill:<D4F2>双<ACF2>り;battle_special_skill:地竜閃,0,AUTO_TRANSLATED_REVIEW,Subtitle_Show(sample_id) lookup; requires TRANSLATED_APPROVED after audio and Korean review.
battle_voice,4232,0x65;0x66;0x67;0x68;0x69;0x6A;0x6B;0x6C;0x6D;0x6E;0x6F;0x70;0x71;0x72;0x73;0x74;0x75;0x76;0x77;0x7C;0x7D;0x7E;0x7F;0x80;0x81;0xA0,ミランダ,이제 듣는 거지?,2987,400,350,battle_actor_class_2,0,AUTO_TRANSLATED_REVIEW,Subtitle_Show(sample_id) lookup; requires TRANSLATED_APPROVED after audio and Korean review.
battle_voice,4234,0x82;0x83;0x84;0x85;0x86;0x87;0x88;0x9A;0x9B;0x9C;0x9D,ミランダ,아! 이런 것도 재미있겠네!,3733,400,350,battle_actor_class_2,0,AUTO_TRANSLATED_REVIEW,Subtitle_Show(sample_id) lookup; requires TRANSLATED_APPROVED after audio and Korean review.
battle_voice,4236,0x82;0x83;0x84;0x85;0x86;0x87;0x88;0x9A;0x9B;0x9C;0x9D,ミランダ,"아, 이런 것도 재미있을지도!",3285,400,350,battle_actor_class_2,0,AUTO_TRANSLATED_REVIEW,Subtitle_Show(sample_id) lookup; requires TRANSLATED_APPROVED after audio and Korean review.
battle_voice,4238,0x78;0x79;0x7A;0x7B,ミランダ,이봐! 멋대로 죽지 마!,2837,400,350,battle_actor_class_2,0,AUTO_TRANSLATED_REVIEW,Subtitle_Show(sample_id) lookup; requires TRANSLATED_APPROVED after audio and Korean review.
battle_voice,4240,0x78;0x79;0x7A;0x7B,ミランダ,"오라! 정신 차려, 죽지 말라고!",2837,400,350,battle_actor_class_2,0,AUTO_TRANSLATED_REVIEW,Subtitle_Show(sample_id) lookup; requires TRANSLATED_APPROVED after audio and Korean review.
battle_voice,4242,0x01,ミランダ,쾅!,2837,400,350,battle_actor_class_2,0,AUTO_TRANSLATED_REVIEW,Subtitle_Show(sample_id) lookup; requires TRANSLATED_APPROVED after audio and Korean review.
battle_voice,4244,0x01,ミランダ,으아아아아아아아아아아!,2837,400,350,battle_actor_class_2,0,AUTO_TRANSLATED_REVIEW,Subtitle_Show(sample_id) lookup; requires TRANSLATED_APPROVED after audio and Korean review.
battle_voice,4246,0x02,ミランダ,간다! 뱅 스트라이크!,3136,400,350,battle_actor_class_2,0,AUTO_TRANSLATED_REVIEW,Subtitle_Show(sample_id) lookup; requires TRANSLATED_APPROVED after audio and Korean review.
battle_voice,4248,0x02,ミランダ,뱅 스트라이크!,2837,400,350,battle_actor_class_2,0,AUTO_TRANSLATED_REVIEW,Subtitle_Show(sample_id) lookup; requires TRANSLATED_APPROVED after audio and Korean review.
battle_voice,4250,0x0B,ミランダ,굿 어 딩!,2837,400,350,battle_actor_class_2,0,AUTO_TRANSLATED_REVIEW,Subtitle_Show(sample_id) lookup; requires TRANSLATED_APPROVED after audio and Korean review.
battle_voice,4252,0x0B,ミランダ,그라긴!,2837,400,350,battle_actor_class_2,0,AUTO_TRANSLATED_REVIEW,Subtitle_Show(sample_id) lookup; requires TRANSLATED_APPROVED after audio and Korean review.
battle_voice,4254,0x16,ミランダ,샤키아!,2837,400,350,battle_actor_class_2,0,AUTO_TRANSLATED_REVIEW,Subtitle_Show(sample_id) lookup; requires TRANSLATED_APPROVED after audio and Korean review.
battle_voice,4256,0x20,ミランダ,"카데의 나이프, 가볍게 찌른다!",2837,400,350,battle_actor_class_2,0,AUTO_TRANSLATED_REVIEW,Subtitle_Show(sample_id) lookup; requires TRANSLATED_APPROVED after audio and Korean review.
battle_voice,4258,0x1A;0x1B;0x1C,ミランダ,"네, 회복!",2837,400,350,battle_actor_class_2,0,AUTO_TRANSLATED_REVIEW,Subtitle_Show(sample_id) lookup; requires TRANSLATED_APPROVED after audio and Korean review.
battle_voice,4260,0x1A;0x1B;0x1C,ミランダ,"네, 회복됐어!",2837,400,350,battle_actor_class_2,0,AUTO_TRANSLATED_REVIEW,Subtitle_Show(sample_id) lookup; requires TRANSLATED_APPROVED after audio and Korean review.
battle_voice,4262,0xD3;0xD4;0xD5,ミランダ,"자, 정신 차려!",2837,400,350,battle_actor_class_2,0,AUTO_TRANSLATED_REVIEW,Subtitle_Show(sample_id) lookup; requires TRANSLATED_APPROVED after audio and Korean review.
battle_voice,4264,0xD3;0xD4;0xD5,ミランダ,"자, 정신 차려!",2837,400,350,battle_actor_class_2,0,AUTO_TRANSLATED_REVIEW,Subtitle_Show(sample_id) lookup; requires TRANSLATED_APPROVED after audio and Korean review.
battle_voice,4266,0x1D;0x1E;0xA1,ミランダ,"잠깐, 다들 왜 아무것도 안 하는 거야?",2987,400,350,battle_actor_class_2,0,AUTO_TRANSLATED_REVIEW,Subtitle_Show(sample_id) lookup; requires TRANSLATED_APPROVED after audio and Korean review.
battle_voice,4268,0x1D,ミランダ,"자자, 여러분! 왜 그렇게 늘어져 있어?",3285,400,350,battle_actor_class_2,0,AUTO_TRANSLATED_REVIEW,Subtitle_Show(sample_id) lookup; requires TRANSLATED_APPROVED after audio and Korean review.
battle_voice,4270,0x1E,ミランダ,"잠깐, 다들 왜 그렇게 풀이 죽었어?",2837,400,350,battle_actor_class_2,0,AUTO_TRANSLATED_REVIEW,Subtitle_Show(sample_id) lookup; requires TRANSLATED_APPROVED after audio and Korean review.
battle_voice,4272,0x13,ミランダ,이봐! 눈치채지 마!,2837,400,350,battle_actor_class_2,0,AUTO_TRANSLATED_REVIEW,Subtitle_Show(sample_id) lookup; requires TRANSLATED_APPROVED after audio and Korean review.
battle_voice,4274,0x13,ミランダ,"네, 눈치채지 마세요!",2837,400,350,battle_actor_class_2,0,AUTO_TRANSLATED_REVIEW,Subtitle_Show(sample_id) lookup; requires TRANSLATED_APPROVED after audio and Korean review.
battle_voice,4276,0xC9,ミランダ,하! 웃는 얼굴로 다시 해보자고!,2987,400,350,battle_actor_class_2,0,AUTO_TRANSLATED_REVIEW,Subtitle_Show(sample_id) lookup; requires TRANSLATED_APPROVED after audio and Korean review.
battle_voice,4278,0xCA,ミランダ,"너희들, 대체 뭘 하고 있는 거야?",3285,400,350,battle_actor_class_2,0,AUTO_TRANSLATED_REVIEW,Subtitle_Show(sample_id) lookup; requires TRANSLATED_APPROVED after audio and Korean review.
battle_voice,4280,0xCB,ミランダ,"아아, 귀찮아! 왜 이렇게 우르르 나오는 거야!",4032,400,350,battle_actor_class_2,0,AUTO_TRANSLATED_REVIEW,Subtitle_Show(sample_id) lookup; requires TRANSLATED_APPROVED after audio and Korean review.
battle_voice,4282,0xCC,ミランダ,상대해 봐야 소용없어. 얼른 가자!,2837,400,350,battle_actor_class_2,0,AUTO_TRANSLATED_REVIEW,Subtitle_Show(sample_id) lookup; requires TRANSLATED_APPROVED after audio and Korean review.
battle_voice,4284,0xCD,ミランダ,쳇! 방금 건 페인트였다고!,3584,400,350,battle_actor_class_2,0,AUTO_TRANSLATED_REVIEW,Subtitle_Show(sample_id) lookup; requires TRANSLATED_APPROVED after audio and Korean review.
battle_voice,4286,0xCF,ミランダ,조금만 빼줘!,2837,400,350,battle_actor_class_2,0,AUTO_TRANSLATED_REVIEW,Subtitle_Show(sample_id) lookup; requires TRANSLATED_APPROVED after audio and Korean review.
battle_voice,4288,0xD0,ミランダ,"유키, 어디 있어? 엔지스터, 유키, 유키!",13440,400,350,battle_actor_class_2,0,AUTO_TRANSLATED_REVIEW,Subtitle_Show(sample_id) lookup; requires TRANSLATED_APPROVED after audio and Korean review.
battle_voice,4290,0x94;0x95;0x96;0x98;0x99;0x9F,アルオンソ,너도 운이 없구나! 하하하하!,4181,400,350,battle_actor_class_3,0,AUTO_TRANSLATED_REVIEW,Subtitle_Show(sample_id) lookup; requires TRANSLATED_APPROVED after audio and Korean review.
battle_voice,4292,0x89;0x8A;0x8B;0x8C;0x8D;0x8E;0x8F;0x90;0x91;0x92;0x93;0x9E;0xA2;0xA3,アルオンソ,조커를 넘겨주지!,2837,400,350,battle_actor_class_3,0,AUTO_TRANSLATED_REVIEW,Subtitle_Show(sample_id) lookup; requires TRANSLATED_APPROVED after audio and Korean review.
battle_voice,4294,0x65;0x66;0x67;0x68;0x69;0x6A;0x6B;0x6C;0x6D;0x6E;0x6F;0x70;0x71;0x72;0x73;0x74;0x75;0x76;0x77;0x7C;0x7D;0x7E;0x7F;0x80;0x81;0xA0;0xA1,アルオンソ,좋아! 이 녀석을 쓸 때다!,2837,400,350,battle_actor_class_3;battle_special_skill:スラストクラッシュ;battle_special_skill:ランサースマッシュ,0,AUTO_TRANSLATED_REVIEW,Subtitle_Show(sample_id) lookup; requires TRANSLATED_APPROVED after audio and Korean review.
battle_voice,4296,0x82;0x83;0x84;0x85;0x86;0x87;0x88;0x9A;0x9B;0x9C;0x9D,アルオンソ,이런 방법도 나쁘지 않지!,2837,400,350,battle_actor_class_3,0,AUTO_TRANSLATED_REVIEW,Subtitle_Show(sample_id) lookup; requires TRANSLATED_APPROVED after audio and Korean review.
battle_voice,4298,0x78;0x79;0x7A;0x7B,アルオンソ,좋아! 이걸로도 닿겠어!,2837,400,350,battle_actor_class_3,0,AUTO_TRANSLATED_REVIEW,Subtitle_Show(sample_id) lookup; requires TRANSLATED_APPROVED after audio and Korean review.
battle_voice,4300,0x01,アルオンソ,쾅!,2837,400,350,battle_actor_class_3,0,AUTO_TRANSLATED_REVIEW,Subtitle_Show(sample_id) lookup; requires TRANSLATED_APPROVED after audio and Korean review.
battle_voice,4302,0x02,アルオンソ,결국 이렇게 되는 건가!,2987,400,350,battle_actor_class_3,0,AUTO_TRANSLATED_REVIEW,Subtitle_Show(sample_id) lookup; requires TRANSLATED_APPROVED after audio and Korean review.
battle_voice,4304,0x0B,アルオンソ,안전한… 이건 아니겠네!,2837,400,350,battle_actor_class_3,0,AUTO_TRANSLATED_REVIEW,Subtitle_Show(sample_id) lookup; requires TRANSLATED_APPROVED after audio and Korean review.
battle_voice,4306,0x16,アルオンソ,아까는…,2837,400,350,battle_actor_class_3,0,AUTO_TRANSLATED_REVIEW,Subtitle_Show(sample_id) lookup; requires TRANSLATED_APPROVED after audio and Korean review.
battle_voice,4308,0x20,アルオンソ,휘이익!,2837,400,350,battle_actor_class_3,0,AUTO_TRANSLATED_REVIEW,Subtitle_Show(sample_id) lookup; requires TRANSLATED_APPROVED after audio and Korean review.
battle_voice,4310,0x1A;0x1B;0x1C,アルオンソ,그렇게 쉽게 쓰러질 것 같으냐!,2837,400,350,battle_actor_class_3,0,AUTO_TRANSLATED_REVIEW,Subtitle_Show(sample_id) lookup; requires TRANSLATED_APPROVED after audio and Korean review.
battle_voice,4312,0xD3;0xD4;0xD5,アルオンソ,너무 무리하지 마!,2837,400,350,battle_actor_class_3,0,AUTO_TRANSLATED_REVIEW,Subtitle_Show(sample_id) lookup; requires TRANSLATED_APPROVED after audio and Korean review.
battle_voice,4314,0x1D;0x1E;0xA1,アルオンソ,뭐야! 꽤 괜찮아 보이는데!,2837,400,350,battle_actor_class_3,0,AUTO_TRANSLATED_REVIEW,Subtitle_Show(sample_id) lookup; requires TRANSLATED_APPROVED after audio and Korean review.
battle_voice,4316,0x13,アルオンソ,공격만 해서는 소용이 없으니까!,2837,400,350,battle_actor_class_3,0,AUTO_TRANSLATED_REVIEW,Subtitle_Show(sample_id) lookup; requires TRANSLATED_APPROVED after audio and Korean review.
battle_voice,4318,0xC9,アルオンソ,퍼펙트! 사인을 받고 싶은 사람은 줄을 서!,4480,400,350,battle_actor_class_3,0,AUTO_TRANSLATED_REVIEW,Subtitle_Show(sample_id) lookup; requires TRANSLATED_APPROVED after audio and Korean review.
battle_voice,4320,0xCA,アルオンソ,"이런, 또 내 보물이…",4032,400,350,battle_actor_class_3,0,AUTO_TRANSLATED_REVIEW,Subtitle_Show(sample_id) lookup; requires TRANSLATED_APPROVED after audio and Korean review.
battle_voice,4322,0xCB,アルオンソ,후우우우우우…,5376,400,350,battle_actor_class_3,0,AUTO_TRANSLATED_REVIEW,Subtitle_Show(sample_id) lookup; requires TRANSLATED_APPROVED after audio and Korean review.
battle_voice,4324,0xCC,アルオンソ,흥! 이게 바로 프로의 솜씨라는 거다!,2837,400,350,battle_actor_class_3,0,AUTO_TRANSLATED_REVIEW,Subtitle_Show(sample_id) lookup; requires TRANSLATED_APPROVED after audio and Korean review.
battle_voice,4326,0xCD,アルオンソ,그래야지!,2837,400,350,battle_actor_class_3,0,AUTO_TRANSLATED_REVIEW,Subtitle_Show(sample_id) lookup; requires TRANSLATED_APPROVED after audio and Korean review.
battle_voice,4328,0xCF,アルオンソ,미토메나이? 놓쳐버렸군!,2837,400,350,battle_actor_class_3,0,AUTO_TRANSLATED_REVIEW,Subtitle_Show(sample_id) lookup; requires TRANSLATED_APPROVED after audio and Korean review.
battle_voice,4330,0xD0,アルオンソ,"아아, 이게 무슨 일이야? 이런 꼴로는… 안 돼! 아아, 기다려줘! 미리암!",17621,400,350,battle_actor_class_3,0,AUTO_TRANSLATED_REVIEW,Subtitle_Show(sample_id) lookup; requires TRANSLATED_APPROVED after audio and Korean review.
battle_voice,4332,0x89;0x8A;0x8B;0x8C;0x8D;0x8E;0x8F;0x90;0x91;0x92;0x93;0x94;0x95;0x96;0x98;0x99;0x9E;0x9F;0xA2;0xA3,ウル,비밀 병기! 받아라!,2837,400,350,battle_actor_class_4,0,AUTO_TRANSLATED_REVIEW,Subtitle_Show(sample_id) lookup; requires TRANSLATED_APPROVED after audio and Korean review.
battle_voice,4334,0x01;0x02;0x03;0x05;0x06;0x0B;0x0C;0x16;0x17;0x20;0x21;0x22;0x23;0x24;0x89;0x8A;0x8B;0x8C;0x8D;0x8E;0x8F;0x90;0x91;0x92;0x93;0x94;0x9E;0xA2;0xA3,ウル,이래도 받아라!,2837,400,350,battle_actor_class_4;battle_special_skill:<35F2>法師;battle_special_skill:ウル・ダイナマイト;battle_special_skill:熱血大魔球;battle_special_skill:紅蓮華,0,AUTO_TRANSLATED_REVIEW,Subtitle_Show(sample_id) lookup; requires TRANSLATED_APPROVED after audio and Korean review.
battle_voice,4336,0x65;0x66;0x67;0x68;0x69;0x6A;0x6B;0x6C;0x6D;0x6E;0x6F;0x70;0x71;0x72;0x73;0x74;0x75;0x76;0x77;0x7C;0x7D;0x7E;0x7F;0x80;0x81;0x82;0x83;0x84;0x85;0x86;0x87;0x88;0xA0;0xA1,ウル,이 녀석 차례다!,2837,400,350,battle_actor_class_4,0,AUTO_TRANSLATED_REVIEW,Subtitle_Show(sample_id) lookup; requires TRANSLATED_APPROVED after audio and Korean review.
battle_voice,4338,0x71;0x72;0x73;0x74;0x75;0x76;0x77;0x7C;0x7D;0x7E;0x7F;0x80;0x81;0x82;0x83;0x84;0x85;0x86;0x87;0x88;0x9A;0x9B;0x9C;0x9D,ウル,마구마구 써주마!,2837,400,350,battle_actor_class_4;battle_special_skill:大<6CF4>輪;battle_special_skill:岩石<39F4>き;battle_special_skill:熱血魔球;battle_special_skill:衝波,0,AUTO_TRANSLATED_REVIEW,Subtitle_Show(sample_id) lookup; requires TRANSLATED_APPROVED after audio and Korean review.
battle_voice,4340,0x78;0x79;0x7A;0x7B,ウル,좋아! 이걸로 부활이다!,2837,400,350,battle_actor_class_4,0,AUTO_TRANSLATED_REVIEW,Subtitle_Show(sample_id) lookup; requires TRANSLATED_APPROVED after audio and Korean review.
battle_voice,4342,0x01,ウル,쾅!,3883,400,350,battle_actor_class_4,0,AUTO_TRANSLATED_REVIEW,Subtitle_Show(sample_id) lookup; requires TRANSLATED_APPROVED after audio and Korean review.
battle_voice,4344,0x02,ウル,뱅 스트라이크!,4629,400,350,battle_actor_class_4,0,AUTO_TRANSLATED_REVIEW,Subtitle_Show(sample_id) lookup; requires TRANSLATED_APPROVED after audio and Korean review.
battle_voice,4346,0x05,ウル,헤헤헤헤헤헤…,4181,400,350,battle_actor_class_4,0,AUTO_TRANSLATED_REVIEW,Subtitle_Show(sample_id) lookup; requires TRANSLATED_APPROVED after audio and Korean review.
battle_voice,4348,0x03,ウル,헬 버너!,4032,400,350,battle_actor_class_4,0,AUTO_TRANSLATED_REVIEW,Subtitle_Show(sample_id) lookup; requires TRANSLATED_APPROVED after audio and Korean review.
battle_voice,4350,0x06,ウル,핫! 쌓아 올려주마!,3883,400,350,battle_actor_class_4,0,AUTO_TRANSLATED_REVIEW,Subtitle_Show(sample_id) lookup; requires TRANSLATED_APPROVED after audio and Korean review.
battle_voice,4352,0x07,ウル,내 분노를… 뼈저리게 느껴라!,5227,400,350,battle_actor_class_4,0,AUTO_TRANSLATED_REVIEW,Subtitle_Show(sample_id) lookup; requires TRANSLATED_APPROVED after audio and Korean review.
battle_voice,4354,0x04,ウル,뱅 블레이즈!,5077,400,350,battle_actor_class_4,0,AUTO_TRANSLATED_REVIEW,Subtitle_Show(sample_id) lookup; requires TRANSLATED_APPROVED after audio and Korean review.
battle_voice,4356,0x09,ウル,핫! 하늘이 떨어진다! 받아라! 브라이드!,6571,400,350,battle_actor_class_4,0,AUTO_TRANSLATED_REVIEW,Subtitle_Show(sample_id) lookup; requires TRANSLATED_APPROVED after audio and Korean review.
battle_voice,4358,0x08,ウル,쳇! 이걸로 끝이다! 헤븐 게이트!,5376,400,350,battle_actor_class_4,0,AUTO_TRANSLATED_REVIEW,Subtitle_Show(sample_id) lookup; requires TRANSLATED_APPROVED after audio and Korean review.
battle_voice,4360,0x0B,ウル,오리아! 그라긴!,4181,400,350,battle_actor_class_4,0,AUTO_TRANSLATED_REVIEW,Subtitle_Show(sample_id) lookup; requires TRANSLATED_APPROVED after audio and Korean review.
battle_voice,4362,0x0C,ウル,그랑죠!,2837,400,350,battle_actor_class_4,0,AUTO_TRANSLATED_REVIEW,Subtitle_Show(sample_id) lookup; requires TRANSLATED_APPROVED after audio and Korean review.
battle_voice,4364,0x0D,ウル,이건 네게 꼭 필요할 거다!,5376,400,350,battle_actor_class_4,0,AUTO_TRANSLATED_REVIEW,Subtitle_Show(sample_id) lookup; requires TRANSLATED_APPROVED after audio and Korean review.
battle_voice,4366,0x0F,ウル,"와, 잘 먹겠습니다!",4032,400,350,battle_actor_class_4,0,AUTO_TRANSLATED_REVIEW,Subtitle_Show(sample_id) lookup; requires TRANSLATED_APPROVED after audio and Korean review.
battle_voice,4368,0x16,ウル,샤키아!,4480,400,350,battle_actor_class_4,0,AUTO_TRANSLATED_REVIEW,Subtitle_Show(sample_id) lookup; requires TRANSLATED_APPROVED after audio and Korean review.
battle_voice,4370,0x17,ウル,흥! 더럽힐 수 있다면 어디 한번 더럽혀 봐!,5227,400,350,battle_actor_class_4,0,AUTO_TRANSLATED_REVIEW,Subtitle_Show(sample_id) lookup; requires TRANSLATED_APPROVED after audio and Korean review.
battle_voice,4372,0x18,ウル,"쳇, 상대해 주마!",4629,400,350,battle_actor_class_4,0,AUTO_TRANSLATED_REVIEW,Subtitle_Show(sample_id) lookup; requires TRANSLATED_APPROVED after audio and Korean review.
battle_voice,4374,0x19,ウル,평생 그렇게나 해라! 데브리스!,5227,400,350,battle_actor_class_4,0,AUTO_TRANSLATED_REVIEW,Subtitle_Show(sample_id) lookup; requires TRANSLATED_APPROVED after audio and Korean review.
battle_voice,4376,0x20,ウル,휘이익!,4032,400,350,battle_actor_class_4,0,AUTO_TRANSLATED_REVIEW,Subtitle_Show(sample_id) lookup; requires TRANSLATED_APPROVED after audio and Korean review.
battle_voice,4378,0x21,ウル,휴! 슬래시!,4181,400,350,battle_actor_class_4,0,AUTO_TRANSLATED_REVIEW,Subtitle_Show(sample_id) lookup; requires TRANSLATED_APPROVED after audio and Korean review.
battle_voice,4380,0x23,ウル,라이거!,3733,400,350,battle_actor_class_4,0,AUTO_TRANSLATED_REVIEW,Subtitle_Show(sample_id) lookup; requires TRANSLATED_APPROVED after audio and Korean review.
battle_voice,4382,0x22,ウル,"헤헤, 오늘 날씨는 아주 좋군!",6720,400,350,battle_actor_class_4,0,AUTO_TRANSLATED_REVIEW,Subtitle_Show(sample_id) lookup; requires TRANSLATED_APPROVED after audio and Korean review.
battle_voice,4384,0x24,ウル,라이담!,3584,400,350,battle_actor_class_4,0,AUTO_TRANSLATED_REVIEW,Subtitle_Show(sample_id) lookup; requires TRANSLATED_APPROVED after audio and Korean review.
battle_voice,4386,0x25,ウル,쳇! 귀찮은 불똥이 튀어도 난 모른다!,5973,400,350,battle_actor_class_4,0,AUTO_TRANSLATED_REVIEW,Subtitle_Show(sample_id) lookup; requires TRANSLATED_APPROVED after audio and Korean review.
battle_voice,4388,0x26,ウル,으아아아아아아아아아!,7168,400,350,battle_actor_class_4,0,AUTO_TRANSLATED_REVIEW,Subtitle_Show(sample_id) lookup; requires TRANSLATED_APPROVED after audio and Korean review.
battle_voice,4390,0x1A;0x1B;0x1C,ウル,이런 상처를 입다니!,4181,400,350,battle_actor_class_4,0,AUTO_TRANSLATED_REVIEW,Subtitle_Show(sample_id) lookup; requires TRANSLATED_APPROVED after audio and Korean review.
battle_voice,4392,0xD3;0xD4;0xD5,ウル,지금 고쳐줄 테니까!,3733,400,350,battle_actor_class_4,0,AUTO_TRANSLATED_REVIEW,Subtitle_Show(sample_id) lookup; requires TRANSLATED_APPROVED after audio and Korean review.
battle_voice,4394,0x10;0x11,ウル,"으악! 우에엑, 꽤 힘들었군!",5227,400,350,battle_actor_class_4,0,AUTO_TRANSLATED_REVIEW,Subtitle_Show(sample_id) lookup; requires TRANSLATED_APPROVED after audio and Korean review.
battle_voice,4396,0xD1;0xD2,ウル,"쳇! 그렇게 도망치기나 하다니, 한심하군!",5077,400,350,battle_actor_class_4,0,AUTO_TRANSLATED_REVIEW,Subtitle_Show(sample_id) lookup; requires TRANSLATED_APPROVED after audio and Korean review.
battle_voice,4398,0x1D;0x1E;0xA1,ウル,흥! 내가 한꺼번에 처리해주마!,4629,400,350,battle_actor_class_4,0,AUTO_TRANSLATED_REVIEW,Subtitle_Show(sample_id) lookup; requires TRANSLATED_APPROVED after audio and Korean review.
battle_voice,4400,0x29,ウル,"흥, TV에 마법을 쓰기엔 아깝군!",4928,400,350,battle_actor_class_4,0,AUTO_TRANSLATED_REVIEW,Subtitle_Show(sample_id) lookup; requires TRANSLATED_APPROVED after audio and Korean review.
battle_voice,4402,0x28,ウル,흥! 똑바로 달려보시지!,4480,400,350,battle_actor_class_4,0,AUTO_TRANSLATED_REVIEW,Subtitle_Show(sample_id) lookup; requires TRANSLATED_APPROVED after audio and Korean review.
battle_voice,4404,0x1F,ウル,흙처럼 잠들어라!,4331,400,350,battle_actor_class_4,0,AUTO_TRANSLATED_REVIEW,Subtitle_Show(sample_id) lookup; requires TRANSLATED_APPROVED after audio and Korean review.
battle_voice,4406,0x0E,ウル,아아아! 이젠 정말 틀렸군!,5973,400,350,battle_actor_class_4,0,AUTO_TRANSLATED_REVIEW,Subtitle_Show(sample_id) lookup; requires TRANSLATED_APPROVED after audio and Korean review.
battle_voice,4408,0x15,ウル,"핫, 마그네이드다!",4032,400,350,battle_actor_class_4,0,AUTO_TRANSLATED_REVIEW,Subtitle_Show(sample_id) lookup; requires TRANSLATED_APPROVED after audio and Korean review.
battle_voice,4410,0x2A,ウル,흥! 단번에 끝내주마!,3883,400,350,battle_actor_class_4,0,AUTO_TRANSLATED_REVIEW,Subtitle_Show(sample_id) lookup; requires TRANSLATED_APPROVED after audio and Korean review.
battle_voice,4412,0x14,ウル,"좋아, 이걸로 무적이다!",4032,400,350,battle_actor_class_4,0,AUTO_TRANSLATED_REVIEW,Subtitle_Show(sample_id) lookup; requires TRANSLATED_APPROVED after audio and Korean review.
battle_voice,4414,0x0A,ウル,흥! 기합을 넣어!,5077,400,350,battle_actor_class_4,0,AUTO_TRANSLATED_REVIEW,Subtitle_Show(sample_id) lookup; requires TRANSLATED_APPROVED after audio and Korean review.
battle_voice,4416,0x27,ウル,단숨에 가속해주마!,4032,400,350,battle_actor_class_4,0,AUTO_TRANSLATED_REVIEW,Subtitle_Show(sample_id) lookup; requires TRANSLATED_APPROVED after audio and Korean review.
battle_voice,4418,0x13,ウル,좋아! 강철의 몸이다!,5376,400,350,battle_actor_class_4,0,AUTO_TRANSLATED_REVIEW,Subtitle_Show(sample_id) lookup; requires TRANSLATED_APPROVED after audio and Korean review.
battle_voice,4420,0x12,ウル,"이봐, 언제까지 자고 있을 거야!",4629,400,350,battle_actor_class_4,0,AUTO_TRANSLATED_REVIEW,Subtitle_Show(sample_id) lookup; requires TRANSLATED_APPROVED after audio and Korean review.
battle_voice,4422,0xC9,ウル,좋았어! 낙승이다! 여유만만하군!,3584,400,350,battle_actor_class_4,0,AUTO_TRANSLATED_REVIEW,Subtitle_Show(sample_id) lookup; requires TRANSLATED_APPROVED after audio and Korean review.
battle_voice,4424,0xCA,ウル,흥! 몇 번이고 다시 일어설 수 있다!,2837,400,350,battle_actor_class_4,0,AUTO_TRANSLATED_REVIEW,Subtitle_Show(sample_id) lookup; requires TRANSLATED_APPROVED after audio and Korean review.
battle_voice,4426,0xCB,ウル,"하아, 하아… 정말 지쳤다. 돌아가서 밥 먹자!",6571,400,350,battle_actor_class_4,0,AUTO_TRANSLATED_REVIEW,Subtitle_Show(sample_id) lookup; requires TRANSLATED_APPROVED after audio and Korean review.
battle_voice,4428,0xCC,ウル,내 발을 따라올 수 있을 것 같아?,2837,400,350,battle_actor_class_4,0,AUTO_TRANSLATED_REVIEW,Subtitle_Show(sample_id) lookup; requires TRANSLATED_APPROVED after audio and Korean review.
battle_voice,4430,0xCD,ウル,"쳇, 쇼크를 날려!",2837,400,350,battle_actor_class_4,0,AUTO_TRANSLATED_REVIEW,Subtitle_Show(sample_id) lookup; requires TRANSLATED_APPROVED after audio and Korean review.
battle_voice,4432,0xCF,ウル,으아아아아아아아아아아!,3136,400,350,battle_actor_class_4,0,AUTO_TRANSLATED_REVIEW,Subtitle_Show(sample_id) lookup; requires TRANSLATED_APPROVED after audio and Korean review.
battle_voice,4434,0xD0,ウル,끝장을 보자! 아직 나에겐 할 일이 남았어!,10752,400,350,battle_actor_class_4,0,AUTO_TRANSLATED_REVIEW,Subtitle_Show(sample_id) lookup; requires TRANSLATED_APPROVED after audio and Korean review.
battle_voice,4436,0x94;0x95;0x96;0x98;0x99;0x9F,ダーナ,"어머, 좋은 카드네. 받아!",2837,400,350,battle_actor_class_5,0,AUTO_TRANSLATED_REVIEW,Subtitle_Show(sample_id) lookup; requires TRANSLATED_APPROVED after audio and Korean review.
battle_voice,4438,0x89;0x8A;0x8B;0x8C;0x8D;0x8E;0x8F;0x90;0x91;0x92;0x93;0x9E;0xA2;0xA3,ダーナ,폭탄 같은 건 취향이 아니지만…,2837,400,350,battle_actor_class_5;battle_special_skill:ダンシングカード;battle_special_skill:ホーミングシュート;battle_special_skill:マナキャプチャー;battle_special_skill:魔王<B1F2>,0,AUTO_TRANSLATED_REVIEW,Subtitle_Show(sample_id) lookup; requires TRANSLATED_APPROVED after audio and Korean review.
battle_voice,4440,0xC8,ダーナ,카드여! 진정한 모습을 드러내라!,2837,400,350,battle_actor_class_5,0,AUTO_TRANSLATED_REVIEW,Subtitle_Show(sample_id) lookup; requires TRANSLATED_APPROVED after audio and Korean review.
battle_voice,4442,0x65;0x66;0x67;0x68;0x69;0x6A;0x6B;0x6C;0x6D;0x6E;0x6F;0x70;0x71;0x72;0x73;0x74;0x75;0x76;0x77;0x7C;0x7D;0x7E;0x7F;0x80;0x81;0x82;0x83;0x84;0x85;0x86;0x87;0x88;0xA0;0xA1,ダーナ,이런 것도 있단다.,2837,400,350,battle_actor_class_5,0,AUTO_TRANSLATED_REVIEW,Subtitle_Show(sample_id) lookup; requires TRANSLATED_APPROVED after audio and Korean review.
battle_voice,4444,0x71;0x72;0x73;0x74;0x75;0x76;0x77;0x82;0x83;0x84;0x85;0x86;0x87;0x88;0x9A;0x9B;0x9C;0x9D,ダーナ,이건 어떨까?,2837,400,350,battle_actor_class_5,0,AUTO_TRANSLATED_REVIEW,Subtitle_Show(sample_id) lookup; requires TRANSLATED_APPROVED after audio and Korean review.
battle_voice,4446,0x78;0x79;0x7A;0x7B,ダーナ,걱정 마세요. 비장의 카드가 있으니까요.,2837,400,350,battle_actor_class_5,0,AUTO_TRANSLATED_REVIEW,Subtitle_Show(sample_id) lookup; requires TRANSLATED_APPROVED after audio and Korean review.
battle_voice,4448,0x01,ダーナ,쾅!,3733,400,350,battle_actor_class_5,0,AUTO_TRANSLATED_REVIEW,Subtitle_Show(sample_id) lookup; requires TRANSLATED_APPROVED after audio and Korean review.
battle_voice,4450,0x02,ダーナ,버스트라이크!,3883,400,350,battle_actor_class_5,0,AUTO_TRANSLATED_REVIEW,Subtitle_Show(sample_id) lookup; requires TRANSLATED_APPROVED after audio and Korean review.
battle_voice,4452,0x05,ダーナ,"날아가라, 즌가!",4032,400,350,battle_actor_class_5,0,AUTO_TRANSLATED_REVIEW,Subtitle_Show(sample_id) lookup; requires TRANSLATED_APPROVED after audio and Korean review.
battle_voice,4454,0x03,ダーナ,헬 버너… 불태워버려!,4331,400,350,battle_actor_class_5,0,AUTO_TRANSLATED_REVIEW,Subtitle_Show(sample_id) lookup; requires TRANSLATED_APPROVED after audio and Korean review.
battle_voice,4456,0x06,ダーナ,아지케토베! 끝이다!,4181,400,350,battle_actor_class_5,0,AUTO_TRANSLATED_REVIEW,Subtitle_Show(sample_id) lookup; requires TRANSLATED_APPROVED after audio and Korean review.
battle_voice,4458,0x07,ダーナ,오늘의 카드는 데즌!,3733,400,350,battle_actor_class_5,0,AUTO_TRANSLATED_REVIEW,Subtitle_Show(sample_id) lookup; requires TRANSLATED_APPROVED after audio and Korean review.
battle_voice,4460,0x04,ダーナ,"죽음의 카드여, 뜨거운 숨결을!",4480,400,350,battle_actor_class_5,0,AUTO_TRANSLATED_REVIEW,Subtitle_Show(sample_id) lookup; requires TRANSLATED_APPROVED after audio and Korean review.
battle_voice,4462,0x09,ダーナ,"멸망의 카드, 심판의 힘이여!",3435,400,350,battle_actor_class_5,0,AUTO_TRANSLATED_REVIEW,Subtitle_Show(sample_id) lookup; requires TRANSLATED_APPROVED after audio and Korean review.
battle_voice,4464,0x08,ダーナ,끝의 카드가 너를 봉인한다!,4629,400,350,battle_actor_class_5,0,AUTO_TRANSLATED_REVIEW,Subtitle_Show(sample_id) lookup; requires TRANSLATED_APPROVED after audio and Korean review.
battle_voice,4466,0x0B,ダーナ,그라긴!,2837,400,350,battle_actor_class_5,0,AUTO_TRANSLATED_REVIEW,Subtitle_Show(sample_id) lookup; requires TRANSLATED_APPROVED after audio and Korean review.
battle_voice,4468,0x0C,ダーナ,대지의 카드… 미움받았구나!,5077,400,350,battle_actor_class_5,0,AUTO_TRANSLATED_REVIEW,Subtitle_Show(sample_id) lookup; requires TRANSLATED_APPROVED after audio and Korean review.
battle_voice,4470,0x0D,ダーナ,별의 카드… 이것도 행운일지도 모르겠네.,5525,400,350,battle_actor_class_5,0,AUTO_TRANSLATED_REVIEW,Subtitle_Show(sample_id) lookup; requires TRANSLATED_APPROVED after audio and Korean review.
battle_voice,4472,0x0F,ダーナ,큐로아!,4181,400,350,battle_actor_class_5,0,AUTO_TRANSLATED_REVIEW,Subtitle_Show(sample_id) lookup; requires TRANSLATED_APPROVED after audio and Korean review.
battle_voice,4474,0x16,ダーナ,샤키아!,2837,400,350,battle_actor_class_5,0,AUTO_TRANSLATED_REVIEW,Subtitle_Show(sample_id) lookup; requires TRANSLATED_APPROVED after audio and Korean review.
battle_voice,4476,0x17,ダーナ,얼음의 칼날이 너를 꿰뚫는다!,4928,400,350,battle_actor_class_5,0,AUTO_TRANSLATED_REVIEW,Subtitle_Show(sample_id) lookup; requires TRANSLATED_APPROVED after audio and Korean review.
battle_voice,4478,0x18,ダーナ,"여러분, 너무 흥분하지 마세요.",4181,400,350,battle_actor_class_5,0,AUTO_TRANSLATED_REVIEW,Subtitle_Show(sample_id) lookup; requires TRANSLATED_APPROVED after audio and Korean review.
battle_voice,4480,0x19,ダーナ,오늘의 카드는 모든 것을 얼려버려요!,5525,400,350,battle_actor_class_5,0,AUTO_TRANSLATED_REVIEW,Subtitle_Show(sample_id) lookup; requires TRANSLATED_APPROVED after audio and Korean review.
battle_voice,4482,0x20,ダーナ,휘이!,2987,400,350,battle_actor_class_5,0,AUTO_TRANSLATED_REVIEW,Subtitle_Show(sample_id) lookup; requires TRANSLATED_APPROVED after audio and Korean review.
battle_voice,4484,0x21,ダーナ,휴 슬래시!,3883,400,350,battle_actor_class_5,0,AUTO_TRANSLATED_REVIEW,Subtitle_Show(sample_id) lookup; requires TRANSLATED_APPROVED after audio and Korean review.
battle_voice,4486,0x23,ダーナ,라이가!,3733,400,350,battle_actor_class_5,0,AUTO_TRANSLATED_REVIEW,Subtitle_Show(sample_id) lookup; requires TRANSLATED_APPROVED after audio and Korean review.
battle_voice,4488,0x22,ダーナ,"마라시의 카드, 춤춰라! 휴넬!",5376,400,350,battle_actor_class_5,0,AUTO_TRANSLATED_REVIEW,Subtitle_Show(sample_id) lookup; requires TRANSLATED_APPROVED after audio and Korean review.
battle_voice,4490,0x24,ダーナ,번개의 심판을 받아라!,5525,400,350,battle_actor_class_5,0,AUTO_TRANSLATED_REVIEW,Subtitle_Show(sample_id) lookup; requires TRANSLATED_APPROVED after audio and Korean review.
battle_voice,4492,0x25,ダーナ,"천공이여, 나의 검이 되어라!",4629,400,350,battle_actor_class_5,0,AUTO_TRANSLATED_REVIEW,Subtitle_Show(sample_id) lookup; requires TRANSLATED_APPROVED after audio and Korean review.
battle_voice,4494,0x26,ダーナ,"심판의 카드여, 네 운명을 삼켜라!",6571,400,350,battle_actor_class_5,0,AUTO_TRANSLATED_REVIEW,Subtitle_Show(sample_id) lookup; requires TRANSLATED_APPROVED after audio and Korean review.
battle_voice,4496,0x1A;0x1B;0x1C,ダーナ,"별이여, 생명의 물을 가져다줘!",5227,400,350,battle_actor_class_5,0,AUTO_TRANSLATED_REVIEW,Subtitle_Show(sample_id) lookup; requires TRANSLATED_APPROVED after audio and Korean review.
battle_voice,4498,0xD3;0xD4;0xD5,ダーナ,"키즈워, 힘을!",3435,400,350,battle_actor_class_5,0,AUTO_TRANSLATED_REVIEW,Subtitle_Show(sample_id) lookup; requires TRANSLATED_APPROVED after audio and Korean review.
battle_voice,4500,0x10;0x11,ダーナ,이런 건 아무것도 아니에요.,4331,400,350,battle_actor_class_5,0,AUTO_TRANSLATED_REVIEW,Subtitle_Show(sample_id) lookup; requires TRANSLATED_APPROVED after audio and Korean review.
battle_voice,4502,0xD1;0xD2,ダーナ,방심하면 안 돼요.,3435,400,350,battle_actor_class_5,0,AUTO_TRANSLATED_REVIEW,Subtitle_Show(sample_id) lookup; requires TRANSLATED_APPROVED after audio and Korean review.
battle_voice,4504,0x1D;0x1E;0xA1,ダーナ,상처 입은 이들에게 힘을!,4032,400,350,battle_actor_class_5,0,AUTO_TRANSLATED_REVIEW,Subtitle_Show(sample_id) lookup; requires TRANSLATED_APPROVED after audio and Korean review.
battle_voice,4506,0x29,ダーナ,"마음의 카드여, 그 입을 다무세요!",5525,400,350,battle_actor_class_5,0,AUTO_TRANSLATED_REVIEW,Subtitle_Show(sample_id) lookup; requires TRANSLATED_APPROVED after audio and Korean review.
battle_voice,4508,0x28,ダーナ,당신의 마음은 흔들리고 있어요. 이 파도처럼.,4779,400,350,battle_actor_class_5,0,AUTO_TRANSLATED_REVIEW,Subtitle_Show(sample_id) lookup; requires TRANSLATED_APPROVED after audio and Korean review.
battle_voice,4510,0x1F,ダーナ,"별의 마크여, 힘을 내려주세요.",5824,400,350,battle_actor_class_5,0,AUTO_TRANSLATED_REVIEW,Subtitle_Show(sample_id) lookup; requires TRANSLATED_APPROVED after audio and Korean review.
battle_voice,4512,0x0E,ダーナ,"산의 카드, 힘을!",4181,400,350,battle_actor_class_5,0,AUTO_TRANSLATED_REVIEW,Subtitle_Show(sample_id) lookup; requires TRANSLATED_APPROVED after audio and Korean review.
battle_voice,4514,0x15,ダーナ,"후, 참으로 불쾌한 일이군요.",4480,400,350,battle_actor_class_5,0,AUTO_TRANSLATED_REVIEW,Subtitle_Show(sample_id) lookup; requires TRANSLATED_APPROVED after audio and Korean review.
battle_voice,4516,0x2A,ダーナ,"어머, 사신의 카드네.",4629,400,350,battle_actor_class_5,0,AUTO_TRANSLATED_REVIEW,Subtitle_Show(sample_id) lookup; requires TRANSLATED_APPROVED after audio and Korean review.
battle_voice,4518,0x14,ダーナ,"상하의 카드여, 나의 검이 되어라!",5227,400,350,battle_actor_class_5,0,AUTO_TRANSLATED_REVIEW,Subtitle_Show(sample_id) lookup; requires TRANSLATED_APPROVED after audio and Korean review.
battle_voice,4520,0x0A,ダーナ,"선택의 카드여, 힘이 되어라!",4779,400,350,battle_actor_class_5,0,AUTO_TRANSLATED_REVIEW,Subtitle_Show(sample_id) lookup; requires TRANSLATED_APPROVED after audio and Korean review.
battle_voice,4522,0x27,ダーナ,질풍의 속도!,3733,400,350,battle_actor_class_5,0,AUTO_TRANSLATED_REVIEW,Subtitle_Show(sample_id) lookup; requires TRANSLATED_APPROVED after audio and Korean review.
battle_voice,4524,0x13,ダーナ,대지의 수호!,3285,400,350,battle_actor_class_5,0,AUTO_TRANSLATED_REVIEW,Subtitle_Show(sample_id) lookup; requires TRANSLATED_APPROVED after audio and Korean review.
battle_voice,4526,0x12,ダーナ,"생명의 천사여, 이 자에게 힘을!",5077,400,350,battle_actor_class_5,0,AUTO_TRANSLATED_REVIEW,Subtitle_Show(sample_id) lookup; requires TRANSLATED_APPROVED after audio and Korean review.
battle_voice,4528,0xC9,ダーナ,"운명의 기쁨이라니, 이런 일도 있나 보네.",3285,400,350,battle_actor_class_5,0,AUTO_TRANSLATED_REVIEW,Subtitle_Show(sample_id) lookup; requires TRANSLATED_APPROVED after audio and Korean review.
battle_voice,4530,0xCA,ダーナ,당연한 결과네요.,2837,400,350,battle_actor_class_5,0,AUTO_TRANSLATED_REVIEW,Subtitle_Show(sample_id) lookup; requires TRANSLATED_APPROVED after audio and Korean review.
battle_voice,4532,0xCB,ダーナ,알고 있었어요. 안 될 때는 안 되는 법이죠.,3733,400,350,battle_actor_class_5,0,AUTO_TRANSLATED_REVIEW,Subtitle_Show(sample_id) lookup; requires TRANSLATED_APPROVED after audio and Korean review.
battle_voice,4534,0xCC,ダーナ,이런 승리도 있다는 거야.,2837,400,350,battle_actor_class_5,0,AUTO_TRANSLATED_REVIEW,Subtitle_Show(sample_id) lookup; requires TRANSLATED_APPROVED after audio and Korean review.
battle_voice,4536,0xCD,ダーナ,운이 없었어.,2837,400,350,battle_actor_class_5,0,AUTO_TRANSLATED_REVIEW,Subtitle_Show(sample_id) lookup; requires TRANSLATED_APPROVED after audio and Korean review.
battle_voice,4538,0xCF,ダーナ,아직 할 수 있어.,2837,400,350,battle_actor_class_5,0,AUTO_TRANSLATED_REVIEW,Subtitle_Show(sample_id) lookup; requires TRANSLATED_APPROVED after audio and Korean review.
battle_voice,4540,0xD0,ダーナ,"이것도 운명이라는 건가? 아니, 아직 끝낼 수 없어!",7467,400,350,battle_actor_class_5,0,AUTO_TRANSLATED_REVIEW,Subtitle_Show(sample_id) lookup; requires TRANSLATED_APPROVED after audio and Korean review.
battle_voice,4542,0x03;0x06;0x0C;0x17;0x22;0x24;0x94;0x95;0x96;0x98;0x99;0x9F,ヘクト,"창의 힘이여, 해방되어라!",2837,400,350,battle_actor_class_6;battle_special_skill:<CAF0>い衝撃;battle_special_skill:結界,0,AUTO_TRANSLATED_REVIEW,Subtitle_Show(sample_id) lookup; requires TRANSLATED_APPROVED after audio and Korean review.
battle_voice,4544,0x82;0x83;0x84;0x85;0x86;0x87;0x88;0x89;0x8A;0x8B;0x8C;0x8D;0x8E;0x8F;0x90;0x91;0x92;0x93;0x9E;0xA2;0xA3,ヘクト,이건 그냥 던지기만 하면 돼.,2837,400,350,battle_actor_class_6,0,AUTO_TRANSLATED_REVIEW,Subtitle_Show(sample_id) lookup; requires TRANSLATED_APPROVED after audio and Korean review.
battle_voice,4546,0xC8,ヘクト,"깊이 잠든 힘이여, 모습을 드러내라!",3285,400,350,battle_actor_class_6,0,AUTO_TRANSLATED_REVIEW,Subtitle_Show(sample_id) lookup; requires TRANSLATED_APPROVED after audio and Korean review.
battle_voice,4548,0x1A;0x1B;0x1C;0x65;0x66;0x67;0x68;0x69;0x6A;0x6B;0x6C;0x6D;0x6E;0x6F;0x70;0x71;0x72;0x73;0x74;0x75;0x76;0x77;0x7C;0x7D;0x7E;0x7F;0x80;0x81;0xA0;0xA1,ヘクト,아직 이게 남아 있으니까.,2837,400,350,battle_actor_class_6,0,AUTO_TRANSLATED_REVIEW,Subtitle_Show(sample_id) lookup; requires TRANSLATED_APPROVED after audio and Korean review.
battle_voice,4550,0x71;0x72;0x73;0x74;0x75;0x76;0x77;0x7C;0x7D;0x7E;0x7F;0x80;0x81;0x82;0x83;0x84;0x85;0x86;0x87;0x88;0x9A;0x9B;0x9C;0x9D,ヘクト,이런 건 편리하네.,2837,400,350,battle_actor_class_6,0,AUTO_TRANSLATED_REVIEW,Subtitle_Show(sample_id) lookup; requires TRANSLATED_APPROVED after audio and Korean review.
battle_voice,4552,0x78;0x79;0x7A;0x7B,ヘクト,아직 늦지 않았어. 지금 구해줄게!,2837,400,350,battle_actor_class_6,0,AUTO_TRANSLATED_REVIEW,Subtitle_Show(sample_id) lookup; requires TRANSLATED_APPROVED after audio and Korean review.
battle_voice,4554,0x01,ヘクト,뱅! 불꽃의 힘!,4629,400,350,battle_actor_class_6,0,AUTO_TRANSLATED_REVIEW,Subtitle_Show(sample_id) lookup; requires TRANSLATED_APPROVED after audio and Korean review.
battle_voice,4556,0x02,ヘクト,"불꽃이여, 휘몰아쳐라!",4480,400,350,battle_actor_class_6,0,AUTO_TRANSLATED_REVIEW,Subtitle_Show(sample_id) lookup; requires TRANSLATED_APPROVED after audio and Korean review.
battle_voice,4558,0x05,ヘクト,"이 세상이여, 빛이 되어라!",4779,400,350,battle_actor_class_6,0,AUTO_TRANSLATED_REVIEW,Subtitle_Show(sample_id) lookup; requires TRANSLATED_APPROVED after audio and Korean review.
battle_voice,4560,0x03,ヘクト,"숙명의 꽃이여, 이곳에 모여라!",6123,400,350,battle_actor_class_6,0,AUTO_TRANSLATED_REVIEW,Subtitle_Show(sample_id) lookup; requires TRANSLATED_APPROVED after audio and Korean review.
battle_voice,4562,0x06,ヘクト,"빛을 더욱 강하게, 더욱 격렬하게!",6272,400,350,battle_actor_class_6,0,AUTO_TRANSLATED_REVIEW,Subtitle_Show(sample_id) lookup; requires TRANSLATED_APPROVED after audio and Korean review.
battle_voice,4564,0x07,ヘクト,"빛이여 모여라, 모두 날려버려라!",6272,400,350,battle_actor_class_6,0,AUTO_TRANSLATED_REVIEW,Subtitle_Show(sample_id) lookup; requires TRANSLATED_APPROVED after audio and Korean review.
battle_voice,4566,0x04,ヘクト,"불꽃이여, 이 손에서 춤춰라!",6421,400,350,battle_actor_class_6,0,AUTO_TRANSLATED_REVIEW,Subtitle_Show(sample_id) lookup; requires TRANSLATED_APPROVED after audio and Korean review.
battle_voice,4568,0x09,ヘクト,"보아라, 별의 생명과 영혼의 고동을!",6720,400,350,battle_actor_class_6,0,AUTO_TRANSLATED_REVIEW,Subtitle_Show(sample_id) lookup; requires TRANSLATED_APPROVED after audio and Korean review.
battle_voice,4570,0x08,ヘクト,"돌아가라, 네가 태어난 어둠 속으로!",5227,400,350,battle_actor_class_6,0,AUTO_TRANSLATED_REVIEW,Subtitle_Show(sample_id) lookup; requires TRANSLATED_APPROVED after audio and Korean review.
battle_voice,4572,0x0B,ヘクト,"대지의 힘, 그라긴!",4779,400,350,battle_actor_class_6,0,AUTO_TRANSLATED_REVIEW,Subtitle_Show(sample_id) lookup; requires TRANSLATED_APPROVED after audio and Korean review.
battle_voice,4574,0x0C,ヘクト,"첫 번째 아이여, 귀 기울여라!",5376,400,350,battle_actor_class_6,0,AUTO_TRANSLATED_REVIEW,Subtitle_Show(sample_id) lookup; requires TRANSLATED_APPROVED after audio and Korean review.
battle_voice,4576,0x0D,ヘクト,"하늘을 보아라. 그래, 너의 별을!",6571,400,350,battle_actor_class_6,0,AUTO_TRANSLATED_REVIEW,Subtitle_Show(sample_id) lookup; requires TRANSLATED_APPROVED after audio and Korean review.
battle_voice,4578,0x0F,ヘクト,고마워. 소중히 간직할게.,5077,400,350,battle_actor_class_6,0,AUTO_TRANSLATED_REVIEW,Subtitle_Show(sample_id) lookup; requires TRANSLATED_APPROVED after audio and Korean review.
battle_voice,4580,0x16,ヘクト,"얼음의 창이여, 꿰뚫어라!",4480,400,350,battle_actor_class_6,0,AUTO_TRANSLATED_REVIEW,Subtitle_Show(sample_id) lookup; requires TRANSLATED_APPROVED after audio and Korean review.
battle_voice,4582,0x17,ヘクト,당신의 분노를 식혀드리죠.,5675,400,350,battle_actor_class_6,0,AUTO_TRANSLATED_REVIEW,Subtitle_Show(sample_id) lookup; requires TRANSLATED_APPROVED after audio and Korean review.
battle_voice,4584,0x18,ヘクト,무기를 만들어… 영원히 잠들어라!,5675,400,350,battle_actor_class_6,0,AUTO_TRANSLATED_REVIEW,Subtitle_Show(sample_id) lookup; requires TRANSLATED_APPROVED after audio and Korean review.
battle_voice,4586,0x19,ヘクト,모든 것을 하얗게 물들이고 달려라!,4331,400,350,battle_actor_class_6,0,AUTO_TRANSLATED_REVIEW,Subtitle_Show(sample_id) lookup; requires TRANSLATED_APPROVED after audio and Korean review.
battle_voice,4588,0x20,ヘクト,"카마이타치여, 가라!",4629,400,350,battle_actor_class_6,0,AUTO_TRANSLATED_REVIEW,Subtitle_Show(sample_id) lookup; requires TRANSLATED_APPROVED after audio and Korean review.
battle_voice,4590,0x21,ヘクト,바람의 리듬… 조금 느껴졌을지도 모르겠네.,5824,400,350,battle_actor_class_6,0,AUTO_TRANSLATED_REVIEW,Subtitle_Show(sample_id) lookup; requires TRANSLATED_APPROVED after audio and Korean review.
battle_voice,4592,0x23,ヘクト,"라이가, 힘을 빌려줘!",5227,400,350,battle_actor_class_6,0,AUTO_TRANSLATED_REVIEW,Subtitle_Show(sample_id) lookup; requires TRANSLATED_APPROVED after audio and Korean review.
battle_voice,4594,0x22,ヘクト,하늘을 날아 바람과 함께 춤춰라!,6123,400,350,battle_actor_class_6,0,AUTO_TRANSLATED_REVIEW,Subtitle_Show(sample_id) lookup; requires TRANSLATED_APPROVED after audio and Korean review.
battle_voice,4596,0x24,ヘクト,번개의 선율을 들려드릴게요.,6123,400,350,battle_actor_class_6,0,AUTO_TRANSLATED_REVIEW,Subtitle_Show(sample_id) lookup; requires TRANSLATED_APPROVED after audio and Korean review.
battle_voice,4598,0x25,ヘクト,"하늘의 빛이여, 대지를 달려라!",6272,400,350,battle_actor_class_6,0,AUTO_TRANSLATED_REVIEW,Subtitle_Show(sample_id) lookup; requires TRANSLATED_APPROVED after audio and Korean review.
battle_voice,4600,0x26,ヘクト,"악한 자들이여, 선행과 함께 사라져라!",6869,400,350,battle_actor_class_6,0,AUTO_TRANSLATED_REVIEW,Subtitle_Show(sample_id) lookup; requires TRANSLATED_APPROVED after audio and Korean review.
battle_voice,4602,0x01;0x02;0x05;0x0B;0x16;0x20;0x21;0x23,ヘクト,그렇게 하게 두진 않겠어요!,2837,400,350,battle_actor_class_6,0,AUTO_TRANSLATED_REVIEW,Subtitle_Show(sample_id) lookup; requires TRANSLATED_APPROVED after audio and Korean review.
battle_voice,4604,0x1A;0x1B;0x1C,ヘクト,하아…,2837,400,350,battle_actor_class_6,0,AUTO_TRANSLATED_REVIEW,Subtitle_Show(sample_id) lookup; requires TRANSLATED_APPROVED after audio and Korean review.
battle_voice,4606,0xD3;0xD4;0xD5,ヘクト,사실 알고 있었어요.,2837,400,350,battle_actor_class_6,0,AUTO_TRANSLATED_REVIEW,Subtitle_Show(sample_id) lookup; requires TRANSLATED_APPROVED after audio and Korean review.
battle_voice,4608,0x10;0x11,ヘクト,"생명의 물이여, 정화의 힘을!",4331,400,350,battle_actor_class_6,0,AUTO_TRANSLATED_REVIEW,Subtitle_Show(sample_id) lookup; requires TRANSLATED_APPROVED after audio and Korean review.
battle_voice,4610,0xD1;0xD2,ヘクト,곧 고쳐줄게요. 맡겨주세요.,4629,400,350,battle_actor_class_6,0,AUTO_TRANSLATED_REVIEW,Subtitle_Show(sample_id) lookup; requires TRANSLATED_APPROVED after audio and Korean review.
battle_voice,4612,0x1D;0x1E;0xA1,ヘクト,희망의 날은 사라지게 두지 않겠어요!,3733,400,350,battle_actor_class_6,0,AUTO_TRANSLATED_REVIEW,Subtitle_Show(sample_id) lookup; requires TRANSLATED_APPROVED after audio and Korean review.
battle_voice,4614,0x29,ヘクト,멈춰 있어!,2837,400,350,battle_actor_class_6,0,AUTO_TRANSLATED_REVIEW,Subtitle_Show(sample_id) lookup; requires TRANSLATED_APPROVED after audio and Korean review.
battle_voice,4616,0x28,ヘクト,"춤춰라, 가볍게!",4032,400,350,battle_actor_class_6,0,AUTO_TRANSLATED_REVIEW,Subtitle_Show(sample_id) lookup; requires TRANSLATED_APPROVED after audio and Korean review.
battle_voice,4618,0x1F,ヘクト,꿈속으로 가세요.,4480,400,350,battle_actor_class_6,0,AUTO_TRANSLATED_REVIEW,Subtitle_Show(sample_id) lookup; requires TRANSLATED_APPROVED after audio and Korean review.
battle_voice,4620,0x0E,ヘクト,고통은 살아 있다는 증거예요.,3883,400,350,battle_actor_class_6,0,AUTO_TRANSLATED_REVIEW,Subtitle_Show(sample_id) lookup; requires TRANSLATED_APPROVED after audio and Korean review.
battle_voice,4622,0x15,ヘクト,거기서 꼼짝 말고 있어!,2837,400,350,battle_actor_class_6,0,AUTO_TRANSLATED_REVIEW,Subtitle_Show(sample_id) lookup; requires TRANSLATED_APPROVED after audio and Korean review.
battle_voice,4624,0x2A,ヘクト,목숨은 누구도 멈출 수 없어!,4032,400,350,battle_actor_class_6,0,AUTO_TRANSLATED_REVIEW,Subtitle_Show(sample_id) lookup; requires TRANSLATED_APPROVED after audio and Korean review.
battle_voice,4626,0x14,ヘクト,손가락 하나도 건드리게 두지 않겠어!,3733,400,350,battle_actor_class_6,0,AUTO_TRANSLATED_REVIEW,Subtitle_Show(sample_id) lookup; requires TRANSLATED_APPROVED after audio and Korean review.
battle_voice,4628,0x0A,ヘクト,"힘이여, 영혼의 리듬이여!",4480,400,350,battle_actor_class_6,0,AUTO_TRANSLATED_REVIEW,Subtitle_Show(sample_id) lookup; requires TRANSLATED_APPROVED after audio and Korean review.
battle_voice,4630,0x27,ヘクト,"속도여, 상쾌한 선율이여!",4480,400,350,battle_actor_class_6,0,AUTO_TRANSLATED_REVIEW,Subtitle_Show(sample_id) lookup; requires TRANSLATED_APPROVED after audio and Korean review.
battle_voice,4632,0x13,ヘクト,"대지여, 힘을 빌려줘!",4181,400,350,battle_actor_class_6,0,AUTO_TRANSLATED_REVIEW,Subtitle_Show(sample_id) lookup; requires TRANSLATED_APPROVED after audio and Korean review.
battle_voice,4634,0x12,ヘクト,죽게 두지 않겠어. 당신을 죽게 두지 않아!,5525,400,350,battle_actor_class_6,0,AUTO_TRANSLATED_REVIEW,Subtitle_Show(sample_id) lookup; requires TRANSLATED_APPROVED after audio and Korean review.
battle_voice,4636,0xC9,ヘクト,후후후… 잘됐네요.,2987,400,350,battle_actor_class_6,0,AUTO_TRANSLATED_REVIEW,Subtitle_Show(sample_id) lookup; requires TRANSLATED_APPROVED after audio and Korean review.
battle_voice,4638,0xCA,ヘクト,"자, 서두르죠.",2837,400,350,battle_actor_class_6,0,AUTO_TRANSLATED_REVIEW,Subtitle_Show(sample_id) lookup; requires TRANSLATED_APPROVED after audio and Korean review.
battle_voice,4640,0xCB,ヘクト,음… 조금 방심했던 것 같아.,3584,400,350,battle_actor_class_6,0,AUTO_TRANSLATED_REVIEW,Subtitle_Show(sample_id) lookup; requires TRANSLATED_APPROVED after audio and Korean review.
battle_voice,4642,0xCC,ヘクト,싸움은 슬픈 일이에요.,2837,400,350,battle_actor_class_6,0,AUTO_TRANSLATED_REVIEW,Subtitle_Show(sample_id) lookup; requires TRANSLATED_APPROVED after audio and Korean review.
battle_voice,4644,0xCD,ヘクト,왜 길을 막는 거죠?,2837,400,350,battle_actor_class_6,0,AUTO_TRANSLATED_REVIEW,Subtitle_Show(sample_id) lookup; requires TRANSLATED_APPROVED after audio and Korean review.
battle_voice,4646,0xCF,ヘクト,고마워.,2837,400,350,battle_actor_class_6,0,AUTO_TRANSLATED_REVIEW,Subtitle_Show(sample_id) lookup; requires TRANSLATED_APPROVED after audio and Korean review.
battle_voice,4648,0xD0,ヘクト,아! 그럴 수가… 모두가 준 희망과 온기가… 사라져가…,12693,400,350,battle_actor_class_6,0,AUTO_TRANSLATED_REVIEW,Subtitle_Show(sample_id) lookup; requires TRANSLATED_APPROVED after audio and Korean review.
battle_voice,4800,0x3D,actor_class_7,"혼마루, 어서!",2837,400,350,battle_actor_class_7,0,AUTO_TRANSLATED_REVIEW,Subtitle_Show(sample_id) lookup; requires TRANSLATED_APPROVED after audio and Korean review.
battle_voice,4806,0x12,actor_class_7,부활! 호넬! 대폭발!,3584,400,350,battle_actor_class_7,0,AUTO_TRANSLATED_REVIEW,Subtitle_Show(sample_id) lookup; requires TRANSLATED_APPROVED after audio and Korean review.
battle_voice,4810,0x0B,actor_class_7,거대한 바람이여! 코넬 일랩션!,4480,400,350,battle_actor_class_7,0,AUTO_TRANSLATED_REVIEW,Subtitle_Show(sample_id) lookup; requires TRANSLATED_APPROVED after audio and Korean review.
battle_voice,4812,0x0A,actor_class_7,나는… 거짓말쟁이가 아니야! 그렇지?,3285,400,350,battle_actor_class_7,0,AUTO_TRANSLATED_REVIEW,Subtitle_Show(sample_id) lookup; requires TRANSLATED_APPROVED after audio and Korean review.
battle_voice,4816,0xCE,actor_class_7,으아아아아아아아아아아!,5525,400,350,battle_actor_class_7,0,AUTO_TRANSLATED_REVIEW,Subtitle_Show(sample_id) lookup; requires TRANSLATED_APPROVED after audio and Korean review.
battle_voice,4818,0xD0,actor_class_7,크하하하하하하하하하하하하하하하하하하하!,8811,400,350,battle_actor_class_7,0,AUTO_TRANSLATED_REVIEW,Subtitle_Show(sample_id) lookup; requires TRANSLATED_APPROVED after audio and Korean review.
battle_voice,4820,0x02;0x03;0x04,actor_class_8,헛수고를 하게 해주마!,2837,400,350,battle_actor_class_8,0,AUTO_TRANSLATED_REVIEW,Subtitle_Show(sample_id) lookup; requires TRANSLATED_APPROVED after audio and Korean review.
battle_voice,4822,0x21;0x22,actor_class_8,갈기갈기 찢어주마!,2837,400,350,battle_actor_class_8,0,AUTO_TRANSLATED_REVIEW,Subtitle_Show(sample_id) lookup; requires TRANSLATED_APPROVED after audio and Korean review.
battle_voice,4826,0x32,actor_class_8,그렇게 쉽게 이길 수는 없을걸!,2987,400,350,battle_actor_class_8,0,AUTO_TRANSLATED_REVIEW,Subtitle_Show(sample_id) lookup; requires TRANSLATED_APPROVED after audio and Korean review.
battle_voice,4832,0x27;0x3B,actor_class_8,이렇게 하면 기분 좋을지도!,2837,400,350,battle_actor_class_8,0,AUTO_TRANSLATED_REVIEW,Subtitle_Show(sample_id) lookup; requires TRANSLATED_APPROVED after audio and Korean review.
battle_voice,4834,0x2A,actor_class_8,내 테크닉으로 너를 녹초로 만들어주마!,2837,400,350,battle_actor_class_8,0,AUTO_TRANSLATED_REVIEW,Subtitle_Show(sample_id) lookup; requires TRANSLATED_APPROVED after audio and Korean review.
battle_voice,4836,0xCE,actor_class_8,"내가 바로 테크니션이지, 보이?",2987,400,350,battle_actor_class_8,0,AUTO_TRANSLATED_REVIEW,Subtitle_Show(sample_id) lookup; requires TRANSLATED_APPROVED after audio and Korean review.
battle_voice,4838,0xD0,actor_class_8,"뭐야, 벌써 갔어? 언제든 와. 또 상대해줄 테니까. 하아, 기분 좋았지? 아하하하!",18219,400,350,battle_actor_class_8,0,AUTO_TRANSLATED_REVIEW,Subtitle_Show(sample_id) lookup; requires TRANSLATED_APPROVED after audio and Korean review.
battle_voice,4840,0x0E;0x16;0x18,actor_class_9,으으으으으으으으으으으!,2837,400,350,battle_actor_class_9,0,AUTO_TRANSLATED_REVIEW,Subtitle_Show(sample_id) lookup; requires TRANSLATED_APPROVED after audio and Korean review.
battle_voice,4842,0x17;0x28;0x29,actor_class_9,비주얼러!,2837,400,350,battle_actor_class_9,0,AUTO_TRANSLATED_REVIEW,Subtitle_Show(sample_id) lookup; requires TRANSLATED_APPROVED after audio and Korean review.
battle_voice,4844,0x33,actor_class_9,거기 있어!,2837,400,350,battle_actor_class_9,0,AUTO_TRANSLATED_REVIEW,Subtitle_Show(sample_id) lookup; requires TRANSLATED_APPROVED after audio and Korean review.
battle_voice,4846,0x28;0x29,actor_class_9,나는…,4181,400,350,battle_actor_class_9,0,AUTO_TRANSLATED_REVIEW,Subtitle_Show(sample_id) lookup; requires TRANSLATED_APPROVED after audio and Korean review.
battle_voice,4848,0x16;0x17;0x18,actor_class_9,으음…,2837,400,350,battle_actor_class_9,0,AUTO_TRANSLATED_REVIEW,Subtitle_Show(sample_id) lookup; requires TRANSLATED_APPROVED after audio and Korean review.
battle_voice,4850,0x2B;0x2C,actor_class_9,으으으으으으으으으으으!,2837,400,350,battle_actor_class_9,0,AUTO_TRANSLATED_REVIEW,Subtitle_Show(sample_id) lookup; requires TRANSLATED_APPROVED after audio and Korean review.
battle_voice,4852,0x39,actor_class_9,우우우우우우우우우우우!,4629,400,350,battle_actor_class_9,0,AUTO_TRANSLATED_REVIEW,Subtitle_Show(sample_id) lookup; requires TRANSLATED_APPROVED after audio and Korean review.
battle_voice,4854,0x0E;0x34;0x35,actor_class_9,해치워! 좋아!,3733,400,350,battle_actor_class_9,0,AUTO_TRANSLATED_REVIEW,Subtitle_Show(sample_id) lookup; requires TRANSLATED_APPROVED after audio and Korean review.
battle_voice,4856,0xCE,actor_class_9,마즈오! 비켜! 어서 움직여!,7317,400,350,battle_actor_class_9,0,AUTO_TRANSLATED_REVIEW,Subtitle_Show(sample_id) lookup; requires TRANSLATED_APPROVED after audio and Korean review.
battle_voice,4858,0xD0,actor_class_9,너는… 죽어야 해!,11200,400,350,battle_actor_class_9,0,AUTO_TRANSLATED_REVIEW,Subtitle_Show(sample_id) lookup; requires TRANSLATED_APPROVED after audio and Korean review.
battle_voice,4862,0x2B;0x2D,actor_class_10,사라져라! 내 눈앞에서!,3584,400,350,battle_actor_class_10,0,AUTO_TRANSLATED_REVIEW,Subtitle_Show(sample_id) lookup; requires TRANSLATED_APPROVED after audio and Korean review.
battle_voice,4866,0x30;0x32,actor_class_10,"뭐, 제법 잘했군.",2837,400,350,battle_actor_class_10,0,AUTO_TRANSLATED_REVIEW,Subtitle_Show(sample_id) lookup; requires TRANSLATED_APPROVED after audio and Korean review.
battle_voice,4870,0x2B;0x2D,actor_class_10,"고통도 괴로움도, 이제 모두 끝이다!",4629,400,350,battle_actor_class_10,0,AUTO_TRANSLATED_REVIEW,Subtitle_Show(sample_id) lookup; requires TRANSLATED_APPROVED after audio and Korean review.
battle_voice,4872,0x0A;0x13;0x14;0x27,actor_class_10,나에게 더욱 큰 힘을!,2987,400,350,battle_actor_class_10,0,AUTO_TRANSLATED_REVIEW,Subtitle_Show(sample_id) lookup; requires TRANSLATED_APPROVED after audio and Korean review.
battle_voice,4876,0xCE,actor_class_10,"아니, 패배했다고? 나는… 나는… 고작 여기까지였단 말인가…",13739,400,350,battle_actor_class_10,0,AUTO_TRANSLATED_REVIEW,Subtitle_Show(sample_id) lookup; requires TRANSLATED_APPROVED after audio and Korean review.
battle_voice,4878,0xD0,actor_class_10,아하하하하하하하하하하하하하하하하하하하!,28224,400,350,battle_actor_class_10,0,AUTO_TRANSLATED_REVIEW,Subtitle_Show(sample_id) lookup; requires TRANSLATED_APPROVED after audio and Korean review.
battle_voice,4880,0x1C;0x33,actor_class_11,너희들의 사랑이 나를 계속 괴롭히는구나!,10304,400,350,battle_actor_class_11,0,AUTO_TRANSLATED_REVIEW,Subtitle_Show(sample_id) lookup; requires TRANSLATED_APPROVED after audio and Korean review.
battle_voice,4882,0x37,actor_class_11,어리석구나. 왜 살아가는가? 왜 괴로워하는가?,10890,400,350,battle_actor_class_11,0,AUTO_TRANSLATED_REVIEW,Subtitle_Show(sample_id) lookup; requires TRANSLATED_APPROVED after audio and Korean review.
battle_voice,4884,0x38,actor_class_11,"똑똑히 깨달아라, 너희의 어리석음을!",7765,400,350,battle_actor_class_11,0,AUTO_TRANSLATED_REVIEW,Subtitle_Show(sample_id) lookup; requires TRANSLATED_APPROVED after audio and Korean review.
battle_voice,4886,0x1C;0x33,actor_class_11,나의 힘은 무한하다!,5227,400,350,battle_actor_class_11,0,AUTO_TRANSLATED_REVIEW,Subtitle_Show(sample_id) lookup; requires TRANSLATED_APPROVED after audio and Korean review.
battle_voice,4888,0x37,actor_class_11,사랑이 세계를 무너뜨린다!,5227,400,350,battle_actor_class_11,0,AUTO_TRANSLATED_REVIEW,Subtitle_Show(sample_id) lookup; requires TRANSLATED_APPROVED after audio and Korean review.
battle_voice,4890,0x38,actor_class_11,온기 따위는 내 세계에 필요 없다!,7317,400,350,battle_actor_class_11,0,AUTO_TRANSLATED_REVIEW,Subtitle_Show(sample_id) lookup; requires TRANSLATED_APPROVED after audio and Korean review.
battle_voice,4892,0xCE,actor_class_11,"오, 오, 오, 오…",26880,400,350,battle_actor_class_11,0,AUTO_TRANSLATED_REVIEW,Subtitle_Show(sample_id) lookup; requires TRANSLATED_APPROVED after audio and Korean review.
battle_voice,4894,0xD0,actor_class_11,"어리석은 사랑이여… 싸우기에, 모든 생명은 사라져야 한다!",18367,400,350,battle_actor_class_11,0,AUTO_TRANSLATED_REVIEW,Subtitle_Show(sample_id) lookup; requires TRANSLATED_APPROVED after audio and Korean review.
battle_voice,4896,0xCF,actor_class_8,이제부터가 본게임이다!,2837,400,350,battle_actor_class_8,0,AUTO_TRANSLATED_REVIEW,Subtitle_Show(sample_id) lookup; requires TRANSLATED_APPROVED after audio and Korean review.
battle_voice,4986,0xCE,ユウキ,이런 곳에서!,3088,400,350,battle_actor_class_0,0,AUTO_TRANSLATED_REVIEW,Subtitle_Show(sample_id) lookup; requires TRANSLATED_APPROVED after audio and Korean review.
battle_voice,4988,0xCE,アルフィナ,니이 씨!,3088,400,350,battle_actor_class_1,0,AUTO_TRANSLATED_REVIEW,Subtitle_Show(sample_id) lookup; requires TRANSLATED_APPROVED after audio and Korean review.
battle_voice,4990,0xCE,ミランダ,쉿! 시끄럽네!,3088,400,350,battle_actor_class_2,0,AUTO_TRANSLATED_REVIEW,Subtitle_Show(sample_id) lookup; requires TRANSLATED_APPROVED after audio and Korean review.
battle_voice,4992,0xCE,アルオンソ,"손이다, 론?",3088,400,350,battle_actor_class_3,0,AUTO_TRANSLATED_REVIEW,Subtitle_Show(sample_id) lookup; requires TRANSLATED_APPROVED after audio and Korean review.
battle_voice,4994,0xCE,ウル,방심했군!,2837,400,350,battle_actor_class_4,0,AUTO_TRANSLATED_REVIEW,Subtitle_Show(sample_id) lookup; requires TRANSLATED_APPROVED after audio and Korean review.
battle_voice,4996,0xCE,ダーナ,어째서지?,2837,400,350,battle_actor_class_5,0,AUTO_TRANSLATED_REVIEW,Subtitle_Show(sample_id) lookup; requires TRANSLATED_APPROVED after audio and Korean review.
battle_voice,4998,0xCE,ヘクト,"아, 설마…",2837,400,350,battle_actor_class_6,0,AUTO_TRANSLATED_REVIEW,Subtitle_Show(sample_id) lookup; requires TRANSLATED_APPROVED after audio and Korean review.
