sample_id,cue_id,speaker,source_file,source_offset,size_bytes,duration_ms,sample_rate,channels,codec,category,japanese,korean,confidence,notes,wav_path
4000,0x8E;0x8F;0x90;0x91;0x92;0x93;0x94;0x95;0x96;0x98;0x99;0x9E;0x9F;0xA2;0xA3,ユウキ,MUSIC/GR3_STR.STZ,0x21F11000,40960,2837,24000,1,PSX/PS2 ADPCM,battle,,,PROVEN,GR3.IDX stream_key=0x123; GR3_STR.IDX entry=290; sector=0x43E22..0x43E36,audio/extracted/battle/sample_004000.wav
4002,0x01;0x02;0x03;0x05;0x06;0x07;0x0B;0x0C;0x16;0x17;0x20;0x21;0x22;0x23;0x24;0x89;0x8A;0x8B;0x8C;0x8D;0x8E;0x8F;0x90;0x91;0x92;0x93;0x94;0x9E;0x9F;0xA2;0xA3,ユウキ,MUSIC/GR3_STR.STZ,0x21F1B000,40960,2837,24000,1,PSX/PS2 ADPCM,battle,,,PROVEN,GR3.IDX stream_key=0x124; GR3_STR.IDX entry=291; sector=0x43E36..0x43E4A,audio/extracted/battle/sample_004002.wav
4004,0xC8,ユウキ,MUSIC/GR3_STR.STZ,0x21F25000,47104,3285,24000,1,PSX/PS2 ADPCM,battle,,,PROVEN,GR3.IDX stream_key=0x125; GR3_STR.IDX entry=292; sector=0x43E4A..0x43E61,audio/extracted/battle/sample_004004.wav
4006,0x65;0x66;0x67;0x68;0x69;0x6A;0x6B;0x6C;0x6D;0x6E;0x6F;0x70;0x71;0x72;0x73;0x74;0x75;0x76;0x77;0x7C;0x7D;0x7E;0x7F;0x80;0x81;0x82;0x83;0x84;0x85;0x86;0x87;0x88;0xA0;0xA1,ユウキ,MUSIC/GR3_STR.STZ,0x21F30800,40960,2837,24000,1,PSX/PS2 ADPCM,battle,,,PROVEN,GR3.IDX stream_key=0x126; GR3_STR.IDX entry=293; sector=0x43E61..0x43E75,audio/extracted/battle/sample_004006.wav
4008,0x71;0x72;0x73;0x74;0x75;0x76;0x77;0x7C;0x7D;0x7E;0x7F;0x80;0x81;0x82;0x83;0x84;0x85;0x86;0x87;0x88;0x9A;0x9B;0x9C;0x9D;0xA0,ユウキ,MUSIC/GR3_STR.STZ,0x21F3A800,40960,2837,24000,1,PSX/PS2 ADPCM,battle,,,PROVEN,GR3.IDX stream_key=0x127; GR3_STR.IDX entry=294; sector=0x43E75..0x43E89,audio/extracted/battle/sample_004008.wav
4010,0x78;0x79;0x7A;0x7B,ユウキ,MUSIC/GR3_STR.STZ,0x21F44800,51200,3584,24000,1,PSX/PS2 ADPCM,battle,,,PROVEN,GR3.IDX stream_key=0x128; GR3_STR.IDX entry=295; sector=0x43E89..0x43EA2,audio/extracted/battle/sample_004010.wav
4012,0x01,ユウキ,MUSIC/GR3_STR.STZ,0x21F51000,40960,2837,24000,1,PSX/PS2 ADPCM,battle,,,PROVEN,GR3.IDX stream_key=0x129; GR3_STR.IDX entry=296; sector=0x43EA2..0x43EB6,audio/extracted/battle/sample_004012.wav
4014,0x02,ユウキ,MUSIC/GR3_STR.STZ,0x21F5B000,40960,2837,24000,1,PSX/PS2 ADPCM,battle,,,PROVEN,GR3.IDX stream_key=0x12A; GR3_STR.IDX entry=297; sector=0x43EB6..0x43ECA,audio/extracted/battle/sample_004014.wav
4016,0x05,ユウキ,MUSIC/GR3_STR.STZ,0x21F65000,40960,2837,24000,1,PSX/PS2 ADPCM,battle,,,PROVEN,GR3.IDX stream_key=0x12B; GR3_STR.IDX entry=298; sector=0x43ECA..0x43EDE,audio/extracted/battle/sample_004016.wav
4018,0x03,ユウキ,MUSIC/GR3_STR.STZ,0x21F6F000,40960,2837,24000,1,PSX/PS2 ADPCM,battle,,,PROVEN,GR3.IDX stream_key=0x12C; GR3_STR.IDX entry=299; sector=0x43EDE..0x43EF2,audio/extracted/battle/sample_004018.wav
4020,0x06,ユウキ,MUSIC/GR3_STR.STZ,0x21F79000,40960,2837,24000,1,PSX/PS2 ADPCM,battle,,,PROVEN,GR3.IDX stream_key=0x12D; GR3_STR.IDX entry=300; sector=0x43EF2..0x43F06,audio/extracted/battle/sample_004020.wav
4022,0x07,ユウキ,MUSIC/GR3_STR.STZ,0x21F83000,40960,2837,24000,1,PSX/PS2 ADPCM,battle,,,PROVEN,GR3.IDX stream_key=0x12E; GR3_STR.IDX entry=301; sector=0x43F06..0x43F1A,audio/extracted/battle/sample_004022.wav
4024,0x04,ユウキ,MUSIC/GR3_STR.STZ,0x21F8D000,40960,2837,24000,1,PSX/PS2 ADPCM,battle,,,PROVEN,GR3.IDX stream_key=0x12F; GR3_STR.IDX entry=302; sector=0x43F1A..0x43F2E,audio/extracted/battle/sample_004024.wav
4026,0x09,ユウキ,MUSIC/GR3_STR.STZ,0x21F97000,40960,2837,24000,1,PSX/PS2 ADPCM,battle,,,PROVEN,GR3.IDX stream_key=0x130; GR3_STR.IDX entry=303; sector=0x43F2E..0x43F42,audio/extracted/battle/sample_004026.wav
4028,0x08,ユウキ,MUSIC/GR3_STR.STZ,0x21FA1000,49152,3435,24000,1,PSX/PS2 ADPCM,battle,,,PROVEN,GR3.IDX stream_key=0x131; GR3_STR.IDX entry=304; sector=0x43F42..0x43F5A,audio/extracted/battle/sample_004028.wav
4030,0x0B,ユウキ,MUSIC/GR3_STR.STZ,0x21FAD000,40960,2837,24000,1,PSX/PS2 ADPCM,battle,,,PROVEN,GR3.IDX stream_key=0x132; GR3_STR.IDX entry=305; sector=0x43F5A..0x43F6E,audio/extracted/battle/sample_004030.wav
4032,0x0C,ユウキ,MUSIC/GR3_STR.STZ,0x21FB7000,40960,2837,24000,1,PSX/PS2 ADPCM,battle,,,PROVEN,GR3.IDX stream_key=0x133; GR3_STR.IDX entry=306; sector=0x43F6E..0x43F82,audio/extracted/battle/sample_004032.wav
4034,0x0D,ユウキ,MUSIC/GR3_STR.STZ,0x21FC1000,61440,4331,24000,1,PSX/PS2 ADPCM,battle,,,PROVEN,GR3.IDX stream_key=0x134; GR3_STR.IDX entry=307; sector=0x43F82..0x43FA0,audio/extracted/battle/sample_004034.wav
4036,0x0F,ユウキ,MUSIC/GR3_STR.STZ,0x21FD0000,40960,2837,24000,1,PSX/PS2 ADPCM,battle,,,PROVEN,GR3.IDX stream_key=0x135; GR3_STR.IDX entry=308; sector=0x43FA0..0x43FB4,audio/extracted/battle/sample_004036.wav
4038,0x16,ユウキ,MUSIC/GR3_STR.STZ,0x21FDA000,40960,2837,24000,1,PSX/PS2 ADPCM,battle,,,PROVEN,GR3.IDX stream_key=0x136; GR3_STR.IDX entry=309; sector=0x43FB4..0x43FC8,audio/extracted/battle/sample_004038.wav
4040,0x17,ユウキ,MUSIC/GR3_STR.STZ,0x21FE4000,40960,2837,24000,1,PSX/PS2 ADPCM,battle,,,PROVEN,GR3.IDX stream_key=0x137; GR3_STR.IDX entry=310; sector=0x43FC8..0x43FDC,audio/extracted/battle/sample_004040.wav
4042,0x18,ユウキ,MUSIC/GR3_STR.STZ,0x21FEE000,40960,2837,24000,1,PSX/PS2 ADPCM,battle,,,PROVEN,GR3.IDX stream_key=0x138; GR3_STR.IDX entry=311; sector=0x43FDC..0x43FF0,audio/extracted/battle/sample_004042.wav
4044,0x19,ユウキ,MUSIC/GR3_STR.STZ,0x21FF8000,40960,2837,24000,1,PSX/PS2 ADPCM,battle,,,PROVEN,GR3.IDX stream_key=0x139; GR3_STR.IDX entry=312; sector=0x43FF0..0x44004,audio/extracted/battle/sample_004044.wav
4046,0x20,ユウキ,MUSIC/GR3_STR.STZ,0x22002000,40960,2837,24000,1,PSX/PS2 ADPCM,battle,,,PROVEN,GR3.IDX stream_key=0x13A; GR3_STR.IDX entry=313; sector=0x44004..0x44018,audio/extracted/battle/sample_004046.wav
4048,0x21,ユウキ,MUSIC/GR3_STR.STZ,0x2200C000,40960,2837,24000,1,PSX/PS2 ADPCM,battle,,,PROVEN,GR3.IDX stream_key=0x13B; GR3_STR.IDX entry=314; sector=0x44018..0x4402C,audio/extracted/battle/sample_004048.wav
4050,0x23,ユウキ,MUSIC/GR3_STR.STZ,0x22016000,40960,2837,24000,1,PSX/PS2 ADPCM,battle,,,PROVEN,GR3.IDX stream_key=0x13C; GR3_STR.IDX entry=315; sector=0x4402C..0x44040,audio/extracted/battle/sample_004050.wav
4052,0x22,ユウキ,MUSIC/GR3_STR.STZ,0x22020000,40960,2837,24000,1,PSX/PS2 ADPCM,battle,,,PROVEN,GR3.IDX stream_key=0x13D; GR3_STR.IDX entry=316; sector=0x44040..0x44054,audio/extracted/battle/sample_004052.wav
4054,0x24,ユウキ,MUSIC/GR3_STR.STZ,0x2202A000,40960,2837,24000,1,PSX/PS2 ADPCM,battle,,,PROVEN,GR3.IDX stream_key=0x13E; GR3_STR.IDX entry=317; sector=0x44054..0x44068,audio/extracted/battle/sample_004054.wav
4056,0x25,ユウキ,MUSIC/GR3_STR.STZ,0x22034000,69632,4928,24000,1,PSX/PS2 ADPCM,battle,,,PROVEN,GR3.IDX stream_key=0x13F; GR3_STR.IDX entry=318; sector=0x44068..0x4408A,audio/extracted/battle/sample_004056.wav
4058,0x26,ユウキ,MUSIC/GR3_STR.STZ,0x22045000,61440,4331,24000,1,PSX/PS2 ADPCM,battle,,,PROVEN,GR3.IDX stream_key=0x140; GR3_STR.IDX entry=319; sector=0x4408A..0x440A8,audio/extracted/battle/sample_004058.wav
4060,0x1A;0x1B;0x1C,ユウキ,MUSIC/GR3_STR.STZ,0x22054000,40960,2837,24000,1,PSX/PS2 ADPCM,battle,,,PROVEN,GR3.IDX stream_key=0x141; GR3_STR.IDX entry=320; sector=0x440A8..0x440BC,audio/extracted/battle/sample_004060.wav
4062,0xD3;0xD4;0xD5,ユウキ,MUSIC/GR3_STR.STZ,0x2205E000,40960,2837,24000,1,PSX/PS2 ADPCM,battle,,,PROVEN,GR3.IDX stream_key=0x142; GR3_STR.IDX entry=321; sector=0x440BC..0x440D0,audio/extracted/battle/sample_004062.wav
4064,0x10;0x11,ユウキ,MUSIC/GR3_STR.STZ,0x22068000,40960,2837,24000,1,PSX/PS2 ADPCM,battle,,,PROVEN,GR3.IDX stream_key=0x143; GR3_STR.IDX entry=322; sector=0x440D0..0x440E4,audio/extracted/battle/sample_004064.wav
4066,0xD1;0xD2,ユウキ,MUSIC/GR3_STR.STZ,0x22072000,40960,2837,24000,1,PSX/PS2 ADPCM,battle,,,PROVEN,GR3.IDX stream_key=0x144; GR3_STR.IDX entry=323; sector=0x440E4..0x440F8,audio/extracted/battle/sample_004066.wav
4068,0x1D;0x1E;0xA1,ユウキ,MUSIC/GR3_STR.STZ,0x2207C000,40960,2837,24000,1,PSX/PS2 ADPCM,battle,,,PROVEN,GR3.IDX stream_key=0x145; GR3_STR.IDX entry=324; sector=0x440F8..0x4410C,audio/extracted/battle/sample_004068.wav
4070,0x29,ユウキ,MUSIC/GR3_STR.STZ,0x22086000,40960,2837,24000,1,PSX/PS2 ADPCM,battle,,,PROVEN,GR3.IDX stream_key=0x146; GR3_STR.IDX entry=325; sector=0x4410C..0x44120,audio/extracted/battle/sample_004070.wav
4072,0x28,ユウキ,MUSIC/GR3_STR.STZ,0x22090000,43008,2987,24000,1,PSX/PS2 ADPCM,battle,,,PROVEN,GR3.IDX stream_key=0x147; GR3_STR.IDX entry=326; sector=0x44120..0x44135,audio/extracted/battle/sample_004072.wav
4074,0x1F,ユウキ,MUSIC/GR3_STR.STZ,0x2209A800,40960,2837,24000,1,PSX/PS2 ADPCM,battle,,,PROVEN,GR3.IDX stream_key=0x148; GR3_STR.IDX entry=327; sector=0x44135..0x44149,audio/extracted/battle/sample_004074.wav
4076,0x0E,ユウキ,MUSIC/GR3_STR.STZ,0x220A4800,40960,2837,24000,1,PSX/PS2 ADPCM,battle,,,PROVEN,GR3.IDX stream_key=0x149; GR3_STR.IDX entry=328; sector=0x44149..0x4415D,audio/extracted/battle/sample_004076.wav
4078,0x15,ユウキ,MUSIC/GR3_STR.STZ,0x220AE800,40960,2837,24000,1,PSX/PS2 ADPCM,battle,,,PROVEN,GR3.IDX stream_key=0x14A; GR3_STR.IDX entry=329; sector=0x4415D..0x44171,audio/extracted/battle/sample_004078.wav
4080,0x2A,ユウキ,MUSIC/GR3_STR.STZ,0x220B8800,40960,2837,24000,1,PSX/PS2 ADPCM,battle,,,PROVEN,GR3.IDX stream_key=0x14B; GR3_STR.IDX entry=330; sector=0x44171..0x44185,audio/extracted/battle/sample_004080.wav
4082,0x14,ユウキ,MUSIC/GR3_STR.STZ,0x220C2800,40960,2837,24000,1,PSX/PS2 ADPCM,battle,,,PROVEN,GR3.IDX stream_key=0x14C; GR3_STR.IDX entry=331; sector=0x44185..0x44199,audio/extracted/battle/sample_004082.wav
4084,0x0A,ユウキ,MUSIC/GR3_STR.STZ,0x220CC800,40960,2837,24000,1,PSX/PS2 ADPCM,battle,,,PROVEN,GR3.IDX stream_key=0x14D; GR3_STR.IDX entry=332; sector=0x44199..0x441AD,audio/extracted/battle/sample_004084.wav
4086,0x27,ユウキ,MUSIC/GR3_STR.STZ,0x220D6800,40960,2837,24000,1,PSX/PS2 ADPCM,battle,,,PROVEN,GR3.IDX stream_key=0x14E; GR3_STR.IDX entry=333; sector=0x441AD..0x441C1,audio/extracted/battle/sample_004086.wav
4088,0x13,ユウキ,MUSIC/GR3_STR.STZ,0x220E0800,40960,2837,24000,1,PSX/PS2 ADPCM,battle,,,PROVEN,GR3.IDX stream_key=0x14F; GR3_STR.IDX entry=334; sector=0x441C1..0x441D5,audio/extracted/battle/sample_004088.wav
4090,0x12,ユウキ,MUSIC/GR3_STR.STZ,0x220EA800,40960,2837,24000,1,PSX/PS2 ADPCM,battle,,,PROVEN,GR3.IDX stream_key=0x150; GR3_STR.IDX entry=335; sector=0x441D5..0x441E9,audio/extracted/battle/sample_004090.wav
4092,0xC9,ユウキ,MUSIC/GR3_STR.STZ,0x220F4800,45056,3136,24000,1,PSX/PS2 ADPCM,battle,,,PROVEN,GR3.IDX stream_key=0x151; GR3_STR.IDX entry=336; sector=0x441E9..0x441FF,audio/extracted/battle/sample_004092.wav
4094,0xCA,ユウキ,MUSIC/GR3_STR.STZ,0x220FF800,45056,3136,24000,1,PSX/PS2 ADPCM,battle,,,PROVEN,GR3.IDX stream_key=0x152; GR3_STR.IDX entry=337; sector=0x441FF..0x44215,audio/extracted/battle/sample_004094.wav
4096,0xCB,ユウキ,MUSIC/GR3_STR.STZ,0x2210A800,79872,5675,24000,1,PSX/PS2 ADPCM,battle,,,PROVEN,GR3.IDX stream_key=0x153; GR3_STR.IDX entry=338; sector=0x44215..0x4423C,audio/extracted/battle/sample_004096.wav
4098,0xCC,ユウキ,MUSIC/GR3_STR.STZ,0x2211E000,40960,2837,24000,1,PSX/PS2 ADPCM,battle,,,PROVEN,GR3.IDX stream_key=0x154; GR3_STR.IDX entry=339; sector=0x4423C..0x44250,audio/extracted/battle/sample_004098.wav
4100,0xCD,ユウキ,MUSIC/GR3_STR.STZ,0x22128000,40960,2837,24000,1,PSX/PS2 ADPCM,battle,,,PROVEN,GR3.IDX stream_key=0x155; GR3_STR.IDX entry=340; sector=0x44250..0x44264,audio/extracted/battle/sample_004100.wav
4102,0xCF,ユウキ,MUSIC/GR3_STR.STZ,0x22132000,40960,2837,24000,1,PSX/PS2 ADPCM,battle,,,PROVEN,GR3.IDX stream_key=0x156; GR3_STR.IDX entry=341; sector=0x44264..0x44278,audio/extracted/battle/sample_004102.wav
4104,0xD0,ユウキ,MUSIC/GR3_STR.STZ,0x2213C000,135168,9707,24000,1,PSX/PS2 ADPCM,battle,,,PROVEN,GR3.IDX stream_key=0x157; GR3_STR.IDX entry=342; sector=0x44278..0x442BA,audio/extracted/battle/sample_004104.wav
4106,0x94;0x95;0x96;0x98;0x99;0x9F,アルフィナ,MUSIC/GR3_STR.STZ,0x2215D000,40960,2837,24000,1,PSX/PS2 ADPCM,battle,,,PROVEN,GR3.IDX stream_key=0x158; GR3_STR.IDX entry=343; sector=0x442BA..0x442CE,audio/extracted/battle/sample_004106.wav
4108,0x94;0x95;0x96;0x98;0x99;0x9F,アルフィナ,MUSIC/GR3_STR.STZ,0x22167000,40960,2837,24000,1,PSX/PS2 ADPCM,battle,,,PROVEN,GR3.IDX stream_key=0x159; GR3_STR.IDX entry=344; sector=0x442CE..0x442E2,audio/extracted/battle/sample_004108.wav
4110,0x89;0x8A;0x8B;0x8C;0x8D;0x8E;0x8F;0x90;0x91;0x92;0x93;0x9E;0xA2;0xA3,アルフィナ,MUSIC/GR3_STR.STZ,0x22171000,40960,2837,24000,1,PSX/PS2 ADPCM,battle,,,PROVEN,GR3.IDX stream_key=0x15A; GR3_STR.IDX entry=345; sector=0x442E2..0x442F6,audio/extracted/battle/sample_004110.wav
4112,0x89;0x8A;0x8B;0x8C;0x8D;0x8E;0x8F;0x90;0x91;0x92;0x93;0x9E;0xA2;0xA3,アルフィナ,MUSIC/GR3_STR.STZ,0x2217B000,40960,2837,24000,1,PSX/PS2 ADPCM,battle,,,PROVEN,GR3.IDX stream_key=0x15B; GR3_STR.IDX entry=346; sector=0x442F6..0x4430A,audio/extracted/battle/sample_004112.wav
4114,0xC8,アルフィナ,MUSIC/GR3_STR.STZ,0x22185000,45056,3136,24000,1,PSX/PS2 ADPCM,battle,,,PROVEN,GR3.IDX stream_key=0x15C; GR3_STR.IDX entry=347; sector=0x4430A..0x44320,audio/extracted/battle/sample_004114.wav
4116,0x65;0x66;0x67;0x68;0x69;0x6A;0x6B;0x6C;0x6D;0x6E;0x6F;0x70;0x71;0x72;0x73;0x74;0x75;0x76;0x77;0x7C;0x7D;0x7E;0x7F;0x80;0x81;0x82;0x83;0x84;0x85;0x86;0x87;0x88;0xA0;0xA1,アルフィナ,MUSIC/GR3_STR.STZ,0x22190000,40960,2837,24000,1,PSX/PS2 ADPCM,battle,,,PROVEN,GR3.IDX stream_key=0x15D; GR3_STR.IDX entry=348; sector=0x44320..0x44334,audio/extracted/battle/sample_004116.wav
4118,0x71;0x72;0x73;0x74;0x75;0x76;0x77;0x7C;0x7D;0x7E;0x7F;0x80;0x81;0x82;0x83;0x84;0x85;0x86;0x87;0x88;0x9A;0x9B;0x9C;0x9D;0xA0,アルフィナ,MUSIC/GR3_STR.STZ,0x2219A000,40960,2837,24000,1,PSX/PS2 ADPCM,battle,,,PROVEN,GR3.IDX stream_key=0x15E; GR3_STR.IDX entry=349; sector=0x44334..0x44348,audio/extracted/battle/sample_004118.wav
4120,0x78;0x79;0x7A;0x7B,アルフィナ,MUSIC/GR3_STR.STZ,0x221A4000,40960,2837,24000,1,PSX/PS2 ADPCM,battle,,,PROVEN,GR3.IDX stream_key=0x15F; GR3_STR.IDX entry=350; sector=0x44348..0x4435C,audio/extracted/battle/sample_004120.wav
4122,0x01,アルフィナ,MUSIC/GR3_STR.STZ,0x221AE000,40960,2837,24000,1,PSX/PS2 ADPCM,battle,,,PROVEN,GR3.IDX stream_key=0x160; GR3_STR.IDX entry=351; sector=0x4435C..0x44370,audio/extracted/battle/sample_004122.wav
4124,0x02,アルフィナ,MUSIC/GR3_STR.STZ,0x221B8000,40960,2837,24000,1,PSX/PS2 ADPCM,battle,,,PROVEN,GR3.IDX stream_key=0x161; GR3_STR.IDX entry=352; sector=0x44370..0x44384,audio/extracted/battle/sample_004124.wav
4126,0x05,アルフィナ,MUSIC/GR3_STR.STZ,0x221C2000,40960,2837,24000,1,PSX/PS2 ADPCM,battle,,,PROVEN,GR3.IDX stream_key=0x162; GR3_STR.IDX entry=353; sector=0x44384..0x44398,audio/extracted/battle/sample_004126.wav
4128,0x03,アルフィナ,MUSIC/GR3_STR.STZ,0x221CC000,40960,2837,24000,1,PSX/PS2 ADPCM,battle,,,PROVEN,GR3.IDX stream_key=0x163; GR3_STR.IDX entry=354; sector=0x44398..0x443AC,audio/extracted/battle/sample_004128.wav
4130,0x04;0x05;0x06,アルフィナ,MUSIC/GR3_STR.STZ,0x221D6000,40960,2837,24000,1,PSX/PS2 ADPCM,battle,,,PROVEN,GR3.IDX stream_key=0x164; GR3_STR.IDX entry=355; sector=0x443AC..0x443C0,audio/extracted/battle/sample_004130.wav
4132,0x07,アルフィナ,MUSIC/GR3_STR.STZ,0x221E0000,40960,2837,24000,1,PSX/PS2 ADPCM,battle,,,PROVEN,GR3.IDX stream_key=0x165; GR3_STR.IDX entry=356; sector=0x443C0..0x443D4,audio/extracted/battle/sample_004132.wav
4136,0x09,アルフィナ,MUSIC/GR3_STR.STZ,0x221F5000,53248,3733,24000,1,PSX/PS2 ADPCM,battle,,,PROVEN,GR3.IDX stream_key=0x167; GR3_STR.IDX entry=358; sector=0x443EA..0x44404,audio/extracted/battle/sample_004136.wav
4138,0x08,アルフィナ,MUSIC/GR3_STR.STZ,0x22202000,63488,4480,24000,1,PSX/PS2 ADPCM,battle,,,PROVEN,GR3.IDX stream_key=0x168; GR3_STR.IDX entry=359; sector=0x44404..0x44423,audio/extracted/battle/sample_004138.wav
4140,0x0B,アルフィナ,MUSIC/GR3_STR.STZ,0x22211800,40960,2837,24000,1,PSX/PS2 ADPCM,battle,,,PROVEN,GR3.IDX stream_key=0x169; GR3_STR.IDX entry=360; sector=0x44423..0x44437,audio/extracted/battle/sample_004140.wav
4142,0x0B;0x0C,アルフィナ,MUSIC/GR3_STR.STZ,0x2221B800,43008,2987,24000,1,PSX/PS2 ADPCM,battle,,,PROVEN,GR3.IDX stream_key=0x16A; GR3_STR.IDX entry=361; sector=0x44437..0x4444C,audio/extracted/battle/sample_004142.wav
4144,0x0D,アルフィナ,MUSIC/GR3_STR.STZ,0x22226000,59392,4181,24000,1,PSX/PS2 ADPCM,battle,,,PROVEN,GR3.IDX stream_key=0x16B; GR3_STR.IDX entry=362; sector=0x4444C..0x44469,audio/extracted/battle/sample_004144.wav
4146,0x0F,アルフィナ,MUSIC/GR3_STR.STZ,0x22234800,40960,2837,24000,1,PSX/PS2 ADPCM,battle,,,PROVEN,GR3.IDX stream_key=0x16C; GR3_STR.IDX entry=363; sector=0x44469..0x4447D,audio/extracted/battle/sample_004146.wav
4148,0x16,アルフィナ,MUSIC/GR3_STR.STZ,0x2223E800,40960,2837,24000,1,PSX/PS2 ADPCM,battle,,,PROVEN,GR3.IDX stream_key=0x16D; GR3_STR.IDX entry=364; sector=0x4447D..0x44491,audio/extracted/battle/sample_004148.wav
4150,0x17,アルフィナ,MUSIC/GR3_STR.STZ,0x22248800,40960,2837,24000,1,PSX/PS2 ADPCM,battle,,,PROVEN,GR3.IDX stream_key=0x16E; GR3_STR.IDX entry=365; sector=0x44491..0x444A5,audio/extracted/battle/sample_004150.wav
4152,0x16;0x17;0x18,アルフィナ,MUSIC/GR3_STR.STZ,0x22252800,40960,2837,24000,1,PSX/PS2 ADPCM,battle,,,PROVEN,GR3.IDX stream_key=0x16F; GR3_STR.IDX entry=366; sector=0x444A5..0x444B9,audio/extracted/battle/sample_004152.wav
4154,0x19,アルフィナ,MUSIC/GR3_STR.STZ,0x2225C800,69632,4928,24000,1,PSX/PS2 ADPCM,battle,,,PROVEN,GR3.IDX stream_key=0x170; GR3_STR.IDX entry=367; sector=0x444B9..0x444DB,audio/extracted/battle/sample_004154.wav
4156,0x20,アルフィナ,MUSIC/GR3_STR.STZ,0x2226D800,40960,2837,24000,1,PSX/PS2 ADPCM,battle,,,PROVEN,GR3.IDX stream_key=0x171; GR3_STR.IDX entry=368; sector=0x444DB..0x444EF,audio/extracted/battle/sample_004156.wav
4158,0x21,アルフィナ,MUSIC/GR3_STR.STZ,0x22277800,43008,2987,24000,1,PSX/PS2 ADPCM,battle,,,PROVEN,GR3.IDX stream_key=0x172; GR3_STR.IDX entry=369; sector=0x444EF..0x44504,audio/extracted/battle/sample_004158.wav
4160,0x23;0x24,アルフィナ,MUSIC/GR3_STR.STZ,0x22282000,40960,2837,24000,1,PSX/PS2 ADPCM,battle,,,PROVEN,GR3.IDX stream_key=0x173; GR3_STR.IDX entry=370; sector=0x44504..0x44518,audio/extracted/battle/sample_004160.wav
4162,0x22,アルフィナ,MUSIC/GR3_STR.STZ,0x2228C000,40960,2837,24000,1,PSX/PS2 ADPCM,battle,,,PROVEN,GR3.IDX stream_key=0x174; GR3_STR.IDX entry=371; sector=0x44518..0x4452C,audio/extracted/battle/sample_004162.wav
4164,0x24,アルフィナ,MUSIC/GR3_STR.STZ,0x22296000,40960,2837,24000,1,PSX/PS2 ADPCM,battle,,,PROVEN,GR3.IDX stream_key=0x175; GR3_STR.IDX entry=372; sector=0x4452C..0x44540,audio/extracted/battle/sample_004164.wav
4166,0x25,アルフィナ,MUSIC/GR3_STR.STZ,0x222A0000,75776,5376,24000,1,PSX/PS2 ADPCM,battle,,,PROVEN,GR3.IDX stream_key=0x176; GR3_STR.IDX entry=373; sector=0x44540..0x44565,audio/extracted/battle/sample_004166.wav
4168,0x26,アルフィナ,MUSIC/GR3_STR.STZ,0x222B2800,102400,7317,24000,1,PSX/PS2 ADPCM,battle,,,PROVEN,GR3.IDX stream_key=0x177; GR3_STR.IDX entry=374; sector=0x44565..0x44597,audio/extracted/battle/sample_004168.wav
4170,0x1A;0x1B;0x1C,アルフィナ,MUSIC/GR3_STR.STZ,0x222CB800,40960,2837,24000,1,PSX/PS2 ADPCM,battle,,,PROVEN,GR3.IDX stream_key=0x178; GR3_STR.IDX entry=375; sector=0x44597..0x445AB,audio/extracted/battle/sample_004170.wav
4172,0xD3;0xD4;0xD5,アルフィナ,MUSIC/GR3_STR.STZ,0x222D5800,40960,2837,24000,1,PSX/PS2 ADPCM,battle,,,PROVEN,GR3.IDX stream_key=0x179; GR3_STR.IDX entry=376; sector=0x445AB..0x445BF,audio/extracted/battle/sample_004172.wav
4174,0x10;0x11,アルフィナ,MUSIC/GR3_STR.STZ,0x222DF800,40960,2837,24000,1,PSX/PS2 ADPCM,battle,,,PROVEN,GR3.IDX stream_key=0x17A; GR3_STR.IDX entry=377; sector=0x445BF..0x445D3,audio/extracted/battle/sample_004174.wav
4176,0xD1;0xD2,アルフィナ,MUSIC/GR3_STR.STZ,0x222E9800,40960,2837,24000,1,PSX/PS2 ADPCM,battle,,,PROVEN,GR3.IDX stream_key=0x17B; GR3_STR.IDX entry=378; sector=0x445D3..0x445E7,audio/extracted/battle/sample_004176.wav
4178,0x1D;0x1E;0xA1,アルフィナ,MUSIC/GR3_STR.STZ,0x222F3800,40960,2837,24000,1,PSX/PS2 ADPCM,battle,,,PROVEN,GR3.IDX stream_key=0x17C; GR3_STR.IDX entry=379; sector=0x445E7..0x445FB,audio/extracted/battle/sample_004178.wav
4180,0x29,アルフィナ,MUSIC/GR3_STR.STZ,0x222FD800,40960,2837,24000,1,PSX/PS2 ADPCM,battle,,,PROVEN,GR3.IDX stream_key=0x17D; GR3_STR.IDX entry=380; sector=0x445FB..0x4460F,audio/extracted/battle/sample_004180.wav
4182,0x28,アルフィナ,MUSIC/GR3_STR.STZ,0x22307800,40960,2837,24000,1,PSX/PS2 ADPCM,battle,,,PROVEN,GR3.IDX stream_key=0x17E; GR3_STR.IDX entry=381; sector=0x4460F..0x44623,audio/extracted/battle/sample_004182.wav
4184,0x1F,アルフィナ,MUSIC/GR3_STR.STZ,0x22311800,40960,2837,24000,1,PSX/PS2 ADPCM,battle,,,PROVEN,GR3.IDX stream_key=0x17F; GR3_STR.IDX entry=382; sector=0x44623..0x44637,audio/extracted/battle/sample_004184.wav
4186,0x0E,アルフィナ,MUSIC/GR3_STR.STZ,0x2231B800,40960,2837,24000,1,PSX/PS2 ADPCM,battle,,,PROVEN,GR3.IDX stream_key=0x180; GR3_STR.IDX entry=383; sector=0x44637..0x4464B,audio/extracted/battle/sample_004186.wav
4188,0x15,アルフィナ,MUSIC/GR3_STR.STZ,0x22325800,40960,2837,24000,1,PSX/PS2 ADPCM,battle,,,PROVEN,GR3.IDX stream_key=0x181; GR3_STR.IDX entry=384; sector=0x4464B..0x4465F,audio/extracted/battle/sample_004188.wav
4190,0x2A,アルフィナ,MUSIC/GR3_STR.STZ,0x2232F800,40960,2837,24000,1,PSX/PS2 ADPCM,battle,,,PROVEN,GR3.IDX stream_key=0x182; GR3_STR.IDX entry=385; sector=0x4465F..0x44673,audio/extracted/battle/sample_004190.wav
4192,0x14,アルフィナ,MUSIC/GR3_STR.STZ,0x22339800,40960,2837,24000,1,PSX/PS2 ADPCM,battle,,,PROVEN,GR3.IDX stream_key=0x183; GR3_STR.IDX entry=386; sector=0x44673..0x44687,audio/extracted/battle/sample_004192.wav
4194,0x0A,アルフィナ,MUSIC/GR3_STR.STZ,0x22343800,40960,2837,24000,1,PSX/PS2 ADPCM,battle,,,PROVEN,GR3.IDX stream_key=0x184; GR3_STR.IDX entry=387; sector=0x44687..0x4469B,audio/extracted/battle/sample_004194.wav
4196,0x27,アルフィナ,MUSIC/GR3_STR.STZ,0x2234D800,40960,2837,24000,1,PSX/PS2 ADPCM,battle,,,PROVEN,GR3.IDX stream_key=0x185; GR3_STR.IDX entry=388; sector=0x4469B..0x446AF,audio/extracted/battle/sample_004196.wav
4198,0x13,アルフィナ,MUSIC/GR3_STR.STZ,0x22357800,40960,2837,24000,1,PSX/PS2 ADPCM,battle,,,PROVEN,GR3.IDX stream_key=0x186; GR3_STR.IDX entry=389; sector=0x446AF..0x446C3,audio/extracted/battle/sample_004198.wav
4200,0x12,アルフィナ,MUSIC/GR3_STR.STZ,0x22361800,49152,3435,24000,1,PSX/PS2 ADPCM,battle,,,PROVEN,GR3.IDX stream_key=0x187; GR3_STR.IDX entry=390; sector=0x446C3..0x446DB,audio/extracted/battle/sample_004200.wav
4202,0xC9,アルフィナ,MUSIC/GR3_STR.STZ,0x2236D800,43008,2987,24000,1,PSX/PS2 ADPCM,battle,,,PROVEN,GR3.IDX stream_key=0x188; GR3_STR.IDX entry=391; sector=0x446DB..0x446F0,audio/extracted/battle/sample_004202.wav
4204,0xC9,アルフィナ,MUSIC/GR3_STR.STZ,0x22378000,47104,3285,24000,1,PSX/PS2 ADPCM,battle,,,PROVEN,GR3.IDX stream_key=0x189; GR3_STR.IDX entry=392; sector=0x446F0..0x44707,audio/extracted/battle/sample_004204.wav
4206,0xCA,アルフィナ,MUSIC/GR3_STR.STZ,0x22383800,71680,5077,24000,1,PSX/PS2 ADPCM,battle,,,PROVEN,GR3.IDX stream_key=0x18A; GR3_STR.IDX entry=393; sector=0x44707..0x4472A,audio/extracted/battle/sample_004206.wav
4208,0xCA,アルフィナ,MUSIC/GR3_STR.STZ,0x22395000,40960,2837,24000,1,PSX/PS2 ADPCM,battle,,,PROVEN,GR3.IDX stream_key=0x18B; GR3_STR.IDX entry=394; sector=0x4472A..0x4473E,audio/extracted/battle/sample_004208.wav
4210,0xCB,アルフィナ,MUSIC/GR3_STR.STZ,0x2239F000,69632,4928,24000,1,PSX/PS2 ADPCM,battle,,,PROVEN,GR3.IDX stream_key=0x18C; GR3_STR.IDX entry=395; sector=0x4473E..0x44760,audio/extracted/battle/sample_004210.wav
4212,0xCC,アルフィナ,MUSIC/GR3_STR.STZ,0x223B0000,40960,2837,24000,1,PSX/PS2 ADPCM,battle,,,PROVEN,GR3.IDX stream_key=0x18D; GR3_STR.IDX entry=396; sector=0x44760..0x44774,audio/extracted/battle/sample_004212.wav
4214,0xCD,アルフィナ,MUSIC/GR3_STR.STZ,0x223BA000,40960,2837,24000,1,PSX/PS2 ADPCM,battle,,,PROVEN,GR3.IDX stream_key=0x18E; GR3_STR.IDX entry=397; sector=0x44774..0x44788,audio/extracted/battle/sample_004214.wav
4216,0xCF,アルフィナ,MUSIC/GR3_STR.STZ,0x223C4000,40960,2837,24000,1,PSX/PS2 ADPCM,battle,,,PROVEN,GR3.IDX stream_key=0x18F; GR3_STR.IDX entry=398; sector=0x44788..0x4479C,audio/extracted/battle/sample_004216.wav
4218,0xD0,アルフィナ,MUSIC/GR3_STR.STZ,0x223CE000,167936,12096,24000,1,PSX/PS2 ADPCM,battle,,,PROVEN,GR3.IDX stream_key=0x190; GR3_STR.IDX entry=399; sector=0x4479C..0x447EE,audio/extracted/battle/sample_004218.wav
4220,0x94;0x95;0x96;0x98;0x99;0x9F,ミランダ,MUSIC/GR3_STR.STZ,0x223F7000,43008,2987,24000,1,PSX/PS2 ADPCM,battle,,,PROVEN,GR3.IDX stream_key=0x191; GR3_STR.IDX entry=400; sector=0x447EE..0x44803,audio/extracted/battle/sample_004220.wav
4222,0x95;0x96;0x98;0x99;0x9F,ミランダ,MUSIC/GR3_STR.STZ,0x22401800,59392,4181,24000,1,PSX/PS2 ADPCM,battle,,,PROVEN,GR3.IDX stream_key=0x192; GR3_STR.IDX entry=401; sector=0x44803..0x44820,audio/extracted/battle/sample_004222.wav
4224,0x89;0x8A;0x8B;0x8C;0x8D;0x8E;0x8F;0x90;0x91;0x92;0x93;0x9E;0xA2;0xA3,ミランダ,MUSIC/GR3_STR.STZ,0x22410000,40960,2837,24000,1,PSX/PS2 ADPCM,battle,,,PROVEN,GR3.IDX stream_key=0x193; GR3_STR.IDX entry=402; sector=0x44820..0x44834,audio/extracted/battle/sample_004224.wav
4226,0x89;0x8A;0x8B;0x8C;0x8D;0x8E;0x8F;0x90;0x91;0x92;0x93;0x94;0x9E;0xA2;0xA3,ミランダ,MUSIC/GR3_STR.STZ,0x2241A000,40960,2837,24000,1,PSX/PS2 ADPCM,battle,,,PROVEN,GR3.IDX stream_key=0x194; GR3_STR.IDX entry=403; sector=0x44834..0x44848,audio/extracted/battle/sample_004226.wav
4228,0xC8,ミランダ,MUSIC/GR3_STR.STZ,0x22424000,43008,2987,24000,1,PSX/PS2 ADPCM,battle,,,PROVEN,GR3.IDX stream_key=0x195; GR3_STR.IDX entry=404; sector=0x44848..0x4485D,audio/extracted/battle/sample_004228.wav
4230,0x65;0x66;0x67;0x68;0x69;0x6A;0x6B;0x6C;0x6D;0x6E;0x6F;0x70;0x71;0x72;0x73;0x74;0x75;0x76;0x77;0x7C;0x7D;0x7E;0x7F;0x80;0x81;0xA0;0xA1,ミランダ,MUSIC/GR3_STR.STZ,0x2242E800,47104,3285,24000,1,PSX/PS2 ADPCM,battle,,,PROVEN,GR3.IDX stream_key=0x196; GR3_STR.IDX entry=405; sector=0x4485D..0x44874,audio/extracted/battle/sample_004230.wav
4232,0x65;0x66;0x67;0x68;0x69;0x6A;0x6B;0x6C;0x6D;0x6E;0x6F;0x70;0x71;0x72;0x73;0x74;0x75;0x76;0x77;0x7C;0x7D;0x7E;0x7F;0x80;0x81;0xA0,ミランダ,MUSIC/GR3_STR.STZ,0x2243A000,43008,2987,24000,1,PSX/PS2 ADPCM,battle,,,PROVEN,GR3.IDX stream_key=0x197; GR3_STR.IDX entry=406; sector=0x44874..0x44889,audio/extracted/battle/sample_004232.wav
4234,0x82;0x83;0x84;0x85;0x86;0x87;0x88;0x9A;0x9B;0x9C;0x9D,ミランダ,MUSIC/GR3_STR.STZ,0x22444800,53248,3733,24000,1,PSX/PS2 ADPCM,battle,,,PROVEN,GR3.IDX stream_key=0x198; GR3_STR.IDX entry=407; sector=0x44889..0x448A3,audio/extracted/battle/sample_004234.wav
4236,0x82;0x83;0x84;0x85;0x86;0x87;0x88;0x9A;0x9B;0x9C;0x9D,ミランダ,MUSIC/GR3_STR.STZ,0x22451800,47104,3285,24000,1,PSX/PS2 ADPCM,battle,,,PROVEN,GR3.IDX stream_key=0x199; GR3_STR.IDX entry=408; sector=0x448A3..0x448BA,audio/extracted/battle/sample_004236.wav
4238,0x78;0x79;0x7A;0x7B,ミランダ,MUSIC/GR3_STR.STZ,0x2245D000,40960,2837,24000,1,PSX/PS2 ADPCM,battle,,,PROVEN,GR3.IDX stream_key=0x19A; GR3_STR.IDX entry=409; sector=0x448BA..0x448CE,audio/extracted/battle/sample_004238.wav
4240,0x78;0x79;0x7A;0x7B,ミランダ,MUSIC/GR3_STR.STZ,0x22467000,40960,2837,24000,1,PSX/PS2 ADPCM,battle,,,PROVEN,GR3.IDX stream_key=0x19B; GR3_STR.IDX entry=410; sector=0x448CE..0x448E2,audio/extracted/battle/sample_004240.wav
4242,0x01,ミランダ,MUSIC/GR3_STR.STZ,0x22471000,40960,2837,24000,1,PSX/PS2 ADPCM,battle,,,PROVEN,GR3.IDX stream_key=0x19C; GR3_STR.IDX entry=411; sector=0x448E2..0x448F6,audio/extracted/battle/sample_004242.wav
4244,0x01,ミランダ,MUSIC/GR3_STR.STZ,0x2247B000,40960,2837,24000,1,PSX/PS2 ADPCM,battle,,,PROVEN,GR3.IDX stream_key=0x19D; GR3_STR.IDX entry=412; sector=0x448F6..0x4490A,audio/extracted/battle/sample_004244.wav
4246,0x02,ミランダ,MUSIC/GR3_STR.STZ,0x22485000,45056,3136,24000,1,PSX/PS2 ADPCM,battle,,,PROVEN,GR3.IDX stream_key=0x19E; GR3_STR.IDX entry=413; sector=0x4490A..0x44920,audio/extracted/battle/sample_004246.wav
4248,0x02,ミランダ,MUSIC/GR3_STR.STZ,0x22490000,40960,2837,24000,1,PSX/PS2 ADPCM,battle,,,PROVEN,GR3.IDX stream_key=0x19F; GR3_STR.IDX entry=414; sector=0x44920..0x44934,audio/extracted/battle/sample_004248.wav
4250,0x0B,ミランダ,MUSIC/GR3_STR.STZ,0x2249A000,40960,2837,24000,1,PSX/PS2 ADPCM,battle,,,PROVEN,GR3.IDX stream_key=0x1A0; GR3_STR.IDX entry=415; sector=0x44934..0x44948,audio/extracted/battle/sample_004250.wav
4252,0x0B,ミランダ,MUSIC/GR3_STR.STZ,0x224A4000,40960,2837,24000,1,PSX/PS2 ADPCM,battle,,,PROVEN,GR3.IDX stream_key=0x1A1; GR3_STR.IDX entry=416; sector=0x44948..0x4495C,audio/extracted/battle/sample_004252.wav
4254,0x16,ミランダ,MUSIC/GR3_STR.STZ,0x224AE000,40960,2837,24000,1,PSX/PS2 ADPCM,battle,,,PROVEN,GR3.IDX stream_key=0x1A2; GR3_STR.IDX entry=417; sector=0x4495C..0x44970,audio/extracted/battle/sample_004254.wav
4256,0x20,ミランダ,MUSIC/GR3_STR.STZ,0x224B8000,40960,2837,24000,1,PSX/PS2 ADPCM,battle,,,PROVEN,GR3.IDX stream_key=0x1A3; GR3_STR.IDX entry=418; sector=0x44970..0x44984,audio/extracted/battle/sample_004256.wav
4258,0x1A;0x1B;0x1C,ミランダ,MUSIC/GR3_STR.STZ,0x224C2000,40960,2837,24000,1,PSX/PS2 ADPCM,battle,,,PROVEN,GR3.IDX stream_key=0x1A4; GR3_STR.IDX entry=419; sector=0x44984..0x44998,audio/extracted/battle/sample_004258.wav
4260,0x1A;0x1B;0x1C,ミランダ,MUSIC/GR3_STR.STZ,0x224CC000,40960,2837,24000,1,PSX/PS2 ADPCM,battle,,,PROVEN,GR3.IDX stream_key=0x1A5; GR3_STR.IDX entry=420; sector=0x44998..0x449AC,audio/extracted/battle/sample_004260.wav
4262,0xD3;0xD4;0xD5,ミランダ,MUSIC/GR3_STR.STZ,0x224D6000,40960,2837,24000,1,PSX/PS2 ADPCM,battle,,,PROVEN,GR3.IDX stream_key=0x1A6; GR3_STR.IDX entry=421; sector=0x449AC..0x449C0,audio/extracted/battle/sample_004262.wav
4264,0xD3;0xD4;0xD5,ミランダ,MUSIC/GR3_STR.STZ,0x224E0000,40960,2837,24000,1,PSX/PS2 ADPCM,battle,,,PROVEN,GR3.IDX stream_key=0x1A7; GR3_STR.IDX entry=422; sector=0x449C0..0x449D4,audio/extracted/battle/sample_004264.wav
4266,0x1D;0x1E;0xA1,ミランダ,MUSIC/GR3_STR.STZ,0x224EA000,43008,2987,24000,1,PSX/PS2 ADPCM,battle,,,PROVEN,GR3.IDX stream_key=0x1A8; GR3_STR.IDX entry=423; sector=0x449D4..0x449E9,audio/extracted/battle/sample_004266.wav
4268,0x1D,ミランダ,MUSIC/GR3_STR.STZ,0x224F4800,47104,3285,24000,1,PSX/PS2 ADPCM,battle,,,PROVEN,GR3.IDX stream_key=0x1A9; GR3_STR.IDX entry=424; sector=0x449E9..0x44A00,audio/extracted/battle/sample_004268.wav
4270,0x1E,ミランダ,MUSIC/GR3_STR.STZ,0x22500000,40960,2837,24000,1,PSX/PS2 ADPCM,battle,,,PROVEN,GR3.IDX stream_key=0x1AA; GR3_STR.IDX entry=425; sector=0x44A00..0x44A14,audio/extracted/battle/sample_004270.wav
4272,0x13,ミランダ,MUSIC/GR3_STR.STZ,0x2250A000,40960,2837,24000,1,PSX/PS2 ADPCM,battle,,,PROVEN,GR3.IDX stream_key=0x1AB; GR3_STR.IDX entry=426; sector=0x44A14..0x44A28,audio/extracted/battle/sample_004272.wav
4274,0x13,ミランダ,MUSIC/GR3_STR.STZ,0x22514000,40960,2837,24000,1,PSX/PS2 ADPCM,battle,,,PROVEN,GR3.IDX stream_key=0x1AC; GR3_STR.IDX entry=427; sector=0x44A28..0x44A3C,audio/extracted/battle/sample_004274.wav
4276,0xC9,ミランダ,MUSIC/GR3_STR.STZ,0x2251E000,43008,2987,24000,1,PSX/PS2 ADPCM,battle,,,PROVEN,GR3.IDX stream_key=0x1AD; GR3_STR.IDX entry=428; sector=0x44A3C..0x44A51,audio/extracted/battle/sample_004276.wav
4278,0xCA,ミランダ,MUSIC/GR3_STR.STZ,0x22528800,47104,3285,24000,1,PSX/PS2 ADPCM,battle,,,PROVEN,GR3.IDX stream_key=0x1AE; GR3_STR.IDX entry=429; sector=0x44A51..0x44A68,audio/extracted/battle/sample_004278.wav
4280,0xCB,ミランダ,MUSIC/GR3_STR.STZ,0x22534000,57344,4032,24000,1,PSX/PS2 ADPCM,battle,,,PROVEN,GR3.IDX stream_key=0x1AF; GR3_STR.IDX entry=430; sector=0x44A68..0x44A84,audio/extracted/battle/sample_004280.wav
4282,0xCC,ミランダ,MUSIC/GR3_STR.STZ,0x22542000,40960,2837,24000,1,PSX/PS2 ADPCM,battle,,,PROVEN,GR3.IDX stream_key=0x1B0; GR3_STR.IDX entry=431; sector=0x44A84..0x44A98,audio/extracted/battle/sample_004282.wav
4284,0xCD,ミランダ,MUSIC/GR3_STR.STZ,0x2254C000,51200,3584,24000,1,PSX/PS2 ADPCM,battle,,,PROVEN,GR3.IDX stream_key=0x1B1; GR3_STR.IDX entry=432; sector=0x44A98..0x44AB1,audio/extracted/battle/sample_004284.wav
4286,0xCF,ミランダ,MUSIC/GR3_STR.STZ,0x22558800,40960,2837,24000,1,PSX/PS2 ADPCM,battle,,,PROVEN,GR3.IDX stream_key=0x1B2; GR3_STR.IDX entry=433; sector=0x44AB1..0x44AC5,audio/extracted/battle/sample_004286.wav
4288,0xD0,ミランダ,MUSIC/GR3_STR.STZ,0x22562800,186368,13440,24000,1,PSX/PS2 ADPCM,battle,,,PROVEN,GR3.IDX stream_key=0x1B3; GR3_STR.IDX entry=434; sector=0x44AC5..0x44B20,audio/extracted/battle/sample_004288.wav
4290,0x94;0x95;0x96;0x98;0x99;0x9F,アルオンソ,MUSIC/GR3_STR.STZ,0x22590000,59392,4181,24000,1,PSX/PS2 ADPCM,battle,,,PROVEN,GR3.IDX stream_key=0x1B4; GR3_STR.IDX entry=435; sector=0x44B20..0x44B3D,audio/extracted/battle/sample_004290.wav
4292,0x89;0x8A;0x8B;0x8C;0x8D;0x8E;0x8F;0x90;0x91;0x92;0x93;0x9E;0xA2;0xA3,アルオンソ,MUSIC/GR3_STR.STZ,0x2259E800,40960,2837,24000,1,PSX/PS2 ADPCM,battle,,,PROVEN,GR3.IDX stream_key=0x1B5; GR3_STR.IDX entry=436; sector=0x44B3D..0x44B51,audio/extracted/battle/sample_004292.wav
4294,0x65;0x66;0x67;0x68;0x69;0x6A;0x6B;0x6C;0x6D;0x6E;0x6F;0x70;0x71;0x72;0x73;0x74;0x75;0x76;0x77;0x7C;0x7D;0x7E;0x7F;0x80;0x81;0xA0;0xA1,アルオンソ,MUSIC/GR3_STR.STZ,0x225A8800,40960,2837,24000,1,PSX/PS2 ADPCM,battle,,,PROVEN,GR3.IDX stream_key=0x1B6; GR3_STR.IDX entry=437; sector=0x44B51..0x44B65,audio/extracted/battle/sample_004294.wav
4296,0x82;0x83;0x84;0x85;0x86;0x87;0x88;0x9A;0x9B;0x9C;0x9D,アルオンソ,MUSIC/GR3_STR.STZ,0x225B2800,40960,2837,24000,1,PSX/PS2 ADPCM,battle,,,PROVEN,GR3.IDX stream_key=0x1B7; GR3_STR.IDX entry=438; sector=0x44B65..0x44B79,audio/extracted/battle/sample_004296.wav
4298,0x78;0x79;0x7A;0x7B,アルオンソ,MUSIC/GR3_STR.STZ,0x225BC800,40960,2837,24000,1,PSX/PS2 ADPCM,battle,,,PROVEN,GR3.IDX stream_key=0x1B8; GR3_STR.IDX entry=439; sector=0x44B79..0x44B8D,audio/extracted/battle/sample_004298.wav
4300,0x01,アルオンソ,MUSIC/GR3_STR.STZ,0x225C6800,40960,2837,24000,1,PSX/PS2 ADPCM,battle,,,PROVEN,GR3.IDX stream_key=0x1B9; GR3_STR.IDX entry=440; sector=0x44B8D..0x44BA1,audio/extracted/battle/sample_004300.wav
4302,0x02,アルオンソ,MUSIC/GR3_STR.STZ,0x225D0800,43008,2987,24000,1,PSX/PS2 ADPCM,battle,,,PROVEN,GR3.IDX stream_key=0x1BA; GR3_STR.IDX entry=441; sector=0x44BA1..0x44BB6,audio/extracted/battle/sample_004302.wav
4304,0x0B,アルオンソ,MUSIC/GR3_STR.STZ,0x225DB000,40960,2837,24000,1,PSX/PS2 ADPCM,battle,,,PROVEN,GR3.IDX stream_key=0x1BB; GR3_STR.IDX entry=442; sector=0x44BB6..0x44BCA,audio/extracted/battle/sample_004304.wav
4306,0x16,アルオンソ,MUSIC/GR3_STR.STZ,0x225E5000,40960,2837,24000,1,PSX/PS2 ADPCM,battle,,,PROVEN,GR3.IDX stream_key=0x1BC; GR3_STR.IDX entry=443; sector=0x44BCA..0x44BDE,audio/extracted/battle/sample_004306.wav
4308,0x20,アルオンソ,MUSIC/GR3_STR.STZ,0x225EF000,40960,2837,24000,1,PSX/PS2 ADPCM,battle,,,PROVEN,GR3.IDX stream_key=0x1BD; GR3_STR.IDX entry=444; sector=0x44BDE..0x44BF2,audio/extracted/battle/sample_004308.wav
4310,0x1A;0x1B;0x1C,アルオンソ,MUSIC/GR3_STR.STZ,0x225F9000,40960,2837,24000,1,PSX/PS2 ADPCM,battle,,,PROVEN,GR3.IDX stream_key=0x1BE; GR3_STR.IDX entry=445; sector=0x44BF2..0x44C06,audio/extracted/battle/sample_004310.wav
4312,0xD3;0xD4;0xD5,アルオンソ,MUSIC/GR3_STR.STZ,0x22603000,40960,2837,24000,1,PSX/PS2 ADPCM,battle,,,PROVEN,GR3.IDX stream_key=0x1BF; GR3_STR.IDX entry=446; sector=0x44C06..0x44C1A,audio/extracted/battle/sample_004312.wav
4314,0x1D;0x1E;0xA1,アルオンソ,MUSIC/GR3_STR.STZ,0x2260D000,40960,2837,24000,1,PSX/PS2 ADPCM,battle,,,PROVEN,GR3.IDX stream_key=0x1C0; GR3_STR.IDX entry=447; sector=0x44C1A..0x44C2E,audio/extracted/battle/sample_004314.wav
4316,0x13,アルオンソ,MUSIC/GR3_STR.STZ,0x22617000,40960,2837,24000,1,PSX/PS2 ADPCM,battle,,,PROVEN,GR3.IDX stream_key=0x1C1; GR3_STR.IDX entry=448; sector=0x44C2E..0x44C42,audio/extracted/battle/sample_004316.wav
4318,0xC9,アルオンソ,MUSIC/GR3_STR.STZ,0x22621000,63488,4480,24000,1,PSX/PS2 ADPCM,battle,,,PROVEN,GR3.IDX stream_key=0x1C2; GR3_STR.IDX entry=449; sector=0x44C42..0x44C61,audio/extracted/battle/sample_004318.wav
4320,0xCA,アルオンソ,MUSIC/GR3_STR.STZ,0x22630800,57344,4032,24000,1,PSX/PS2 ADPCM,battle,,,PROVEN,GR3.IDX stream_key=0x1C3; GR3_STR.IDX entry=450; sector=0x44C61..0x44C7D,audio/extracted/battle/sample_004320.wav
4322,0xCB,アルオンソ,MUSIC/GR3_STR.STZ,0x2263E800,75776,5376,24000,1,PSX/PS2 ADPCM,battle,,,PROVEN,GR3.IDX stream_key=0x1C4; GR3_STR.IDX entry=451; sector=0x44C7D..0x44CA2,audio/extracted/battle/sample_004322.wav
4324,0xCC,アルオンソ,MUSIC/GR3_STR.STZ,0x22651000,40960,2837,24000,1,PSX/PS2 ADPCM,battle,,,PROVEN,GR3.IDX stream_key=0x1C5; GR3_STR.IDX entry=452; sector=0x44CA2..0x44CB6,audio/extracted/battle/sample_004324.wav
4326,0xCD,アルオンソ,MUSIC/GR3_STR.STZ,0x2265B000,40960,2837,24000,1,PSX/PS2 ADPCM,battle,,,PROVEN,GR3.IDX stream_key=0x1C6; GR3_STR.IDX entry=453; sector=0x44CB6..0x44CCA,audio/extracted/battle/sample_004326.wav
4328,0xCF,アルオンソ,MUSIC/GR3_STR.STZ,0x22665000,40960,2837,24000,1,PSX/PS2 ADPCM,battle,,,PROVEN,GR3.IDX stream_key=0x1C7; GR3_STR.IDX entry=454; sector=0x44CCA..0x44CDE,audio/extracted/battle/sample_004328.wav
4330,0xD0,アルオンソ,MUSIC/GR3_STR.STZ,0x2266F000,243712,17621,24000,1,PSX/PS2 ADPCM,battle,,,PROVEN,GR3.IDX stream_key=0x1C8; GR3_STR.IDX entry=455; sector=0x44CDE..0x44D55,audio/extracted/battle/sample_004330.wav
4332,0x89;0x8A;0x8B;0x8C;0x8D;0x8E;0x8F;0x90;0x91;0x92;0x93;0x94;0x95;0x96;0x98;0x99;0x9E;0x9F;0xA2;0xA3,ウル,MUSIC/GR3_STR.STZ,0x226AA800,40960,2837,24000,1,PSX/PS2 ADPCM,battle,,,PROVEN,GR3.IDX stream_key=0x1C9; GR3_STR.IDX entry=456; sector=0x44D55..0x44D69,audio/extracted/battle/sample_004332.wav
4334,0x01;0x02;0x03;0x05;0x06;0x0B;0x0C;0x16;0x17;0x20;0x21;0x22;0x23;0x24;0x89;0x8A;0x8B;0x8C;0x8D;0x8E;0x8F;0x90;0x91;0x92;0x93;0x94;0x9E;0xA2;0xA3,ウル,MUSIC/GR3_STR.STZ,0x226B4800,40960,2837,24000,1,PSX/PS2 ADPCM,battle,,,PROVEN,GR3.IDX stream_key=0x1CA; GR3_STR.IDX entry=457; sector=0x44D69..0x44D7D,audio/extracted/battle/sample_004334.wav
4336,0x65;0x66;0x67;0x68;0x69;0x6A;0x6B;0x6C;0x6D;0x6E;0x6F;0x70;0x71;0x72;0x73;0x74;0x75;0x76;0x77;0x7C;0x7D;0x7E;0x7F;0x80;0x81;0x82;0x83;0x84;0x85;0x86;0x87;0x88;0xA0;0xA1,ウル,MUSIC/GR3_STR.STZ,0x226BE800,40960,2837,24000,1,PSX/PS2 ADPCM,battle,,,PROVEN,GR3.IDX stream_key=0x1CB; GR3_STR.IDX entry=458; sector=0x44D7D..0x44D91,audio/extracted/battle/sample_004336.wav
4338,0x71;0x72;0x73;0x74;0x75;0x76;0x77;0x7C;0x7D;0x7E;0x7F;0x80;0x81;0x82;0x83;0x84;0x85;0x86;0x87;0x88;0x9A;0x9B;0x9C;0x9D,ウル,MUSIC/GR3_STR.STZ,0x226C8800,40960,2837,24000,1,PSX/PS2 ADPCM,battle,,,PROVEN,GR3.IDX stream_key=0x1CC; GR3_STR.IDX entry=459; sector=0x44D91..0x44DA5,audio/extracted/battle/sample_004338.wav
4340,0x78;0x79;0x7A;0x7B,ウル,MUSIC/GR3_STR.STZ,0x226D2800,40960,2837,24000,1,PSX/PS2 ADPCM,battle,,,PROVEN,GR3.IDX stream_key=0x1CD; GR3_STR.IDX entry=460; sector=0x44DA5..0x44DB9,audio/extracted/battle/sample_004340.wav
4342,0x01,ウル,MUSIC/GR3_STR.STZ,0x226DC800,55296,3883,24000,1,PSX/PS2 ADPCM,battle,,,PROVEN,GR3.IDX stream_key=0x1CE; GR3_STR.IDX entry=461; sector=0x44DB9..0x44DD4,audio/extracted/battle/sample_004342.wav
4344,0x02,ウル,MUSIC/GR3_STR.STZ,0x226EA000,65536,4629,24000,1,PSX/PS2 ADPCM,battle,,,PROVEN,GR3.IDX stream_key=0x1CF; GR3_STR.IDX entry=462; sector=0x44DD4..0x44DF4,audio/extracted/battle/sample_004344.wav
4346,0x05,ウル,MUSIC/GR3_STR.STZ,0x226FA000,59392,4181,24000,1,PSX/PS2 ADPCM,battle,,,PROVEN,GR3.IDX stream_key=0x1D0; GR3_STR.IDX entry=463; sector=0x44DF4..0x44E11,audio/extracted/battle/sample_004346.wav
4348,0x03,ウル,MUSIC/GR3_STR.STZ,0x22708800,57344,4032,24000,1,PSX/PS2 ADPCM,battle,,,PROVEN,GR3.IDX stream_key=0x1D1; GR3_STR.IDX entry=464; sector=0x44E11..0x44E2D,audio/extracted/battle/sample_004348.wav
4350,0x06,ウル,MUSIC/GR3_STR.STZ,0x22716800,55296,3883,24000,1,PSX/PS2 ADPCM,battle,,,PROVEN,GR3.IDX stream_key=0x1D2; GR3_STR.IDX entry=465; sector=0x44E2D..0x44E48,audio/extracted/battle/sample_004350.wav
4352,0x07,ウル,MUSIC/GR3_STR.STZ,0x22724000,73728,5227,24000,1,PSX/PS2 ADPCM,battle,,,PROVEN,GR3.IDX stream_key=0x1D3; GR3_STR.IDX entry=466; sector=0x44E48..0x44E6C,audio/extracted/battle/sample_004352.wav
4354,0x04,ウル,MUSIC/GR3_STR.STZ,0x22736000,71680,5077,24000,1,PSX/PS2 ADPCM,battle,,,PROVEN,GR3.IDX stream_key=0x1D4; GR3_STR.IDX entry=467; sector=0x44E6C..0x44E8F,audio/extracted/battle/sample_004354.wav
4356,0x09,ウル,MUSIC/GR3_STR.STZ,0x22747800,92160,6571,24000,1,PSX/PS2 ADPCM,battle,,,PROVEN,GR3.IDX stream_key=0x1D5; GR3_STR.IDX entry=468; sector=0x44E8F..0x44EBC,audio/extracted/battle/sample_004356.wav
4358,0x08,ウル,MUSIC/GR3_STR.STZ,0x2275E000,75776,5376,24000,1,PSX/PS2 ADPCM,battle,,,PROVEN,GR3.IDX stream_key=0x1D6; GR3_STR.IDX entry=469; sector=0x44EBC..0x44EE1,audio/extracted/battle/sample_004358.wav
4360,0x0B,ウル,MUSIC/GR3_STR.STZ,0x22770800,59392,4181,24000,1,PSX/PS2 ADPCM,battle,,,PROVEN,GR3.IDX stream_key=0x1D7; GR3_STR.IDX entry=470; sector=0x44EE1..0x44EFE,audio/extracted/battle/sample_004360.wav
4362,0x0C,ウル,MUSIC/GR3_STR.STZ,0x2277F000,40960,2837,24000,1,PSX/PS2 ADPCM,battle,,,PROVEN,GR3.IDX stream_key=0x1D8; GR3_STR.IDX entry=471; sector=0x44EFE..0x44F12,audio/extracted/battle/sample_004362.wav
4364,0x0D,ウル,MUSIC/GR3_STR.STZ,0x22789000,75776,5376,24000,1,PSX/PS2 ADPCM,battle,,,PROVEN,GR3.IDX stream_key=0x1D9; GR3_STR.IDX entry=472; sector=0x44F12..0x44F37,audio/extracted/battle/sample_004364.wav
4366,0x0F,ウル,MUSIC/GR3_STR.STZ,0x2279B800,57344,4032,24000,1,PSX/PS2 ADPCM,battle,,,PROVEN,GR3.IDX stream_key=0x1DA; GR3_STR.IDX entry=473; sector=0x44F37..0x44F53,audio/extracted/battle/sample_004366.wav
4368,0x16,ウル,MUSIC/GR3_STR.STZ,0x227A9800,63488,4480,24000,1,PSX/PS2 ADPCM,battle,,,PROVEN,GR3.IDX stream_key=0x1DB; GR3_STR.IDX entry=474; sector=0x44F53..0x44F72,audio/extracted/battle/sample_004368.wav
4370,0x17,ウル,MUSIC/GR3_STR.STZ,0x227B9000,73728,5227,24000,1,PSX/PS2 ADPCM,battle,,,PROVEN,GR3.IDX stream_key=0x1DC; GR3_STR.IDX entry=475; sector=0x44F72..0x44F96,audio/extracted/battle/sample_004370.wav
4372,0x18,ウル,MUSIC/GR3_STR.STZ,0x227CB000,65536,4629,24000,1,PSX/PS2 ADPCM,battle,,,PROVEN,GR3.IDX stream_key=0x1DD; GR3_STR.IDX entry=476; sector=0x44F96..0x44FB6,audio/extracted/battle/sample_004372.wav
4374,0x19,ウル,MUSIC/GR3_STR.STZ,0x227DB000,73728,5227,24000,1,PSX/PS2 ADPCM,battle,,,PROVEN,GR3.IDX stream_key=0x1DE; GR3_STR.IDX entry=477; sector=0x44FB6..0x44FDA,audio/extracted/battle/sample_004374.wav
4376,0x20,ウル,MUSIC/GR3_STR.STZ,0x227ED000,57344,4032,24000,1,PSX/PS2 ADPCM,battle,,,PROVEN,GR3.IDX stream_key=0x1DF; GR3_STR.IDX entry=478; sector=0x44FDA..0x44FF6,audio/extracted/battle/sample_004376.wav
4378,0x21,ウル,MUSIC/GR3_STR.STZ,0x227FB000,59392,4181,24000,1,PSX/PS2 ADPCM,battle,,,PROVEN,GR3.IDX stream_key=0x1E0; GR3_STR.IDX entry=479; sector=0x44FF6..0x45013,audio/extracted/battle/sample_004378.wav
4380,0x23,ウル,MUSIC/GR3_STR.STZ,0x22809800,53248,3733,24000,1,PSX/PS2 ADPCM,battle,,,PROVEN,GR3.IDX stream_key=0x1E1; GR3_STR.IDX entry=480; sector=0x45013..0x4502D,audio/extracted/battle/sample_004380.wav
4382,0x22,ウル,MUSIC/GR3_STR.STZ,0x22816800,94208,6720,24000,1,PSX/PS2 ADPCM,battle,,,PROVEN,GR3.IDX stream_key=0x1E2; GR3_STR.IDX entry=481; sector=0x4502D..0x4505B,audio/extracted/battle/sample_004382.wav
4384,0x24,ウル,MUSIC/GR3_STR.STZ,0x2282D800,51200,3584,24000,1,PSX/PS2 ADPCM,battle,,,PROVEN,GR3.IDX stream_key=0x1E3; GR3_STR.IDX entry=482; sector=0x4505B..0x45074,audio/extracted/battle/sample_004384.wav
4386,0x25,ウル,MUSIC/GR3_STR.STZ,0x2283A000,83968,5973,24000,1,PSX/PS2 ADPCM,battle,,,PROVEN,GR3.IDX stream_key=0x1E4; GR3_STR.IDX entry=483; sector=0x45074..0x4509D,audio/extracted/battle/sample_004386.wav
4388,0x26,ウル,MUSIC/GR3_STR.STZ,0x2284E800,100352,7168,24000,1,PSX/PS2 ADPCM,battle,,,PROVEN,GR3.IDX stream_key=0x1E5; GR3_STR.IDX entry=484; sector=0x4509D..0x450CE,audio/extracted/battle/sample_004388.wav
4390,0x1A;0x1B;0x1C,ウル,MUSIC/GR3_STR.STZ,0x22867000,59392,4181,24000,1,PSX/PS2 ADPCM,battle,,,PROVEN,GR3.IDX stream_key=0x1E6; GR3_STR.IDX entry=485; sector=0x450CE..0x450EB,audio/extracted/battle/sample_004390.wav
4392,0xD3;0xD4;0xD5,ウル,MUSIC/GR3_STR.STZ,0x22875800,53248,3733,24000,1,PSX/PS2 ADPCM,battle,,,PROVEN,GR3.IDX stream_key=0x1E7; GR3_STR.IDX entry=486; sector=0x450EB..0x45105,audio/extracted/battle/sample_004392.wav
4394,0x10;0x11,ウル,MUSIC/GR3_STR.STZ,0x22882800,73728,5227,24000,1,PSX/PS2 ADPCM,battle,,,PROVEN,GR3.IDX stream_key=0x1E8; GR3_STR.IDX entry=487; sector=0x45105..0x45129,audio/extracted/battle/sample_004394.wav
4396,0xD1;0xD2,ウル,MUSIC/GR3_STR.STZ,0x22894800,71680,5077,24000,1,PSX/PS2 ADPCM,battle,,,PROVEN,GR3.IDX stream_key=0x1E9; GR3_STR.IDX entry=488; sector=0x45129..0x4514C,audio/extracted/battle/sample_004396.wav
4398,0x1D;0x1E;0xA1,ウル,MUSIC/GR3_STR.STZ,0x228A6000,65536,4629,24000,1,PSX/PS2 ADPCM,battle,,,PROVEN,GR3.IDX stream_key=0x1EA; GR3_STR.IDX entry=489; sector=0x4514C..0x4516C,audio/extracted/battle/sample_004398.wav
4400,0x29,ウル,MUSIC/GR3_STR.STZ,0x228B6000,69632,4928,24000,1,PSX/PS2 ADPCM,battle,,,PROVEN,GR3.IDX stream_key=0x1EB; GR3_STR.IDX entry=490; sector=0x4516C..0x4518E,audio/extracted/battle/sample_004400.wav
4402,0x28,ウル,MUSIC/GR3_STR.STZ,0x228C7000,63488,4480,24000,1,PSX/PS2 ADPCM,battle,,,PROVEN,GR3.IDX stream_key=0x1EC; GR3_STR.IDX entry=491; sector=0x4518E..0x451AD,audio/extracted/battle/sample_004402.wav
4404,0x1F,ウル,MUSIC/GR3_STR.STZ,0x228D6800,61440,4331,24000,1,PSX/PS2 ADPCM,battle,,,PROVEN,GR3.IDX stream_key=0x1ED; GR3_STR.IDX entry=492; sector=0x451AD..0x451CB,audio/extracted/battle/sample_004404.wav
4406,0x0E,ウル,MUSIC/GR3_STR.STZ,0x228E5800,83968,5973,24000,1,PSX/PS2 ADPCM,battle,,,PROVEN,GR3.IDX stream_key=0x1EE; GR3_STR.IDX entry=493; sector=0x451CB..0x451F4,audio/extracted/battle/sample_004406.wav
4408,0x15,ウル,MUSIC/GR3_STR.STZ,0x228FA000,57344,4032,24000,1,PSX/PS2 ADPCM,battle,,,PROVEN,GR3.IDX stream_key=0x1EF; GR3_STR.IDX entry=494; sector=0x451F4..0x45210,audio/extracted/battle/sample_004408.wav
4410,0x2A,ウル,MUSIC/GR3_STR.STZ,0x22908000,55296,3883,24000,1,PSX/PS2 ADPCM,battle,,,PROVEN,GR3.IDX stream_key=0x1F0; GR3_STR.IDX entry=495; sector=0x45210..0x4522B,audio/extracted/battle/sample_004410.wav
4412,0x14,ウル,MUSIC/GR3_STR.STZ,0x22915800,57344,4032,24000,1,PSX/PS2 ADPCM,battle,,,PROVEN,GR3.IDX stream_key=0x1F1; GR3_STR.IDX entry=496; sector=0x4522B..0x45247,audio/extracted/battle/sample_004412.wav
4414,0x0A,ウル,MUSIC/GR3_STR.STZ,0x22923800,71680,5077,24000,1,PSX/PS2 ADPCM,battle,,,PROVEN,GR3.IDX stream_key=0x1F2; GR3_STR.IDX entry=497; sector=0x45247..0x4526A,audio/extracted/battle/sample_004414.wav
4416,0x27,ウル,MUSIC/GR3_STR.STZ,0x22935000,57344,4032,24000,1,PSX/PS2 ADPCM,battle,,,PROVEN,GR3.IDX stream_key=0x1F3; GR3_STR.IDX entry=498; sector=0x4526A..0x45286,audio/extracted/battle/sample_004416.wav
4418,0x13,ウル,MUSIC/GR3_STR.STZ,0x22943000,75776,5376,24000,1,PSX/PS2 ADPCM,battle,,,PROVEN,GR3.IDX stream_key=0x1F4; GR3_STR.IDX entry=499; sector=0x45286..0x452AB,audio/extracted/battle/sample_004418.wav
4420,0x12,ウル,MUSIC/GR3_STR.STZ,0x22955800,65536,4629,24000,1,PSX/PS2 ADPCM,battle,,,PROVEN,GR3.IDX stream_key=0x1F5; GR3_STR.IDX entry=500; sector=0x452AB..0x452CB,audio/extracted/battle/sample_004420.wav
4422,0xC9,ウル,MUSIC/GR3_STR.STZ,0x22965800,51200,3584,24000,1,PSX/PS2 ADPCM,battle,,,PROVEN,GR3.IDX stream_key=0x1F6; GR3_STR.IDX entry=501; sector=0x452CB..0x452E4,audio/extracted/battle/sample_004422.wav
4424,0xCA,ウル,MUSIC/GR3_STR.STZ,0x22972000,40960,2837,24000,1,PSX/PS2 ADPCM,battle,,,PROVEN,GR3.IDX stream_key=0x1F7; GR3_STR.IDX entry=502; sector=0x452E4..0x452F8,audio/extracted/battle/sample_004424.wav
4426,0xCB,ウル,MUSIC/GR3_STR.STZ,0x2297C000,92160,6571,24000,1,PSX/PS2 ADPCM,battle,,,PROVEN,GR3.IDX stream_key=0x1F8; GR3_STR.IDX entry=503; sector=0x452F8..0x45325,audio/extracted/battle/sample_004426.wav
4428,0xCC,ウル,MUSIC/GR3_STR.STZ,0x22992800,40960,2837,24000,1,PSX/PS2 ADPCM,battle,,,PROVEN,GR3.IDX stream_key=0x1F9; GR3_STR.IDX entry=504; sector=0x45325..0x45339,audio/extracted/battle/sample_004428.wav
4430,0xCD,ウル,MUSIC/GR3_STR.STZ,0x2299C800,40960,2837,24000,1,PSX/PS2 ADPCM,battle,,,PROVEN,GR3.IDX stream_key=0x1FA; GR3_STR.IDX entry=505; sector=0x45339..0x4534D,audio/extracted/battle/sample_004430.wav
4432,0xCF,ウル,MUSIC/GR3_STR.STZ,0x229A6800,45056,3136,24000,1,PSX/PS2 ADPCM,battle,,,PROVEN,GR3.IDX stream_key=0x1FB; GR3_STR.IDX entry=506; sector=0x4534D..0x45363,audio/extracted/battle/sample_004432.wav
4434,0xD0,ウル,MUSIC/GR3_STR.STZ,0x229B1800,149504,10752,24000,1,PSX/PS2 ADPCM,battle,,,PROVEN,GR3.IDX stream_key=0x1FC; GR3_STR.IDX entry=507; sector=0x45363..0x453AC,audio/extracted/battle/sample_004434.wav
4436,0x94;0x95;0x96;0x98;0x99;0x9F,ダーナ,MUSIC/GR3_STR.STZ,0x229D6000,40960,2837,24000,1,PSX/PS2 ADPCM,battle,,,PROVEN,GR3.IDX stream_key=0x1FD; GR3_STR.IDX entry=508; sector=0x453AC..0x453C0,audio/extracted/battle/sample_004436.wav
4438,0x89;0x8A;0x8B;0x8C;0x8D;0x8E;0x8F;0x90;0x91;0x92;0x93;0x9E;0xA2;0xA3,ダーナ,MUSIC/GR3_STR.STZ,0x229E0000,40960,2837,24000,1,PSX/PS2 ADPCM,battle,,,PROVEN,GR3.IDX stream_key=0x1FE; GR3_STR.IDX entry=509; sector=0x453C0..0x453D4,audio/extracted/battle/sample_004438.wav
4440,0xC8,ダーナ,MUSIC/GR3_STR.STZ,0x229EA000,40960,2837,24000,1,PSX/PS2 ADPCM,battle,,,PROVEN,GR3.IDX stream_key=0x1FF; GR3_STR.IDX entry=510; sector=0x453D4..0x453E8,audio/extracted/battle/sample_004440.wav
4442,0x65;0x66;0x67;0x68;0x69;0x6A;0x6B;0x6C;0x6D;0x6E;0x6F;0x70;0x71;0x72;0x73;0x74;0x75;0x76;0x77;0x7C;0x7D;0x7E;0x7F;0x80;0x81;0x82;0x83;0x84;0x85;0x86;0x87;0x88;0xA0;0xA1,ダーナ,MUSIC/GR3_STR.STZ,0x229F4000,40960,2837,24000,1,PSX/PS2 ADPCM,battle,,,PROVEN,GR3.IDX stream_key=0x200; GR3_STR.IDX entry=511; sector=0x453E8..0x453FC,audio/extracted/battle/sample_004442.wav
4444,0x71;0x72;0x73;0x74;0x75;0x76;0x77;0x82;0x83;0x84;0x85;0x86;0x87;0x88;0x9A;0x9B;0x9C;0x9D,ダーナ,MUSIC/GR3_STR.STZ,0x229FE000,40960,2837,24000,1,PSX/PS2 ADPCM,battle,,,PROVEN,GR3.IDX stream_key=0x201; GR3_STR.IDX entry=512; sector=0x453FC..0x45410,audio/extracted/battle/sample_004444.wav
4446,0x78;0x79;0x7A;0x7B,ダーナ,MUSIC/GR3_STR.STZ,0x22A08000,40960,2837,24000,1,PSX/PS2 ADPCM,battle,,,PROVEN,GR3.IDX stream_key=0x202; GR3_STR.IDX entry=513; sector=0x45410..0x45424,audio/extracted/battle/sample_004446.wav
4448,0x01,ダーナ,MUSIC/GR3_STR.STZ,0x22A12000,53248,3733,24000,1,PSX/PS2 ADPCM,battle,,,PROVEN,GR3.IDX stream_key=0x203; GR3_STR.IDX entry=514; sector=0x45424..0x4543E,audio/extracted/battle/sample_004448.wav
4450,0x02,ダーナ,MUSIC/GR3_STR.STZ,0x22A1F000,55296,3883,24000,1,PSX/PS2 ADPCM,battle,,,PROVEN,GR3.IDX stream_key=0x204; GR3_STR.IDX entry=515; sector=0x4543E..0x45459,audio/extracted/battle/sample_004450.wav
4452,0x05,ダーナ,MUSIC/GR3_STR.STZ,0x22A2C800,57344,4032,24000,1,PSX/PS2 ADPCM,battle,,,PROVEN,GR3.IDX stream_key=0x205; GR3_STR.IDX entry=516; sector=0x45459..0x45475,audio/extracted/battle/sample_004452.wav
4454,0x03,ダーナ,MUSIC/GR3_STR.STZ,0x22A3A800,61440,4331,24000,1,PSX/PS2 ADPCM,battle,,,PROVEN,GR3.IDX stream_key=0x206; GR3_STR.IDX entry=517; sector=0x45475..0x45493,audio/extracted/battle/sample_004454.wav
4456,0x06,ダーナ,MUSIC/GR3_STR.STZ,0x22A49800,59392,4181,24000,1,PSX/PS2 ADPCM,battle,,,PROVEN,GR3.IDX stream_key=0x207; GR3_STR.IDX entry=518; sector=0x45493..0x454B0,audio/extracted/battle/sample_004456.wav
4458,0x07,ダーナ,MUSIC/GR3_STR.STZ,0x22A58000,53248,3733,24000,1,PSX/PS2 ADPCM,battle,,,PROVEN,GR3.IDX stream_key=0x208; GR3_STR.IDX entry=519; sector=0x454B0..0x454CA,audio/extracted/battle/sample_004458.wav
4460,0x04,ダーナ,MUSIC/GR3_STR.STZ,0x22A65000,63488,4480,24000,1,PSX/PS2 ADPCM,battle,,,PROVEN,GR3.IDX stream_key=0x209; GR3_STR.IDX entry=520; sector=0x454CA..0x454E9,audio/extracted/battle/sample_004460.wav
4462,0x09,ダーナ,MUSIC/GR3_STR.STZ,0x22A74800,49152,3435,24000,1,PSX/PS2 ADPCM,battle,,,PROVEN,GR3.IDX stream_key=0x20A; GR3_STR.IDX entry=521; sector=0x454E9..0x45501,audio/extracted/battle/sample_004462.wav
4464,0x08,ダーナ,MUSIC/GR3_STR.STZ,0x22A80800,65536,4629,24000,1,PSX/PS2 ADPCM,battle,,,PROVEN,GR3.IDX stream_key=0x20B; GR3_STR.IDX entry=522; sector=0x45501..0x45521,audio/extracted/battle/sample_004464.wav
4466,0x0B,ダーナ,MUSIC/GR3_STR.STZ,0x22A90800,40960,2837,24000,1,PSX/PS2 ADPCM,battle,,,PROVEN,GR3.IDX stream_key=0x20C; GR3_STR.IDX entry=523; sector=0x45521..0x45535,audio/extracted/battle/sample_004466.wav
4468,0x0C,ダーナ,MUSIC/GR3_STR.STZ,0x22A9A800,71680,5077,24000,1,PSX/PS2 ADPCM,battle,,,PROVEN,GR3.IDX stream_key=0x20D; GR3_STR.IDX entry=524; sector=0x45535..0x45558,audio/extracted/battle/sample_004468.wav
4470,0x0D,ダーナ,MUSIC/GR3_STR.STZ,0x22AAC000,77824,5525,24000,1,PSX/PS2 ADPCM,battle,,,PROVEN,GR3.IDX stream_key=0x20E; GR3_STR.IDX entry=525; sector=0x45558..0x4557E,audio/extracted/battle/sample_004470.wav
4472,0x0F,ダーナ,MUSIC/GR3_STR.STZ,0x22ABF000,59392,4181,24000,1,PSX/PS2 ADPCM,battle,,,PROVEN,GR3.IDX stream_key=0x20F; GR3_STR.IDX entry=526; sector=0x4557E..0x4559B,audio/extracted/battle/sample_004472.wav
4474,0x16,ダーナ,MUSIC/GR3_STR.STZ,0x22ACD800,40960,2837,24000,1,PSX/PS2 ADPCM,battle,,,PROVEN,GR3.IDX stream_key=0x210; GR3_STR.IDX entry=527; sector=0x4559B..0x455AF,audio/extracted/battle/sample_004474.wav
4476,0x17,ダーナ,MUSIC/GR3_STR.STZ,0x22AD7800,69632,4928,24000,1,PSX/PS2 ADPCM,battle,,,PROVEN,GR3.IDX stream_key=0x211; GR3_STR.IDX entry=528; sector=0x455AF..0x455D1,audio/extracted/battle/sample_004476.wav
4478,0x18,ダーナ,MUSIC/GR3_STR.STZ,0x22AE8800,59392,4181,24000,1,PSX/PS2 ADPCM,battle,,,PROVEN,GR3.IDX stream_key=0x212; GR3_STR.IDX entry=529; sector=0x455D1..0x455EE,audio/extracted/battle/sample_004478.wav
4480,0x19,ダーナ,MUSIC/GR3_STR.STZ,0x22AF7000,77824,5525,24000,1,PSX/PS2 ADPCM,battle,,,PROVEN,GR3.IDX stream_key=0x213; GR3_STR.IDX entry=530; sector=0x455EE..0x45614,audio/extracted/battle/sample_004480.wav
4482,0x20,ダーナ,MUSIC/GR3_STR.STZ,0x22B0A000,43008,2987,24000,1,PSX/PS2 ADPCM,battle,,,PROVEN,GR3.IDX stream_key=0x214; GR3_STR.IDX entry=531; sector=0x45614..0x45629,audio/extracted/battle/sample_004482.wav
4484,0x21,ダーナ,MUSIC/GR3_STR.STZ,0x22B14800,55296,3883,24000,1,PSX/PS2 ADPCM,battle,,,PROVEN,GR3.IDX stream_key=0x215; GR3_STR.IDX entry=532; sector=0x45629..0x45644,audio/extracted/battle/sample_004484.wav
4486,0x23,ダーナ,MUSIC/GR3_STR.STZ,0x22B22000,53248,3733,24000,1,PSX/PS2 ADPCM,battle,,,PROVEN,GR3.IDX stream_key=0x216; GR3_STR.IDX entry=533; sector=0x45644..0x4565E,audio/extracted/battle/sample_004486.wav
4488,0x22,ダーナ,MUSIC/GR3_STR.STZ,0x22B2F000,75776,5376,24000,1,PSX/PS2 ADPCM,battle,,,PROVEN,GR3.IDX stream_key=0x217; GR3_STR.IDX entry=534; sector=0x4565E..0x45683,audio/extracted/battle/sample_004488.wav
4490,0x24,ダーナ,MUSIC/GR3_STR.STZ,0x22B41800,77824,5525,24000,1,PSX/PS2 ADPCM,battle,,,PROVEN,GR3.IDX stream_key=0x218; GR3_STR.IDX entry=535; sector=0x45683..0x456A9,audio/extracted/battle/sample_004490.wav
4492,0x25,ダーナ,MUSIC/GR3_STR.STZ,0x22B54800,65536,4629,24000,1,PSX/PS2 ADPCM,battle,,,PROVEN,GR3.IDX stream_key=0x219; GR3_STR.IDX entry=536; sector=0x456A9..0x456C9,audio/extracted/battle/sample_004492.wav
4494,0x26,ダーナ,MUSIC/GR3_STR.STZ,0x22B64800,92160,6571,24000,1,PSX/PS2 ADPCM,battle,,,PROVEN,GR3.IDX stream_key=0x21A; GR3_STR.IDX entry=537; sector=0x456C9..0x456F6,audio/extracted/battle/sample_004494.wav
4496,0x1A;0x1B;0x1C,ダーナ,MUSIC/GR3_STR.STZ,0x22B7B000,73728,5227,24000,1,PSX/PS2 ADPCM,battle,,,PROVEN,GR3.IDX stream_key=0x21B; GR3_STR.IDX entry=538; sector=0x456F6..0x4571A,audio/extracted/battle/sample_004496.wav
4498,0xD3;0xD4;0xD5,ダーナ,MUSIC/GR3_STR.STZ,0x22B8D000,49152,3435,24000,1,PSX/PS2 ADPCM,battle,,,PROVEN,GR3.IDX stream_key=0x21C; GR3_STR.IDX entry=539; sector=0x4571A..0x45732,audio/extracted/battle/sample_004498.wav
4500,0x10;0x11,ダーナ,MUSIC/GR3_STR.STZ,0x22B99000,61440,4331,24000,1,PSX/PS2 ADPCM,battle,,,PROVEN,GR3.IDX stream_key=0x21D; GR3_STR.IDX entry=540; sector=0x45732..0x45750,audio/extracted/battle/sample_004500.wav
4502,0xD1;0xD2,ダーナ,MUSIC/GR3_STR.STZ,0x22BA8000,49152,3435,24000,1,PSX/PS2 ADPCM,battle,,,PROVEN,GR3.IDX stream_key=0x21E; GR3_STR.IDX entry=541; sector=0x45750..0x45768,audio/extracted/battle/sample_004502.wav
4504,0x1D;0x1E;0xA1,ダーナ,MUSIC/GR3_STR.STZ,0x22BB4000,57344,4032,24000,1,PSX/PS2 ADPCM,battle,,,PROVEN,GR3.IDX stream_key=0x21F; GR3_STR.IDX entry=542; sector=0x45768..0x45784,audio/extracted/battle/sample_004504.wav
4506,0x29,ダーナ,MUSIC/GR3_STR.STZ,0x22BC2000,77824,5525,24000,1,PSX/PS2 ADPCM,battle,,,PROVEN,GR3.IDX stream_key=0x220; GR3_STR.IDX entry=543; sector=0x45784..0x457AA,audio/extracted/battle/sample_004506.wav
4508,0x28,ダーナ,MUSIC/GR3_STR.STZ,0x22BD5000,67584,4779,24000,1,PSX/PS2 ADPCM,battle,,,PROVEN,GR3.IDX stream_key=0x221; GR3_STR.IDX entry=544; sector=0x457AA..0x457CB,audio/extracted/battle/sample_004508.wav
4510,0x1F,ダーナ,MUSIC/GR3_STR.STZ,0x22BE5800,81920,5824,24000,1,PSX/PS2 ADPCM,battle,,,PROVEN,GR3.IDX stream_key=0x222; GR3_STR.IDX entry=545; sector=0x457CB..0x457F3,audio/extracted/battle/sample_004510.wav
4512,0x0E,ダーナ,MUSIC/GR3_STR.STZ,0x22BF9800,59392,4181,24000,1,PSX/PS2 ADPCM,battle,,,PROVEN,GR3.IDX stream_key=0x223; GR3_STR.IDX entry=546; sector=0x457F3..0x45810,audio/extracted/battle/sample_004512.wav
4514,0x15,ダーナ,MUSIC/GR3_STR.STZ,0x22C08000,63488,4480,24000,1,PSX/PS2 ADPCM,battle,,,PROVEN,GR3.IDX stream_key=0x224; GR3_STR.IDX entry=547; sector=0x45810..0x4582F,audio/extracted/battle/sample_004514.wav
4516,0x2A,ダーナ,MUSIC/GR3_STR.STZ,0x22C17800,65536,4629,24000,1,PSX/PS2 ADPCM,battle,,,PROVEN,GR3.IDX stream_key=0x225; GR3_STR.IDX entry=548; sector=0x4582F..0x4584F,audio/extracted/battle/sample_004516.wav
4518,0x14,ダーナ,MUSIC/GR3_STR.STZ,0x22C27800,73728,5227,24000,1,PSX/PS2 ADPCM,battle,,,PROVEN,GR3.IDX stream_key=0x226; GR3_STR.IDX entry=549; sector=0x4584F..0x45873,audio/extracted/battle/sample_004518.wav
4520,0x0A,ダーナ,MUSIC/GR3_STR.STZ,0x22C39800,67584,4779,24000,1,PSX/PS2 ADPCM,battle,,,PROVEN,GR3.IDX stream_key=0x227; GR3_STR.IDX entry=550; sector=0x45873..0x45894,audio/extracted/battle/sample_004520.wav
4522,0x27,ダーナ,MUSIC/GR3_STR.STZ,0x22C4A000,53248,3733,24000,1,PSX/PS2 ADPCM,battle,,,PROVEN,GR3.IDX stream_key=0x228; GR3_STR.IDX entry=551; sector=0x45894..0x458AE,audio/extracted/battle/sample_004522.wav
4524,0x13,ダーナ,MUSIC/GR3_STR.STZ,0x22C57000,47104,3285,24000,1,PSX/PS2 ADPCM,battle,,,PROVEN,GR3.IDX stream_key=0x229; GR3_STR.IDX entry=552; sector=0x458AE..0x458C5,audio/extracted/battle/sample_004524.wav
4526,0x12,ダーナ,MUSIC/GR3_STR.STZ,0x22C62800,71680,5077,24000,1,PSX/PS2 ADPCM,battle,,,PROVEN,GR3.IDX stream_key=0x22A; GR3_STR.IDX entry=553; sector=0x458C5..0x458E8,audio/extracted/battle/sample_004526.wav
4528,0xC9,ダーナ,MUSIC/GR3_STR.STZ,0x22C74000,47104,3285,24000,1,PSX/PS2 ADPCM,battle,,,PROVEN,GR3.IDX stream_key=0x22B; GR3_STR.IDX entry=554; sector=0x458E8..0x458FF,audio/extracted/battle/sample_004528.wav
4530,0xCA,ダーナ,MUSIC/GR3_STR.STZ,0x22C7F800,40960,2837,24000,1,PSX/PS2 ADPCM,battle,,,PROVEN,GR3.IDX stream_key=0x22C; GR3_STR.IDX entry=555; sector=0x458FF..0x45913,audio/extracted/battle/sample_004530.wav
4532,0xCB,ダーナ,MUSIC/GR3_STR.STZ,0x22C89800,53248,3733,24000,1,PSX/PS2 ADPCM,battle,,,PROVEN,GR3.IDX stream_key=0x22D; GR3_STR.IDX entry=556; sector=0x45913..0x4592D,audio/extracted/battle/sample_004532.wav
4534,0xCC,ダーナ,MUSIC/GR3_STR.STZ,0x22C96800,40960,2837,24000,1,PSX/PS2 ADPCM,battle,,,PROVEN,GR3.IDX stream_key=0x22E; GR3_STR.IDX entry=557; sector=0x4592D..0x45941,audio/extracted/battle/sample_004534.wav
4536,0xCD,ダーナ,MUSIC/GR3_STR.STZ,0x22CA0800,40960,2837,24000,1,PSX/PS2 ADPCM,battle,,,PROVEN,GR3.IDX stream_key=0x22F; GR3_STR.IDX entry=558; sector=0x45941..0x45955,audio/extracted/battle/sample_004536.wav
4538,0xCF,ダーナ,MUSIC/GR3_STR.STZ,0x22CAA800,40960,2837,24000,1,PSX/PS2 ADPCM,battle,,,PROVEN,GR3.IDX stream_key=0x230; GR3_STR.IDX entry=559; sector=0x45955..0x45969,audio/extracted/battle/sample_004538.wav
4540,0xD0,ダーナ,MUSIC/GR3_STR.STZ,0x22CB4800,104448,7467,24000,1,PSX/PS2 ADPCM,battle,,,PROVEN,GR3.IDX stream_key=0x231; GR3_STR.IDX entry=560; sector=0x45969..0x4599C,audio/extracted/battle/sample_004540.wav
4542,0x03;0x06;0x0C;0x17;0x22;0x24;0x94;0x95;0x96;0x98;0x99;0x9F,ヘクト,MUSIC/GR3_STR.STZ,0x22CCE000,40960,2837,24000,1,PSX/PS2 ADPCM,battle,,,PROVEN,GR3.IDX stream_key=0x232; GR3_STR.IDX entry=561; sector=0x4599C..0x459B0,audio/extracted/battle/sample_004542.wav
4544,0x82;0x83;0x84;0x85;0x86;0x87;0x88;0x89;0x8A;0x8B;0x8C;0x8D;0x8E;0x8F;0x90;0x91;0x92;0x93;0x9E;0xA2;0xA3,ヘクト,MUSIC/GR3_STR.STZ,0x22CD8000,40960,2837,24000,1,PSX/PS2 ADPCM,battle,,,PROVEN,GR3.IDX stream_key=0x233; GR3_STR.IDX entry=562; sector=0x459B0..0x459C4,audio/extracted/battle/sample_004544.wav
4546,0xC8,ヘクト,MUSIC/GR3_STR.STZ,0x22CE2000,47104,3285,24000,1,PSX/PS2 ADPCM,battle,,,PROVEN,GR3.IDX stream_key=0x234; GR3_STR.IDX entry=563; sector=0x459C4..0x459DB,audio/extracted/battle/sample_004546.wav
4548,0x1A;0x1B;0x1C;0x65;0x66;0x67;0x68;0x69;0x6A;0x6B;0x6C;0x6D;0x6E;0x6F;0x70;0x71;0x72;0x73;0x74;0x75;0x76;0x77;0x7C;0x7D;0x7E;0x7F;0x80;0x81;0xA0;0xA1,ヘクト,MUSIC/GR3_STR.STZ,0x22CED800,40960,2837,24000,1,PSX/PS2 ADPCM,battle,,,PROVEN,GR3.IDX stream_key=0x235; GR3_STR.IDX entry=564; sector=0x459DB..0x459EF,audio/extracted/battle/sample_004548.wav
4550,0x71;0x72;0x73;0x74;0x75;0x76;0x77;0x7C;0x7D;0x7E;0x7F;0x80;0x81;0x82;0x83;0x84;0x85;0x86;0x87;0x88;0x9A;0x9B;0x9C;0x9D,ヘクト,MUSIC/GR3_STR.STZ,0x22CF7800,40960,2837,24000,1,PSX/PS2 ADPCM,battle,,,PROVEN,GR3.IDX stream_key=0x236; GR3_STR.IDX entry=565; sector=0x459EF..0x45A03,audio/extracted/battle/sample_004550.wav
4552,0x78;0x79;0x7A;0x7B,ヘクト,MUSIC/GR3_STR.STZ,0x22D01800,40960,2837,24000,1,PSX/PS2 ADPCM,battle,,,PROVEN,GR3.IDX stream_key=0x237; GR3_STR.IDX entry=566; sector=0x45A03..0x45A17,audio/extracted/battle/sample_004552.wav
4554,0x01,ヘクト,MUSIC/GR3_STR.STZ,0x22D0B800,65536,4629,24000,1,PSX/PS2 ADPCM,battle,,,PROVEN,GR3.IDX stream_key=0x238; GR3_STR.IDX entry=567; sector=0x45A17..0x45A37,audio/extracted/battle/sample_004554.wav
4556,0x02,ヘクト,MUSIC/GR3_STR.STZ,0x22D1B800,63488,4480,24000,1,PSX/PS2 ADPCM,battle,,,PROVEN,GR3.IDX stream_key=0x239; GR3_STR.IDX entry=568; sector=0x45A37..0x45A56,audio/extracted/battle/sample_004556.wav
4558,0x05,ヘクト,MUSIC/GR3_STR.STZ,0x22D2B000,67584,4779,24000,1,PSX/PS2 ADPCM,battle,,,PROVEN,GR3.IDX stream_key=0x23A; GR3_STR.IDX entry=569; sector=0x45A56..0x45A77,audio/extracted/battle/sample_004558.wav
4560,0x03,ヘクト,MUSIC/GR3_STR.STZ,0x22D3B800,86016,6123,24000,1,PSX/PS2 ADPCM,battle,,,PROVEN,GR3.IDX stream_key=0x23B; GR3_STR.IDX entry=570; sector=0x45A77..0x45AA1,audio/extracted/battle/sample_004560.wav
4562,0x06,ヘクト,MUSIC/GR3_STR.STZ,0x22D50800,88064,6272,24000,1,PSX/PS2 ADPCM,battle,,,PROVEN,GR3.IDX stream_key=0x23C; GR3_STR.IDX entry=571; sector=0x45AA1..0x45ACC,audio/extracted/battle/sample_004562.wav
4564,0x07,ヘクト,MUSIC/GR3_STR.STZ,0x22D66000,88064,6272,24000,1,PSX/PS2 ADPCM,battle,,,PROVEN,GR3.IDX stream_key=0x23D; GR3_STR.IDX entry=572; sector=0x45ACC..0x45AF7,audio/extracted/battle/sample_004564.wav
4566,0x04,ヘクト,MUSIC/GR3_STR.STZ,0x22D7B800,90112,6421,24000,1,PSX/PS2 ADPCM,battle,,,PROVEN,GR3.IDX stream_key=0x23E; GR3_STR.IDX entry=573; sector=0x45AF7..0x45B23,audio/extracted/battle/sample_004566.wav
4568,0x09,ヘクト,MUSIC/GR3_STR.STZ,0x22D91800,94208,6720,24000,1,PSX/PS2 ADPCM,battle,,,PROVEN,GR3.IDX stream_key=0x23F; GR3_STR.IDX entry=574; sector=0x45B23..0x45B51,audio/extracted/battle/sample_004568.wav
4570,0x08,ヘクト,MUSIC/GR3_STR.STZ,0x22DA8800,73728,5227,24000,1,PSX/PS2 ADPCM,battle,,,PROVEN,GR3.IDX stream_key=0x240; GR3_STR.IDX entry=575; sector=0x45B51..0x45B75,audio/extracted/battle/sample_004570.wav
4572,0x0B,ヘクト,MUSIC/GR3_STR.STZ,0x22DBA800,67584,4779,24000,1,PSX/PS2 ADPCM,battle,,,PROVEN,GR3.IDX stream_key=0x241; GR3_STR.IDX entry=576; sector=0x45B75..0x45B96,audio/extracted/battle/sample_004572.wav
4574,0x0C,ヘクト,MUSIC/GR3_STR.STZ,0x22DCB000,75776,5376,24000,1,PSX/PS2 ADPCM,battle,,,PROVEN,GR3.IDX stream_key=0x242; GR3_STR.IDX entry=577; sector=0x45B96..0x45BBB,audio/extracted/battle/sample_004574.wav
4576,0x0D,ヘクト,MUSIC/GR3_STR.STZ,0x22DDD800,92160,6571,24000,1,PSX/PS2 ADPCM,battle,,,PROVEN,GR3.IDX stream_key=0x243; GR3_STR.IDX entry=578; sector=0x45BBB..0x45BE8,audio/extracted/battle/sample_004576.wav
4578,0x0F,ヘクト,MUSIC/GR3_STR.STZ,0x22DF4000,71680,5077,24000,1,PSX/PS2 ADPCM,battle,,,PROVEN,GR3.IDX stream_key=0x244; GR3_STR.IDX entry=579; sector=0x45BE8..0x45C0B,audio/extracted/battle/sample_004578.wav
4580,0x16,ヘクト,MUSIC/GR3_STR.STZ,0x22E05800,63488,4480,24000,1,PSX/PS2 ADPCM,battle,,,PROVEN,GR3.IDX stream_key=0x245; GR3_STR.IDX entry=580; sector=0x45C0B..0x45C2A,audio/extracted/battle/sample_004580.wav
4582,0x17,ヘクト,MUSIC/GR3_STR.STZ,0x22E15000,79872,5675,24000,1,PSX/PS2 ADPCM,battle,,,PROVEN,GR3.IDX stream_key=0x246; GR3_STR.IDX entry=581; sector=0x45C2A..0x45C51,audio/extracted/battle/sample_004582.wav
4584,0x18,ヘクト,MUSIC/GR3_STR.STZ,0x22E28800,79872,5675,24000,1,PSX/PS2 ADPCM,battle,,,PROVEN,GR3.IDX stream_key=0x247; GR3_STR.IDX entry=582; sector=0x45C51..0x45C78,audio/extracted/battle/sample_004584.wav
4586,0x19,ヘクト,MUSIC/GR3_STR.STZ,0x22E3C000,61440,4331,24000,1,PSX/PS2 ADPCM,battle,,,PROVEN,GR3.IDX stream_key=0x248; GR3_STR.IDX entry=583; sector=0x45C78..0x45C96,audio/extracted/battle/sample_004586.wav
4588,0x20,ヘクト,MUSIC/GR3_STR.STZ,0x22E4B000,65536,4629,24000,1,PSX/PS2 ADPCM,battle,,,PROVEN,GR3.IDX stream_key=0x249; GR3_STR.IDX entry=584; sector=0x45C96..0x45CB6,audio/extracted/battle/sample_004588.wav
4590,0x21,ヘクト,MUSIC/GR3_STR.STZ,0x22E5B000,81920,5824,24000,1,PSX/PS2 ADPCM,battle,,,PROVEN,GR3.IDX stream_key=0x24A; GR3_STR.IDX entry=585; sector=0x45CB6..0x45CDE,audio/extracted/battle/sample_004590.wav
4592,0x23,ヘクト,MUSIC/GR3_STR.STZ,0x22E6F000,73728,5227,24000,1,PSX/PS2 ADPCM,battle,,,PROVEN,GR3.IDX stream_key=0x24B; GR3_STR.IDX entry=586; sector=0x45CDE..0x45D02,audio/extracted/battle/sample_004592.wav
4594,0x22,ヘクト,MUSIC/GR3_STR.STZ,0x22E81000,86016,6123,24000,1,PSX/PS2 ADPCM,battle,,,PROVEN,GR3.IDX stream_key=0x24C; GR3_STR.IDX entry=587; sector=0x45D02..0x45D2C,audio/extracted/battle/sample_004594.wav
4596,0x24,ヘクト,MUSIC/GR3_STR.STZ,0x22E96000,86016,6123,24000,1,PSX/PS2 ADPCM,battle,,,PROVEN,GR3.IDX stream_key=0x24D; GR3_STR.IDX entry=588; sector=0x45D2C..0x45D56,audio/extracted/battle/sample_004596.wav
4598,0x25,ヘクト,MUSIC/GR3_STR.STZ,0x22EAB000,88064,6272,24000,1,PSX/PS2 ADPCM,battle,,,PROVEN,GR3.IDX stream_key=0x24E; GR3_STR.IDX entry=589; sector=0x45D56..0x45D81,audio/extracted/battle/sample_004598.wav
4600,0x26,ヘクト,MUSIC/GR3_STR.STZ,0x22EC0800,96256,6869,24000,1,PSX/PS2 ADPCM,battle,,,PROVEN,GR3.IDX stream_key=0x24F; GR3_STR.IDX entry=590; sector=0x45D81..0x45DB0,audio/extracted/battle/sample_004600.wav
4602,0x01;0x02;0x05;0x0B;0x16;0x20;0x21;0x23,ヘクト,MUSIC/GR3_STR.STZ,0x22ED8000,40960,2837,24000,1,PSX/PS2 ADPCM,battle,,,PROVEN,GR3.IDX stream_key=0x250; GR3_STR.IDX entry=591; sector=0x45DB0..0x45DC4,audio/extracted/battle/sample_004602.wav
4604,0x1A;0x1B;0x1C,ヘクト,MUSIC/GR3_STR.STZ,0x22EE2000,40960,2837,24000,1,PSX/PS2 ADPCM,battle,,,PROVEN,GR3.IDX stream_key=0x251; GR3_STR.IDX entry=592; sector=0x45DC4..0x45DD8,audio/extracted/battle/sample_004604.wav
4606,0xD3;0xD4;0xD5,ヘクト,MUSIC/GR3_STR.STZ,0x22EEC000,40960,2837,24000,1,PSX/PS2 ADPCM,battle,,,PROVEN,GR3.IDX stream_key=0x252; GR3_STR.IDX entry=593; sector=0x45DD8..0x45DEC,audio/extracted/battle/sample_004606.wav
4608,0x10;0x11,ヘクト,MUSIC/GR3_STR.STZ,0x22EF6000,61440,4331,24000,1,PSX/PS2 ADPCM,battle,,,PROVEN,GR3.IDX stream_key=0x253; GR3_STR.IDX entry=594; sector=0x45DEC..0x45E0A,audio/extracted/battle/sample_004608.wav
4610,0xD1;0xD2,ヘクト,MUSIC/GR3_STR.STZ,0x22F05000,65536,4629,24000,1,PSX/PS2 ADPCM,battle,,,PROVEN,GR3.IDX stream_key=0x254; GR3_STR.IDX entry=595; sector=0x45E0A..0x45E2A,audio/extracted/battle/sample_004610.wav
4612,0x1D;0x1E;0xA1,ヘクト,MUSIC/GR3_STR.STZ,0x22F15000,53248,3733,24000,1,PSX/PS2 ADPCM,battle,,,PROVEN,GR3.IDX stream_key=0x255; GR3_STR.IDX entry=596; sector=0x45E2A..0x45E44,audio/extracted/battle/sample_004612.wav
4614,0x29,ヘクト,MUSIC/GR3_STR.STZ,0x22F22000,40960,2837,24000,1,PSX/PS2 ADPCM,battle,,,PROVEN,GR3.IDX stream_key=0x256; GR3_STR.IDX entry=597; sector=0x45E44..0x45E58,audio/extracted/battle/sample_004614.wav
4616,0x28,ヘクト,MUSIC/GR3_STR.STZ,0x22F2C000,57344,4032,24000,1,PSX/PS2 ADPCM,battle,,,PROVEN,GR3.IDX stream_key=0x257; GR3_STR.IDX entry=598; sector=0x45E58..0x45E74,audio/extracted/battle/sample_004616.wav
4618,0x1F,ヘクト,MUSIC/GR3_STR.STZ,0x22F3A000,63488,4480,24000,1,PSX/PS2 ADPCM,battle,,,PROVEN,GR3.IDX stream_key=0x258; GR3_STR.IDX entry=599; sector=0x45E74..0x45E93,audio/extracted/battle/sample_004618.wav
4620,0x0E,ヘクト,MUSIC/GR3_STR.STZ,0x22F49800,55296,3883,24000,1,PSX/PS2 ADPCM,battle,,,PROVEN,GR3.IDX stream_key=0x259; GR3_STR.IDX entry=600; sector=0x45E93..0x45EAE,audio/extracted/battle/sample_004620.wav
4622,0x15,ヘクト,MUSIC/GR3_STR.STZ,0x22F57000,40960,2837,24000,1,PSX/PS2 ADPCM,battle,,,PROVEN,GR3.IDX stream_key=0x25A; GR3_STR.IDX entry=601; sector=0x45EAE..0x45EC2,audio/extracted/battle/sample_004622.wav
4624,0x2A,ヘクト,MUSIC/GR3_STR.STZ,0x22F61000,57344,4032,24000,1,PSX/PS2 ADPCM,battle,,,PROVEN,GR3.IDX stream_key=0x25B; GR3_STR.IDX entry=602; sector=0x45EC2..0x45EDE,audio/extracted/battle/sample_004624.wav
4626,0x14,ヘクト,MUSIC/GR3_STR.STZ,0x22F6F000,53248,3733,24000,1,PSX/PS2 ADPCM,battle,,,PROVEN,GR3.IDX stream_key=0x25C; GR3_STR.IDX entry=603; sector=0x45EDE..0x45EF8,audio/extracted/battle/sample_004626.wav
4628,0x0A,ヘクト,MUSIC/GR3_STR.STZ,0x22F7C000,63488,4480,24000,1,PSX/PS2 ADPCM,battle,,,PROVEN,GR3.IDX stream_key=0x25D; GR3_STR.IDX entry=604; sector=0x45EF8..0x45F17,audio/extracted/battle/sample_004628.wav
4630,0x27,ヘクト,MUSIC/GR3_STR.STZ,0x22F8B800,63488,4480,24000,1,PSX/PS2 ADPCM,battle,,,PROVEN,GR3.IDX stream_key=0x25E; GR3_STR.IDX entry=605; sector=0x45F17..0x45F36,audio/extracted/battle/sample_004630.wav
4632,0x13,ヘクト,MUSIC/GR3_STR.STZ,0x22F9B000,59392,4181,24000,1,PSX/PS2 ADPCM,battle,,,PROVEN,GR3.IDX stream_key=0x25F; GR3_STR.IDX entry=606; sector=0x45F36..0x45F53,audio/extracted/battle/sample_004632.wav
4634,0x12,ヘクト,MUSIC/GR3_STR.STZ,0x22FA9800,77824,5525,24000,1,PSX/PS2 ADPCM,battle,,,PROVEN,GR3.IDX stream_key=0x260; GR3_STR.IDX entry=607; sector=0x45F53..0x45F79,audio/extracted/battle/sample_004634.wav
4636,0xC9,ヘクト,MUSIC/GR3_STR.STZ,0x22FBC800,43008,2987,24000,1,PSX/PS2 ADPCM,battle,,,PROVEN,GR3.IDX stream_key=0x261; GR3_STR.IDX entry=608; sector=0x45F79..0x45F8E,audio/extracted/battle/sample_004636.wav
4638,0xCA,ヘクト,MUSIC/GR3_STR.STZ,0x22FC7000,40960,2837,24000,1,PSX/PS2 ADPCM,battle,,,PROVEN,GR3.IDX stream_key=0x262; GR3_STR.IDX entry=609; sector=0x45F8E..0x45FA2,audio/extracted/battle/sample_004638.wav
4640,0xCB,ヘクト,MUSIC/GR3_STR.STZ,0x22FD1000,51200,3584,24000,1,PSX/PS2 ADPCM,battle,,,PROVEN,GR3.IDX stream_key=0x263; GR3_STR.IDX entry=610; sector=0x45FA2..0x45FBB,audio/extracted/battle/sample_004640.wav
4642,0xCC,ヘクト,MUSIC/GR3_STR.STZ,0x22FDD800,40960,2837,24000,1,PSX/PS2 ADPCM,battle,,,PROVEN,GR3.IDX stream_key=0x264; GR3_STR.IDX entry=611; sector=0x45FBB..0x45FCF,audio/extracted/battle/sample_004642.wav
4644,0xCD,ヘクト,MUSIC/GR3_STR.STZ,0x22FE7800,40960,2837,24000,1,PSX/PS2 ADPCM,battle,,,PROVEN,GR3.IDX stream_key=0x265; GR3_STR.IDX entry=612; sector=0x45FCF..0x45FE3,audio/extracted/battle/sample_004644.wav
4646,0xCF,ヘクト,MUSIC/GR3_STR.STZ,0x22FF1800,40960,2837,24000,1,PSX/PS2 ADPCM,battle,,,PROVEN,GR3.IDX stream_key=0x266; GR3_STR.IDX entry=613; sector=0x45FE3..0x45FF7,audio/extracted/battle/sample_004646.wav
4648,0xD0,ヘクト,MUSIC/GR3_STR.STZ,0x22FFB800,176128,12693,24000,1,PSX/PS2 ADPCM,battle,,,PROVEN,GR3.IDX stream_key=0x267; GR3_STR.IDX entry=614; sector=0x45FF7..0x4604D,audio/extracted/battle/sample_004648.wav
4800,0x3D,actor_class_7,MUSIC/GR3_STR.STZ,0x23026800,40960,2837,24000,1,PSX/PS2 ADPCM,battle,,,PROVEN,GR3.IDX stream_key=0x268; GR3_STR.IDX entry=615; sector=0x4604D..0x46061,audio/extracted/battle/sample_004800.wav
4806,0x12,actor_class_7,MUSIC/GR3_STR.STZ,0x23051800,51200,3584,24000,1,PSX/PS2 ADPCM,battle,,,PROVEN,GR3.IDX stream_key=0x26B; GR3_STR.IDX entry=618; sector=0x460A3..0x460BC,audio/extracted/battle/sample_004806.wav
4810,0x0B,actor_class_7,MUSIC/GR3_STR.STZ,0x23071000,63488,4480,24000,1,PSX/PS2 ADPCM,battle,,,PROVEN,GR3.IDX stream_key=0x26D; GR3_STR.IDX entry=620; sector=0x460E2..0x46101,audio/extracted/battle/sample_004810.wav
4812,0x0A,actor_class_7,MUSIC/GR3_STR.STZ,0x23080800,47104,3285,24000,1,PSX/PS2 ADPCM,battle,,,PROVEN,GR3.IDX stream_key=0x26E; GR3_STR.IDX entry=621; sector=0x46101..0x46118,audio/extracted/battle/sample_004812.wav
4816,0xCE,actor_class_7,MUSIC/GR3_STR.STZ,0x23096000,77824,5525,24000,1,PSX/PS2 ADPCM,battle,,,PROVEN,GR3.IDX stream_key=0x270; GR3_STR.IDX entry=623; sector=0x4612C..0x46152,audio/extracted/battle/sample_004816.wav
4818,0xD0,actor_class_7,MUSIC/GR3_STR.STZ,0x230A9000,122880,8811,24000,1,PSX/PS2 ADPCM,battle,,,PROVEN,GR3.IDX stream_key=0x271; GR3_STR.IDX entry=624; sector=0x46152..0x4618E,audio/extracted/battle/sample_004818.wav
4820,0x02;0x03;0x04,actor_class_8,MUSIC/GR3_STR.STZ,0x230C7000,40960,2837,24000,1,PSX/PS2 ADPCM,battle,,,PROVEN,GR3.IDX stream_key=0x272; GR3_STR.IDX entry=625; sector=0x4618E..0x461A2,audio/extracted/battle/sample_004820.wav
4822,0x21;0x22,actor_class_8,MUSIC/GR3_STR.STZ,0x230D1000,40960,2837,24000,1,PSX/PS2 ADPCM,battle,,,PROVEN,GR3.IDX stream_key=0x273; GR3_STR.IDX entry=626; sector=0x461A2..0x461B6,audio/extracted/battle/sample_004822.wav
4826,0x32,actor_class_8,MUSIC/GR3_STR.STZ,0x230E6800,43008,2987,24000,1,PSX/PS2 ADPCM,battle,,,PROVEN,GR3.IDX stream_key=0x275; GR3_STR.IDX entry=628; sector=0x461CD..0x461E2,audio/extracted/battle/sample_004826.wav
4832,0x27;0x3B,actor_class_8,MUSIC/GR3_STR.STZ,0x23105800,40960,2837,24000,1,PSX/PS2 ADPCM,battle,,,PROVEN,GR3.IDX stream_key=0x278; GR3_STR.IDX entry=631; sector=0x4620B..0x4621F,audio/extracted/battle/sample_004832.wav
4834,0x2A,actor_class_8,MUSIC/GR3_STR.STZ,0x2310F800,40960,2837,24000,1,PSX/PS2 ADPCM,battle,,,PROVEN,GR3.IDX stream_key=0x279; GR3_STR.IDX entry=632; sector=0x4621F..0x46233,audio/extracted/battle/sample_004834.wav
4836,0xCE,actor_class_8,MUSIC/GR3_STR.STZ,0x23119800,43008,2987,24000,1,PSX/PS2 ADPCM,battle,,,PROVEN,GR3.IDX stream_key=0x27A; GR3_STR.IDX entry=633; sector=0x46233..0x46248,audio/extracted/battle/sample_004836.wav
4838,0xD0,actor_class_8,MUSIC/GR3_STR.STZ,0x23124000,251904,18219,24000,1,PSX/PS2 ADPCM,battle,,,PROVEN,GR3.IDX stream_key=0x27B; GR3_STR.IDX entry=634; sector=0x46248..0x462C3,audio/extracted/battle/sample_004838.wav
4840,0x0E;0x16;0x18,actor_class_9,MUSIC/GR3_STR.STZ,0x23161800,40960,2837,24000,1,PSX/PS2 ADPCM,battle,,,PROVEN,GR3.IDX stream_key=0x27C; GR3_STR.IDX entry=635; sector=0x462C3..0x462D7,audio/extracted/battle/sample_004840.wav
4842,0x17;0x28;0x29,actor_class_9,MUSIC/GR3_STR.STZ,0x2316B800,40960,2837,24000,1,PSX/PS2 ADPCM,battle,,,PROVEN,GR3.IDX stream_key=0x27D; GR3_STR.IDX entry=636; sector=0x462D7..0x462EB,audio/extracted/battle/sample_004842.wav
4844,0x33,actor_class_9,MUSIC/GR3_STR.STZ,0x23175800,40960,2837,24000,1,PSX/PS2 ADPCM,battle,,,PROVEN,GR3.IDX stream_key=0x27E; GR3_STR.IDX entry=637; sector=0x462EB..0x462FF,audio/extracted/battle/sample_004844.wav
4846,0x28;0x29,actor_class_9,MUSIC/GR3_STR.STZ,0x2317F800,59392,4181,24000,1,PSX/PS2 ADPCM,battle,,,PROVEN,GR3.IDX stream_key=0x27F; GR3_STR.IDX entry=638; sector=0x462FF..0x4631C,audio/extracted/battle/sample_004846.wav
4848,0x16;0x17;0x18,actor_class_9,MUSIC/GR3_STR.STZ,0x2318E000,40960,2837,24000,1,PSX/PS2 ADPCM,battle,,,PROVEN,GR3.IDX stream_key=0x280; GR3_STR.IDX entry=639; sector=0x4631C..0x46330,audio/extracted/battle/sample_004848.wav
4850,0x2B;0x2C,actor_class_9,MUSIC/GR3_STR.STZ,0x23198000,40960,2837,24000,1,PSX/PS2 ADPCM,battle,,,PROVEN,GR3.IDX stream_key=0x281; GR3_STR.IDX entry=640; sector=0x46330..0x46344,audio/extracted/battle/sample_004850.wav
4852,0x39,actor_class_9,MUSIC/GR3_STR.STZ,0x231A2000,65536,4629,24000,1,PSX/PS2 ADPCM,battle,,,PROVEN,GR3.IDX stream_key=0x282; GR3_STR.IDX entry=641; sector=0x46344..0x46364,audio/extracted/battle/sample_004852.wav
4854,0x0E;0x34;0x35,actor_class_9,MUSIC/GR3_STR.STZ,0x231B2000,53248,3733,24000,1,PSX/PS2 ADPCM,battle,,,PROVEN,GR3.IDX stream_key=0x283; GR3_STR.IDX entry=642; sector=0x46364..0x4637E,audio/extracted/battle/sample_004854.wav
4856,0xCE,actor_class_9,MUSIC/GR3_STR.STZ,0x231BF000,102400,7317,24000,1,PSX/PS2 ADPCM,battle,,,PROVEN,GR3.IDX stream_key=0x284; GR3_STR.IDX entry=643; sector=0x4637E..0x463B0,audio/extracted/battle/sample_004856.wav
4858,0xD0,actor_class_9,MUSIC/GR3_STR.STZ,0x231D8000,155648,11200,24000,1,PSX/PS2 ADPCM,battle,,,PROVEN,GR3.IDX stream_key=0x285; GR3_STR.IDX entry=644; sector=0x463B0..0x463FC,audio/extracted/battle/sample_004858.wav
4862,0x2B;0x2D,actor_class_10,MUSIC/GR3_STR.STZ,0x23208000,51200,3584,24000,1,PSX/PS2 ADPCM,battle,,,PROVEN,GR3.IDX stream_key=0x287; GR3_STR.IDX entry=646; sector=0x46410..0x46429,audio/extracted/battle/sample_004862.wav
4866,0x30;0x32,actor_class_10,MUSIC/GR3_STR.STZ,0x23223800,40960,2837,24000,1,PSX/PS2 ADPCM,battle,,,PROVEN,GR3.IDX stream_key=0x289; GR3_STR.IDX entry=648; sector=0x46447..0x4645B,audio/extracted/battle/sample_004866.wav
4870,0x2B;0x2D,actor_class_10,MUSIC/GR3_STR.STZ,0x2323B800,65536,4629,24000,1,PSX/PS2 ADPCM,battle,,,PROVEN,GR3.IDX stream_key=0x28B; GR3_STR.IDX entry=650; sector=0x46477..0x46497,audio/extracted/battle/sample_004870.wav
4872,0x0A;0x13;0x14;0x27,actor_class_10,MUSIC/GR3_STR.STZ,0x2324B800,43008,2987,24000,1,PSX/PS2 ADPCM,battle,,,PROVEN,GR3.IDX stream_key=0x28C; GR3_STR.IDX entry=651; sector=0x46497..0x464AC,audio/extracted/battle/sample_004872.wav
4876,0xCE,actor_class_10,MUSIC/GR3_STR.STZ,0x2326B000,190464,13739,24000,1,PSX/PS2 ADPCM,battle,,,PROVEN,GR3.IDX stream_key=0x28E; GR3_STR.IDX entry=653; sector=0x464D6..0x46533,audio/extracted/battle/sample_004876.wav
4878,0xD0,actor_class_10,MUSIC/GR3_STR.STZ,0x23299800,389120,28224,24000,1,PSX/PS2 ADPCM,battle,,,PROVEN,GR3.IDX stream_key=0x28F; GR3_STR.IDX entry=654; sector=0x46533..0x465F1,audio/extracted/battle/sample_004878.wav
4880,0x1C;0x33,actor_class_11,MUSIC/GR3_STR.STZ,0x232F8800,143360,10304,24000,1,PSX/PS2 ADPCM,battle,,,PROVEN,GR3.IDX stream_key=0x290; GR3_STR.IDX entry=655; sector=0x465F1..0x46637,audio/extracted/battle/sample_004880.wav
4882,0x37,actor_class_11,MUSIC/GR3_STR.STZ,0x2331B800,139264,10890,22050,1,PSX/PS2 ADPCM,battle,,,PROVEN,GR3.IDX stream_key=0x291; GR3_STR.IDX entry=656; sector=0x46637..0x4667B,audio/extracted/battle/sample_004882.wav
4884,0x38,actor_class_11,MUSIC/GR3_STR.STZ,0x2333D800,108544,7765,24000,1,PSX/PS2 ADPCM,battle,,,PROVEN,GR3.IDX stream_key=0x292; GR3_STR.IDX entry=657; sector=0x4667B..0x466B0,audio/extracted/battle/sample_004884.wav
4886,0x1C;0x33,actor_class_11,MUSIC/GR3_STR.STZ,0x23358000,73728,5227,24000,1,PSX/PS2 ADPCM,battle,,,PROVEN,GR3.IDX stream_key=0x293; GR3_STR.IDX entry=658; sector=0x466B0..0x466D4,audio/extracted/battle/sample_004886.wav
4888,0x37,actor_class_11,MUSIC/GR3_STR.STZ,0x2336A000,73728,5227,24000,1,PSX/PS2 ADPCM,battle,,,PROVEN,GR3.IDX stream_key=0x294; GR3_STR.IDX entry=659; sector=0x466D4..0x466F8,audio/extracted/battle/sample_004888.wav
4890,0x38,actor_class_11,MUSIC/GR3_STR.STZ,0x2337C000,102400,7317,24000,1,PSX/PS2 ADPCM,battle,,,PROVEN,GR3.IDX stream_key=0x295; GR3_STR.IDX entry=660; sector=0x466F8..0x4672A,audio/extracted/battle/sample_004890.wav
4892,0xCE,actor_class_11,MUSIC/GR3_STR.STZ,0x23395000,370688,26880,24000,1,PSX/PS2 ADPCM,battle,,,PROVEN,GR3.IDX stream_key=0x296; GR3_STR.IDX entry=661; sector=0x4672A..0x467DF,audio/extracted/battle/sample_004892.wav
4894,0xD0,actor_class_11,MUSIC/GR3_STR.STZ,0x233EF800,233472,18367,22050,1,PSX/PS2 ADPCM,battle,,,PROVEN,GR3.IDX stream_key=0x297; GR3_STR.IDX entry=662; sector=0x467DF..0x46851,audio/extracted/battle/sample_004894.wav
4896,0xCF,actor_class_8,MUSIC/GR3_STR.STZ,0x23428800,40960,2837,24000,1,PSX/PS2 ADPCM,battle,,,PROVEN,GR3.IDX stream_key=0x298; GR3_STR.IDX entry=663; sector=0x46851..0x46865,audio/extracted/battle/sample_004896.wav
4986,0xCE,ユウキ,MUSIC/GR3_STR.STZ,0x23432800,40960,3088,22050,1,PSX/PS2 ADPCM,battle,,,PROVEN,GR3.IDX stream_key=0x299; GR3_STR.IDX entry=664; sector=0x46865..0x46879,audio/extracted/battle/sample_004986.wav
4988,0xCE,アルフィナ,MUSIC/GR3_STR.STZ,0x2343C800,40960,3088,22050,1,PSX/PS2 ADPCM,battle,,,PROVEN,GR3.IDX stream_key=0x29A; GR3_STR.IDX entry=665; sector=0x46879..0x4688D,audio/extracted/battle/sample_004988.wav
4990,0xCE,ミランダ,MUSIC/GR3_STR.STZ,0x23446800,40960,3088,22050,1,PSX/PS2 ADPCM,battle,,,PROVEN,GR3.IDX stream_key=0x29B; GR3_STR.IDX entry=666; sector=0x4688D..0x468A1,audio/extracted/battle/sample_004990.wav
4992,0xCE,アルオンソ,MUSIC/GR3_STR.STZ,0x23450800,40960,3088,22050,1,PSX/PS2 ADPCM,battle,,,PROVEN,GR3.IDX stream_key=0x29C; GR3_STR.IDX entry=667; sector=0x468A1..0x468B5,audio/extracted/battle/sample_004992.wav
4994,0xCE,ウル,MUSIC/GR3_STR.STZ,0x2345A800,40960,2837,24000,1,PSX/PS2 ADPCM,battle,,,PROVEN,GR3.IDX stream_key=0x29D; GR3_STR.IDX entry=668; sector=0x468B5..0x468C9,audio/extracted/battle/sample_004994.wav
4996,0xCE,ダーナ,MUSIC/GR3_STR.STZ,0x23464800,40960,2837,24000,1,PSX/PS2 ADPCM,battle,,,PROVEN,GR3.IDX stream_key=0x29E; GR3_STR.IDX entry=669; sector=0x468C9..0x468DD,audio/extracted/battle/sample_004996.wav
4998,0xCE,ヘクト,MUSIC/GR3_STR.STZ,0x2346E800,40960,2837,24000,1,PSX/PS2 ADPCM,battle,,,PROVEN,GR3.IDX stream_key=0x29F; GR3_STR.IDX entry=670; sector=0x468DD..0x468F1,audio/extracted/battle/sample_004998.wav
