resource_path,disc1_lsn,disc2_lsn,disc1_size,disc2_size,disc1_sha256,disc2_sha256,byte_identical
DATA/00000100.MDZ,0x1982EB,0x186543,141,141,e7a0af2bfa60de10e895baadd201e54f161a37c7f8a77f2be46a0a20a48d0f4e,e7a0af2bfa60de10e895baadd201e54f161a37c7f8a77f2be46a0a20a48d0f4e,1
DATA/00000101.MDZ,0x1982EC,0x186544,141,141,c15a1296f2d8a688938e0491c3ae217900ac9b29b866117d4a3b6a5a35eb4897,c15a1296f2d8a688938e0491c3ae217900ac9b29b866117d4a3b6a5a35eb4897,1
DATA/00000200.MDZ,0x1982ED,0x186545,583420,583420,144aa52e310db848dbb3534deb8f41b579058210426c3ea4b9ea384e389d373a,144aa52e310db848dbb3534deb8f41b579058210426c3ea4b9ea384e389d373a,1
DATA/00000201.MDZ,0x19840A,0x186662,649044,649044,97108d6441d7b5700e7b0a9df85bd990859f27950be1dd05a389220e52f01da4,97108d6441d7b5700e7b0a9df85bd990859f27950be1dd05a389220e52f01da4,1
DATA/00008000.MDZ,0x198547,0x18679F,264939,264939,c0d39ad94037e01406bf4a851c8e9759441640e3325940e12e1b97211ecdfae5,c0d39ad94037e01406bf4a851c8e9759441640e3325940e12e1b97211ecdfae5,1
DATA/00030000.MDZ,0x1985C9,0x186821,5835158,5835158,443fd785c73ca93b061d9e1537debf2f0df1522255c2008bcf7031ab26a5d3a3,443fd785c73ca93b061d9e1537debf2f0df1522255c2008bcf7031ab26a5d3a3,1
DATA/00030100.MDZ,0x1990EB,0x187343,1766163,1766163,404651c04211b5551f07235d7ad3423392b0a83ba34ff456c035168f0d1f2910,404651c04211b5551f07235d7ad3423392b0a83ba34ff456c035168f0d1f2910,1
DATA/00030200.MDZ,0x19944A,0x1876A2,1809071,1809071,e85617d361da7c34fb13894c316dc189d8a680e736a7da4bae683b9e11233467,e85617d361da7c34fb13894c316dc189d8a680e736a7da4bae683b9e11233467,1
DATA/00030300.MDZ,0x1997BE,0x187A16,1172007,1172007,4ce9ecb8122ca2c14441fc5177cf03cafba1bb29c6ce8c730b7150914ca0062b,4ce9ecb8122ca2c14441fc5177cf03cafba1bb29c6ce8c730b7150914ca0062b,1
DATA/00030400.MDZ,0x1999FB,0x187C53,743574,743574,7fcbf892f1475c93868225a33b402a77134a7f22cd0a2061c877181e1769f741,7fcbf892f1475c93868225a33b402a77134a7f22cd0a2061c877181e1769f741,1
DATA/00030500.MDZ,0x199B67,0x187DBF,1762242,1762242,7c4a9870cefe0dee4528116c80f0384790e03b7081ef62b45f3244f1f9aa9ab0,7c4a9870cefe0dee4528116c80f0384790e03b7081ef62b45f3244f1f9aa9ab0,1
DATA/00030600.MDZ,0x199EC4,0x18811C,1645389,1645389,3700ce467dde827542783e9238553f65fc79c8658c598705408e540cc5661da2,3700ce467dde827542783e9238553f65fc79c8658c598705408e540cc5661da2,1
DATA/00030800.MDZ,0x19A1E8,0x188440,1603108,1603108,7da8f0e6d386ab83326f27f30bc92c50e33aea7f89761cda0be61346621368da,7da8f0e6d386ab83326f27f30bc92c50e33aea7f89761cda0be61346621368da,1
DATA/00030900.MDZ,0x19A4F7,0x18874F,1203849,1203849,929be4bbaf0657e61dded25ad84c25519ef2e42435b1a97af1517a30733b2127,929be4bbaf0657e61dded25ad84c25519ef2e42435b1a97af1517a30733b2127,1
DATA/00031100.MDZ,0x19A743,0x18899B,1303509,1303509,2b0baf8515fb5c2fa7afb6288997a7e118d95fa35ee67f7cfc6f41b00c46e4f2,2b0baf8515fb5c2fa7afb6288997a7e118d95fa35ee67f7cfc6f41b00c46e4f2,1
DATA/00031200.MDZ,0x19A9C0,0x188C18,1166431,1166431,46bd047cdbe7dedc8a3ba5b55d8d198305fd87c8c25ee4d17c069febc73b9cea,46bd047cdbe7dedc8a3ba5b55d8d198305fd87c8c25ee4d17c069febc73b9cea,1
DATA/00031300.MDZ,0x19ABFA,0x188E52,1252815,1252815,512e8ac68f87959e3d3355eb9f13a41e6e6c5286b27ef86895f36fbba3caf145,512e8ac68f87959e3d3355eb9f13a41e6e6c5286b27ef86895f36fbba3caf145,1
DATA/00037700.MDZ,0x19AE5E,0x1890B6,4392000,4392000,49feb97fb0ee8e249af04845c3080b1e6060e0161acbdfd116b873f2b655df1c,49feb97fb0ee8e249af04845c3080b1e6060e0161acbdfd116b873f2b655df1c,1
DATA/00060000.MDZ,0x19B6BF,0x189917,1925127,1925127,4f5b5b45f9384ed0d958d25f0176fc28bdb1d871949b8a85cf5293a632f9c68b,4f5b5b45f9384ed0d958d25f0176fc28bdb1d871949b8a85cf5293a632f9c68b,1
DATA/00061000.MDZ,0x19BA6C,0x189CC4,2968858,2968858,76357f325394f407f17cc9f948ed1cd9e3bad5d7b007da7dfd16db6bcd367693,76357f325394f407f17cc9f948ed1cd9e3bad5d7b007da7dfd16db6bcd367693,1
DATA/00061100.MDZ,0x19C016,0x18A26E,1722647,1722647,2fa77c896713fc9f098323e4857b6deb97224e9907ee3af954f0f8ed74ba97d1,2fa77c896713fc9f098323e4857b6deb97224e9907ee3af954f0f8ed74ba97d1,1
DATA/00061300.MDZ,0x19C360,0x18A5B8,2671904,2671904,695712483cbfcd8deca5014c2371c5ed68531e5d843a9a67129ddd1635b12daa,695712483cbfcd8deca5014c2371c5ed68531e5d843a9a67129ddd1635b12daa,1
DATA/00067700.MDZ,0x19C879,0x18AAD1,830430,830430,bb49d1d287968f3f29ac3b66f4bd5593ba7923aa94ba6647fd4f70d27f39a5d3,bb49d1d287968f3f29ac3b66f4bd5593ba7923aa94ba6647fd4f70d27f39a5d3,1
DATA/00067800.MDZ,0x19CA0F,0x18AC67,1003092,1003092,164dfb6d36fe761a0bc2207dbaa4094c6919591d5af9d958b1fbbbe6670068dc,164dfb6d36fe761a0bc2207dbaa4094c6919591d5af9d958b1fbbbe6670068dc,1
DATA/00090000.MDZ,0x19CBF9,0x18AE51,1739831,1739831,dc32293cde8d9880a21c31b45a94300bddf28a23363603cd8e9af541ef91d72d,dc32293cde8d9880a21c31b45a94300bddf28a23363603cd8e9af541ef91d72d,1
DATA/00090100.MDZ,0x19CF4B,0x18B1A3,2817182,2817182,a3272643ea5bc2ed916b4e358a9d63a5d2aa8656ada027a65fb8e7090ed014f0,a3272643ea5bc2ed916b4e358a9d63a5d2aa8656ada027a65fb8e7090ed014f0,1
DATA/00120000.MDZ,0x19D4AB,0x18B703,3470125,3470125,b0d644cb693c4002b734a99c92857ff1c3d408ec5ac6db18e8e8d02b92c8d86f,b0d644cb693c4002b734a99c92857ff1c3d408ec5ac6db18e8e8d02b92c8d86f,1
DATA/00120100.MDZ,0x19DB4A,0x18BDA2,1830654,1830654,0ac7df348044f94d5680a51b66d33a0d557ed9ceb281c10a324d659978d08a78,0ac7df348044f94d5680a51b66d33a0d557ed9ceb281c10a324d659978d08a78,1
DATA/00120200.MDZ,0x19DEC8,0x18C120,1592548,1592548,518b4c902993af369937444b28a05ac294bb6b99ffda06436b232f2164617572,518b4c902993af369937444b28a05ac294bb6b99ffda06436b232f2164617572,1
DATA/00150100.MDZ,0x19E1D2,0x18C42A,2305607,2305607,ff924e0b31ac8b1f07de8ea07cf831bfb370466340b1d5b6c02ebf2771fe3b2c,ff924e0b31ac8b1f07de8ea07cf831bfb370466340b1d5b6c02ebf2771fe3b2c,1
DATA/00150200.MDZ,0x19E638,0x18C890,1466400,1466400,d151afa8d24e9fa2fd8eebc6a6572b59a56a3d22216c92f67d8bcef7de680feb,d151afa8d24e9fa2fd8eebc6a6572b59a56a3d22216c92f67d8bcef7de680feb,1
DATA/00151000.MDZ,0x19E905,0x18CB5D,1570877,1570877,3cd97ce6051adac5ef040b14ccc88ff63349da34bf77a20d0f3c316ccdb37998,3cd97ce6051adac5ef040b14ccc88ff63349da34bf77a20d0f3c316ccdb37998,1
DATA/00151100.MDZ,0x19EC05,0x18CE5D,751252,751252,d09c7fea7b4d49987894fb39f3af0b5ce614f1e255337786cb8052069a9dd753,d09c7fea7b4d49987894fb39f3af0b5ce614f1e255337786cb8052069a9dd753,1
DATA/00151200.MDZ,0x19ED74,0x18CFCC,635459,635459,12a2c22488bd4d3367fa5fa4d9c8f3e1f917af3d57bb1d9da7803b86d479582b,12a2c22488bd4d3367fa5fa4d9c8f3e1f917af3d57bb1d9da7803b86d479582b,1
DATA/00157700.MDZ,0x19EEAB,0x18D103,1607944,1607944,7860a0271f028c7d937d39cd1fc5d4ad54480d94761c73c918aa258508361008,7860a0271f028c7d937d39cd1fc5d4ad54480d94761c73c918aa258508361008,1
DATA/00157800.MDZ,0x19F1BD,0x18D415,1607949,1607949,cdd42d44d05657d02a6011abb2bdce5422252be65736dfdca43e297fb2c171d3,cdd42d44d05657d02a6011abb2bdce5422252be65736dfdca43e297fb2c171d3,1
DATA/00180100.MDZ,0x19F4CF,0x18D727,1601630,1601630,f83f42276693ce897baeb6e09480ff4939f2afae19ee996bcf48fd93c7934c1f,f83f42276693ce897baeb6e09480ff4939f2afae19ee996bcf48fd93c7934c1f,1
DATA/00180200.MDZ,0x19F7DE,0x18DA36,2023772,2023772,6141988667b52eedf68cf256118374ef35ce66a6f6205d6bfb05bb72088dd385,6141988667b52eedf68cf256118374ef35ce66a6f6205d6bfb05bb72088dd385,1
DATA/00180400.MDZ,0x19FBBB,0x18DE13,3034214,3034214,f6585f72fdd4361ba534313810d6f65d80e2dd698ab9bd6928795431a7b14a83,f6585f72fdd4361ba534313810d6f65d80e2dd698ab9bd6928795431a7b14a83,1
DATA/00180500.MDZ,0x1A0185,0x18E3DD,1842725,1842725,f79a2b3f9ca22d2108af65e24bd505823ff9e4fb33bb53ab5d7db9bb44572970,f79a2b3f9ca22d2108af65e24bd505823ff9e4fb33bb53ab5d7db9bb44572970,1
DATA/00180600.MDZ,0x1A0509,0x18E761,410049,410049,b6ea785dc782d856019136594894ed5d9c9e0160aa86d548ec7370381c06e6d3,b6ea785dc782d856019136594894ed5d9c9e0160aa86d548ec7370381c06e6d3,1
DATA/00180700.MDZ,0x1A05D2,0x18E82A,2104134,2104134,ce3eb80907e779fb0b14907bc26e7c5618b292f7ede258e2c081dc79a28f67aa,ce3eb80907e779fb0b14907bc26e7c5618b292f7ede258e2c081dc79a28f67aa,1
DATA/00180800.MDZ,0x1A09D6,0x18EC2E,1969007,1969007,a7206ebc41c648544306f1b0d4fafe8bb6b4342820cc3bf89f466662950c3685,a7206ebc41c648544306f1b0d4fafe8bb6b4342820cc3bf89f466662950c3685,1
DATA/00181000.MDZ,0x1A0D98,0x18EFF0,2024771,2024771,e048e4997d5037e9e298db22284048345eeb1c0ba6eac6e77c5c93aef0e46599,e048e4997d5037e9e298db22284048345eeb1c0ba6eac6e77c5c93aef0e46599,1
DATA/00187700.MDZ,0x1A1175,0x18F3CD,577325,577325,0da1355aad7790b71f04e2fc5014a85d92647624b8bf42e3e8880526f1705149,0da1355aad7790b71f04e2fc5014a85d92647624b8bf42e3e8880526f1705149,1
DATA/00211000.MDZ,0x1A128F,0x18F4E7,4264506,4264506,c9f6a95b3638d64b4e9cd51328e5224033a8d02593ac1731105625cef1aa9243,c9f6a95b3638d64b4e9cd51328e5224033a8d02593ac1731105625cef1aa9243,1
DATA/00212000.MDZ,0x1A1AB2,0x18FD0A,3138937,3138937,8da09563bca5ffc04d6ec6da2541b2af5cc4a397a952466484ff2d7fa0554584,8da09563bca5ffc04d6ec6da2541b2af5cc4a397a952466484ff2d7fa0554584,1
DATA/00212100.MDZ,0x1A20AF,0x190307,1547248,1547248,ea56d4fdf2ab855063662ae67c153f7d97313f0edd6a1c96dfedd1382a4ddd77,ea56d4fdf2ab855063662ae67c153f7d97313f0edd6a1c96dfedd1382a4ddd77,1
DATA/00212200.MDZ,0x1A23A3,0x1905FB,1330999,1330999,5860e87c039e853627a58cb321ace6d6fe36e2be10dd065c07c7af59bfd4e35a,5860e87c039e853627a58cb321ace6d6fe36e2be10dd065c07c7af59bfd4e35a,1
DATA/00213100.MDZ,0x1A262D,0x190885,1517460,1517460,aa677195d59edf008e0fe8efced0f845002781b0e4350e476e1283e91b036cea,aa677195d59edf008e0fe8efced0f845002781b0e4350e476e1283e91b036cea,1
DATA/00214000.MDZ,0x1A2912,0x190B6A,4246275,4246275,197d4f8d1418f44a8c088c9eee27df126bd6c0c3d1c20e8795e9e32a75173d41,197d4f8d1418f44a8c088c9eee27df126bd6c0c3d1c20e8795e9e32a75173d41,1
DATA/00214100.MDZ,0x1A312C,0x191384,1872299,1872299,e79f48e27752a353ab97c9771c481ae2ef71349b6e085e63f726e18049fd908f,e79f48e27752a353ab97c9771c481ae2ef71349b6e085e63f726e18049fd908f,1
DATA/00214200.MDZ,0x1A34BF,0x191717,1340279,1340279,febafa3c7f2a18b2e7004c5638d9baa651365c6a5160d955a9aab2ef145262ce,febafa3c7f2a18b2e7004c5638d9baa651365c6a5160d955a9aab2ef145262ce,1
DATA/00214300.MDZ,0x1A374E,0x1919A6,1485637,1485637,1dc597cf23a0ba9e14fac78f7349276da2818023d3e2f81f088c4f6acd989a03,1dc597cf23a0ba9e14fac78f7349276da2818023d3e2f81f088c4f6acd989a03,1
DATA/00215100.MDZ,0x1A3A24,0x191C7C,1483925,1483925,5f875c82364608c337127618f4ccaf55e5ebbfb1c784e6b830887c90692adaa9,5f875c82364608c337127618f4ccaf55e5ebbfb1c784e6b830887c90692adaa9,1
DATA/00215200.MDZ,0x1A3CF9,0x191F51,1601757,1601757,61da78e859151bf4fd333e7de77e199bc03f49ae472e4bb76f6cf595a4de1e5b,61da78e859151bf4fd333e7de77e199bc03f49ae472e4bb76f6cf595a4de1e5b,1
DATA/00216000.MDZ,0x1A4008,0x192260,3054730,3054730,fb13066f5b01687dde202e0cb2c832fc2043196e17a3b61654e3373d4c0b63c2,fb13066f5b01687dde202e0cb2c832fc2043196e17a3b61654e3373d4c0b63c2,1
DATA/00216100.MDZ,0x1A45DC,0x192834,2698111,2698111,2ae2869c5e8275403b4a09591ebd2bfe24be1c1296b99a865735fd718f63da80,2ae2869c5e8275403b4a09591ebd2bfe24be1c1296b99a865735fd718f63da80,1
DATA/00217000.MDZ,0x1A4B02,0x192D5A,2503265,2503265,7e6d880e6dc98a7efdef285c3d2cb7003c296ec8c9c88b4b3b819d78e7101534,7e6d880e6dc98a7efdef285c3d2cb7003c296ec8c9c88b4b3b819d78e7101534,1
DATA/00240100.MDZ,0x1A4FC9,0x193221,2609215,2609215,d82e616bb0271646558d94e9df73dcbea025d5d9f29aab8cb6c5ff7fd98a6a20,d82e616bb0271646558d94e9df73dcbea025d5d9f29aab8cb6c5ff7fd98a6a20,1
DATA/00240200.MDZ,0x1A54C4,0x19371C,1775686,1775686,14b69b2a85f592cb6dcd4ffbd53021a56f3db71013227b1adf8aec4d5afec8be,14b69b2a85f592cb6dcd4ffbd53021a56f3db71013227b1adf8aec4d5afec8be,1
DATA/00240300.MDZ,0x1A5828,0x193A80,1335643,1335643,11ceeecc56981718ebedd42a1fb67f36f039a1b8ac9861d5c057753487a0c0e7,11ceeecc56981718ebedd42a1fb67f36f039a1b8ac9861d5c057753487a0c0e7,1
DATA/00240400.MDZ,0x1A5AB5,0x193D0D,1550301,1550301,097d33d1be6a4bb5971d9b88a371c375eff04844ee8892b1b56a99a0d7d3c690,097d33d1be6a4bb5971d9b88a371c375eff04844ee8892b1b56a99a0d7d3c690,1
DATA/00241000.MDZ,0x1A5DAA,0x194002,2573729,2573729,7fa755f0cd554bcf50d00c3d1bb0f74a55721f5bc4186dc498b4b050b7e6dbbf,7fa755f0cd554bcf50d00c3d1bb0f74a55721f5bc4186dc498b4b050b7e6dbbf,1
DATA/00241100.MDZ,0x1A6293,0x1944EB,2140167,2140167,804a4c39308d04ca9f8ab01ce6d80523090932dd264f580624ed5129c65b2e8e,804a4c39308d04ca9f8ab01ce6d80523090932dd264f580624ed5129c65b2e8e,1
DATA/00241200.MDZ,0x1A66A9,0x194901,2488065,2488065,131cca4e71fc90975131412141be8509ce6662200a0be07251dfa71af3981bc4,131cca4e71fc90975131412141be8509ce6662200a0be07251dfa71af3981bc4,1
DATA/00241300.MDZ,0x1A6B68,0x194DC0,1856039,1856039,645352b7b21eaf6dfddf1b29246f81544f31efbdff611a506b1ebe51a4468fd0,645352b7b21eaf6dfddf1b29246f81544f31efbdff611a506b1ebe51a4468fd0,1
DATA/00241400.MDZ,0x1A6EF3,0x19514B,1854417,1854417,15491a26d2f202112a71c50f92d4a858724738aa2fda80ceb16b31dfe36fd199,15491a26d2f202112a71c50f92d4a858724738aa2fda80ceb16b31dfe36fd199,1
DATA/00241500.MDZ,0x1A727D,0x1954D5,1936585,1936585,8c1c360973890e0ff7ae4168661875a740ebadc8ad5f2db3d57aa7be35bf4152,8c1c360973890e0ff7ae4168661875a740ebadc8ad5f2db3d57aa7be35bf4152,1
DATA/00241600.MDZ,0x1A762F,0x195887,2291671,2291671,c0354b0dcad73c610ffb02e56dbdcff2f79f8ef91c23f2bd81fa59e5beecae76,c0354b0dcad73c610ffb02e56dbdcff2f79f8ef91c23f2bd81fa59e5beecae76,1
DATA/00241700.MDZ,0x1A7A8E,0x195CE6,2888461,2888461,c1f4a2bbfe8c0e0b56e701541e33bf922212c1a8b0d5d9042f74b4a638865b62,c1f4a2bbfe8c0e0b56e701541e33bf922212c1a8b0d5d9042f74b4a638865b62,1
DATA/00241800.MDZ,0x1A8011,0x196269,2743272,2743272,4acb717c0bf0fee79b3e76987c39a66e76eddb08c82444b81feb6d1260c87f10,4acb717c0bf0fee79b3e76987c39a66e76eddb08c82444b81feb6d1260c87f10,1
DATA/00241900.MDZ,0x1A854D,0x1967A5,2952665,2952665,f8162a240d6987c175c6d26ae2cc2fc45e32819b2f09be3c527c5e8d9e30d9d9,f8162a240d6987c175c6d26ae2cc2fc45e32819b2f09be3c527c5e8d9e30d9d9,1
DATA/00242000.MDZ,0x1A8AEF,0x196D47,2641173,2641173,5a535a86c960fa1abceb5ec74ad0ae0aac39ad5d8c611f9a086f8fab32e5e18b,5a535a86c960fa1abceb5ec74ad0ae0aac39ad5d8c611f9a086f8fab32e5e18b,1
DATA/00242300.MDZ,0x1A8FF9,0x197251,1574207,1574207,6890de141b9a5098c61c2ff3aa4ad45bc1c434042716979298a3e9843693d304,6890de141b9a5098c61c2ff3aa4ad45bc1c434042716979298a3e9843693d304,1
DATA/00243100.MDZ,0x1A92FA,0x197552,2040248,2040248,442809a8d049e08969c2704adf2b18731f30b2c1939e93a9d92721946f50fb0d,442809a8d049e08969c2704adf2b18731f30b2c1939e93a9d92721946f50fb0d,1
DATA/00243200.MDZ,0x1A96DF,0x197937,2759474,2759474,58854e13462612a4181c17ac85dd548f84d71f1ff7f40927a710161fb910c629,58854e13462612a4181c17ac85dd548f84d71f1ff7f40927a710161fb910c629,1
DATA/00243300.MDZ,0x1A9C23,0x197E7B,2753531,2753531,ab0ff6d0673ea7b5dcdea85aba240e2d7b319d97bceb47ebca88009aeced1675,ab0ff6d0673ea7b5dcdea85aba240e2d7b319d97bceb47ebca88009aeced1675,1
DATA/00243400.MDZ,0x1AA164,0x1983BC,2084501,2084501,c19d83b71efb3689ab8eecc26d936d4ac6de16461754ad350ee233c6bab4b164,c19d83b71efb3689ab8eecc26d936d4ac6de16461754ad350ee233c6bab4b164,1
DATA/00243500.MDZ,0x1AA55E,0x1987B6,3264951,3264951,661d6cf78ef82f1bc6891307c7bcdc1c7346ec33092f9839961dd52d5cd1973c,661d6cf78ef82f1bc6891307c7bcdc1c7346ec33092f9839961dd52d5cd1973c,1
DATA/00243600.MDZ,0x1AAB99,0x198DF1,2562802,2562802,c95c33605da0d5640b4451c6f3d6abece1d2550a9f79d6128c9f44fcc2369651,c95c33605da0d5640b4451c6f3d6abece1d2550a9f79d6128c9f44fcc2369651,1
DATA/00247700.MDZ,0x1AB07D,0x1992D5,2510608,2510608,dd38fce99d370821e273919444648f4b849a72a995bed1eac57890e5eda3cff3,dd38fce99d370821e273919444648f4b849a72a995bed1eac57890e5eda3cff3,1
DATA/00270100.MDZ,0x1AB547,0x19979F,2876374,2876374,27b9e154912dc889013b4ca82de9687e58d6b2f4f6dc9cb0b2c9afa3ee4bac53,27b9e154912dc889013b4ca82de9687e58d6b2f4f6dc9cb0b2c9afa3ee4bac53,1
DATA/00270200.MDZ,0x1ABAC4,0x199D1C,2715761,2715761,fa3a86d4d27748a86bef5932c9acc3bc7a72fa29f9fd4264ef9ea3222554a61e,fa3a86d4d27748a86bef5932c9acc3bc7a72fa29f9fd4264ef9ea3222554a61e,1
DATA/00270300.MDZ,0x1ABFF3,0x19A24B,3037833,3037833,c9ef0b390d803539b868d67f06dbd0b020d6ddc0ab4ab0dc5f295c78d4b2bf8f,c9ef0b390d803539b868d67f06dbd0b020d6ddc0ab4ab0dc5f295c78d4b2bf8f,1
DATA/00270400.MDZ,0x1AC5BF,0x19A817,2881754,2881754,941056d2cd3ed8875abd2b0f0fe02fbe471f12be43ba28b3d93338edfc0c68d5,941056d2cd3ed8875abd2b0f0fe02fbe471f12be43ba28b3d93338edfc0c68d5,1
DATA/00330100.MDZ,0x1ACB3F,0x19AD97,3227393,3227393,2aeba6203a5ee00a41b216cd819738b07d575ae317098b026cd3b13c0ec3b6c4,2aeba6203a5ee00a41b216cd819738b07d575ae317098b026cd3b13c0ec3b6c4,1
DATA/00330200.MDZ,0x1AD167,0x19B3BF,4193987,4193987,9b2e57c032e84d1b2f13b96bf1fb6cd95d252350f49ccd62316d91e7a4ecf344,9b2e57c032e84d1b2f13b96bf1fb6cd95d252350f49ccd62316d91e7a4ecf344,1
DATA/00330300.MDZ,0x1AD967,0x19BBBF,1486871,1486871,47bda4094cea8d263006714ab883079527d2ffe133c4e95b67ffdd7ad88ad094,47bda4094cea8d263006714ab883079527d2ffe133c4e95b67ffdd7ad88ad094,1
DATA/00330400.MDZ,0x1ADC3E,0x19BE96,2274734,2274734,e7dec99750cf221d031df58e4ee65db0c74dcc12ed794c1bd3419e435d548e45,e7dec99750cf221d031df58e4ee65db0c74dcc12ed794c1bd3419e435d548e45,1
DATA/00360000.MDZ,0x1AE095,0x19C2ED,3590343,3590343,cc1bfb71f9d4ea999518da6de17f48ec84868f9425fa802124a0ae2af8bb8e72,cc1bfb71f9d4ea999518da6de17f48ec84868f9425fa802124a0ae2af8bb8e72,1
DATA/00360100.MDZ,0x1AE76F,0x19C9C7,1458800,1458800,044aacc216f598f4c7f5510c0f2174f46f848c97609e697175b8d065e63e69fd,044aacc216f598f4c7f5510c0f2174f46f848c97609e697175b8d065e63e69fd,1
DATA/00360200.MDZ,0x1AEA38,0x19CC90,1317311,1317311,468e24da35f3ab5cd613b63694fc97e7a596d7356d5fd23977d5dc469deef63e,468e24da35f3ab5cd613b63694fc97e7a596d7356d5fd23977d5dc469deef63e,1
DATA/00360300.MDZ,0x1AECBC,0x19CF14,2008216,2008216,57f31d42dc93eb1b10a0c476e8e1c364991a953c9237c8e9cec2c580d50510e2,57f31d42dc93eb1b10a0c476e8e1c364991a953c9237c8e9cec2c580d50510e2,1
DATA/00360400.MDZ,0x1AF091,0x19D2E9,1593952,1593952,8438ebda7a6a07ff6496f25ff72c53d067d5fb86b8f90ad7d91a7094133eb9ee,8438ebda7a6a07ff6496f25ff72c53d067d5fb86b8f90ad7d91a7094133eb9ee,1
DATA/00360500.MDZ,0x1AF39C,0x19D5F4,1250521,1250521,f99a4bc74344dd3f28ac22d5e531adb19489a948177c14e2dfe0abc24cac5ab1,f99a4bc74344dd3f28ac22d5e531adb19489a948177c14e2dfe0abc24cac5ab1,1
DATA/00360600.MDZ,0x1AF5FF,0x19D857,1575090,1575090,2c10c301eddfc2ef17e12a2892cf58a723419db821c30b37a6fcb7ae6381428b,2c10c301eddfc2ef17e12a2892cf58a723419db821c30b37a6fcb7ae6381428b,1
DATA/00360700.MDZ,0x1AF901,0x19DB59,1531025,1531025,182ea2b251c2597880fe1aaa982ad68b648b0e49c567f6d2867767509ae53244,182ea2b251c2597880fe1aaa982ad68b648b0e49c567f6d2867767509ae53244,1
DATA/00360800.MDZ,0x1AFBED,0x19DE45,2029127,2029127,2f90b7e140b31c40a1f4576802fb01d44967ac144c6b954afe4858337f9a3fd9,2f90b7e140b31c40a1f4576802fb01d44967ac144c6b954afe4858337f9a3fd9,1
DATA/00361000.MDZ,0x1AFFCC,0x19E224,1816247,1816247,992acc1301b27f2c46ec750eb972b9f61c059d7b25c74ec544c3bf3bba8866be,992acc1301b27f2c46ec750eb972b9f61c059d7b25c74ec544c3bf3bba8866be,1
DATA/00361100.MDZ,0x1B0343,0x19E59B,1662989,1662989,167818ae2000ceeecfff669b6bd0138c93762c741d005692d110c0456b546629,167818ae2000ceeecfff669b6bd0138c93762c741d005692d110c0456b546629,1
DATA/00361200.MDZ,0x1B0670,0x19E8C8,1464160,1464160,b6920d7505b775a52bd975f4d3bea6e79c7cc03bfbe4739674363f2835626e03,b6920d7505b775a52bd975f4d3bea6e79c7cc03bfbe4739674363f2835626e03,1
DATA/00361300.MDZ,0x1B093B,0x19EB93,2775582,2775582,1df0906d981e3cc8693891c5932342527201246150c373f9f8f01c87fb44d497,1df0906d981e3cc8693891c5932342527201246150c373f9f8f01c87fb44d497,1
DATA/00361400.MDZ,0x1B0E87,0x19F0DF,1824292,1824292,bc4c1f56b4d9dcee086b27fdda9a3a06c7f6b935638d56916850bcf297a6e9aa,bc4c1f56b4d9dcee086b27fdda9a3a06c7f6b935638d56916850bcf297a6e9aa,1
DATA/00362100.MDZ,0x1B1202,0x19F45A,4173235,4173235,a78af768e7ea19f68ec5d47caf4ac160e7f9b82b99ec0d7c37ffd5a34b061213,a78af768e7ea19f68ec5d47caf4ac160e7f9b82b99ec0d7c37ffd5a34b061213,1
DATA/00362400.MDZ,0x1B19F8,0x19FC50,1538698,1538698,4583f61a6d4ee9e0e6120dbdca1928fc04985e1b74e2a0283d1450fbc1d3750c,4583f61a6d4ee9e0e6120dbdca1928fc04985e1b74e2a0283d1450fbc1d3750c,1
DATA/00390000.MDZ,0x1B1CE8,0x19FF40,3742532,3742532,0e164eae5b25f5de7a033a94cba98638503ed25f457137f9851c7a6d8424ab71,0e164eae5b25f5de7a033a94cba98638503ed25f457137f9851c7a6d8424ab71,1
DATA/00390200.MDZ,0x1B240C,0x1A0664,4186328,4186328,13a79be3438349b34e6c4fe0e51570b2122631256eed6a39abcb1220a99bd2f5,13a79be3438349b34e6c4fe0e51570b2122631256eed6a39abcb1220a99bd2f5,1
DATA/00390300.MDZ,0x1B2C09,0x1A0E61,3098479,3098479,b46bb8e415ec43432543404808d0498d3ff749d3f5f23ae29028018a2da8a50f,b46bb8e415ec43432543404808d0498d3ff749d3f5f23ae29028018a2da8a50f,1
DATA/00390500.MDZ,0x1B31F2,0x1A144A,4082759,4082759,0fd09c9a307dcf34bdee743a443a95f9e26bee9944edccbef8179bd6cda2db57,0fd09c9a307dcf34bdee743a443a95f9e26bee9944edccbef8179bd6cda2db57,1
DATA/00397700.MDZ,0x1B39BC,0x1A1C14,2727486,2727486,53f8104134b46b0f3a014e13097167bf749aa55ae5932f3c2a6e918487aa77fe,53f8104134b46b0f3a014e13097167bf749aa55ae5932f3c2a6e918487aa77fe,1
DATA/00420000.MDZ,0x1B3EF0,0x1A2148,1719859,1719859,7fe07314317b71142491c0ad9066a69251406c4c27c9433261b33728936dfd7c,7fe07314317b71142491c0ad9066a69251406c4c27c9433261b33728936dfd7c,1
DATA/00420100.MDZ,0x1B4238,0x1A2490,3518839,3518839,1553976d92cd207184c9c2f173db3f131737c1429d18f32f43cc6c2185aeb4b4,1553976d92cd207184c9c2f173db3f131737c1429d18f32f43cc6c2185aeb4b4,1
DATA/00420200.MDZ,0x1B48EF,0x1A2B47,3492007,3492007,3810750c28c1661a72a18852fddba62c31e9cb00f1a6b36e77f428ede3657b64,3810750c28c1661a72a18852fddba62c31e9cb00f1a6b36e77f428ede3657b64,1
DATA/00420300.MDZ,0x1B4F99,0x1A31F1,2969162,2969162,02952e710ab6b86c7ecb33ca51ba1127122495e534595629a7e5f9b5a38c5e0a,02952e710ab6b86c7ecb33ca51ba1127122495e534595629a7e5f9b5a38c5e0a,1
DATA/00420400.MDZ,0x1B5543,0x1A379B,5507521,5507521,40669d695ff4e74727cc3c4d66657b3d72116a2e35bcfcd1c326c8f42468840e,40669d695ff4e74727cc3c4d66657b3d72116a2e35bcfcd1c326c8f42468840e,1
DATA/00420500.MDZ,0x1B5FC5,0x1A421D,3059406,3059406,ca35c34ce7dfcb8808a46a9756f77fedac9796e1bb49d570ab4ccdbe38563e63,ca35c34ce7dfcb8808a46a9756f77fedac9796e1bb49d570ab4ccdbe38563e63,1
DATA/00450000.MDZ,0x1B659B,0x1A47F3,4116985,4116985,d6d5659532549eba692daa7baf6f9cf630eefda4a46938bc4b91ae20df98526f,d6d5659532549eba692daa7baf6f9cf630eefda4a46938bc4b91ae20df98526f,1
DATA/00450200.MDZ,0x1B6D76,0x1A4FCE,2014179,2014179,634b6be6b40c68d491a012e0d5b7412c3f4b81c0f61506af8f5ed79b54870bdc,634b6be6b40c68d491a012e0d5b7412c3f4b81c0f61506af8f5ed79b54870bdc,1
DATA/00450300.MDZ,0x1B714E,0x1A53A6,1773936,1773936,7d78ee3f503857082cc4c2f14162878401c4b694ac61be72d0f7d320912cd150,7d78ee3f503857082cc4c2f14162878401c4b694ac61be72d0f7d320912cd150,1
DATA/00450400.MDZ,0x1B74B1,0x1A5709,1915025,1915025,4e3b970ae95b23f6db2f8756032988c338f9a5b35c8af406f5e9c993bf9a3380,4e3b970ae95b23f6db2f8756032988c338f9a5b35c8af406f5e9c993bf9a3380,1
DATA/00450500.MDZ,0x1B7859,0x1A5AB1,1746427,1746427,b256064fe8bf16ba1800a5e8a37d482c59b799389bcf45af46b840c4d8982c59,b256064fe8bf16ba1800a5e8a37d482c59b799389bcf45af46b840c4d8982c59,1
DATA/00450600.MDZ,0x1B7BAE,0x1A5E06,1374027,1374027,5ea8252e383e4d0299e4a788c66ae96331940879c639eb685569ed8e69513d92,5ea8252e383e4d0299e4a788c66ae96331940879c639eb685569ed8e69513d92,1
DATA/00450700.MDZ,0x1B7E4D,0x1A60A5,1230923,1230923,7a3e2d799de326ad8a621e091322d46f9d2ad445eea4811d2e4d536b925b720e,7a3e2d799de326ad8a621e091322d46f9d2ad445eea4811d2e4d536b925b720e,1
DATA/00450800.MDZ,0x1B80A7,0x1A62FF,1793722,1793722,5ddde629c75bfe2a6f5aa953a8493eabce06154bff80a1a7a4e5c9a97e36ccd8,5ddde629c75bfe2a6f5aa953a8493eabce06154bff80a1a7a4e5c9a97e36ccd8,1
DATA/00450900.MDZ,0x1B8413,0x1A666B,1988887,1988887,018542ed8af3ac8a976f43d2fb46a3e837b1e0b812f2420d29734ce90f83ba97,018542ed8af3ac8a976f43d2fb46a3e837b1e0b812f2420d29734ce90f83ba97,1
DATA/00480000.MDZ,0x1B87DF,0x1A6A37,2029616,2029616,66d06d960cc7dcc317e3cfeeffa9d6e7decf428eaad489aba5f6a53235f619b0,66d06d960cc7dcc317e3cfeeffa9d6e7decf428eaad489aba5f6a53235f619b0,1
DATA/00480200.MDZ,0x1B8BBF,0x1A6E17,3407871,3407871,92801b4bce78730d8153df1ab0600841a647516c3ccceccbe25a5ef451387bfa,92801b4bce78730d8153df1ab0600841a647516c3ccceccbe25a5ef451387bfa,1
DATA/00480300.MDZ,0x1B923F,0x1A7497,2204348,2204348,eab1c939f2b53d830bb20b25cd6bb7478076f915ecf01fd38350c8ee27717c7e,eab1c939f2b53d830bb20b25cd6bb7478076f915ecf01fd38350c8ee27717c7e,1
DATA/00510000.MDZ,0x1B9674,0x1A78CC,1463879,1463879,dc975720318ead1006cb9eae93f3636b8d71a51258ef2bc23af97a88a5d0fd95,dc975720318ead1006cb9eae93f3636b8d71a51258ef2bc23af97a88a5d0fd95,1
DATA/00510100.MDZ,0x1B993F,0x1A7B97,2002634,2002634,62d6662363eb5a7182bf4612a0f984a4e520e02279e38b7ab73077504f5c67b6,62d6662363eb5a7182bf4612a0f984a4e520e02279e38b7ab73077504f5c67b6,1
DATA/00510200.MDZ,0x1B9D11,0x1A7F69,2885420,2885420,1b6bc3b5af19d109c64bd8366eed3577492502315b937f654ef958ca540f7a94,1b6bc3b5af19d109c64bd8366eed3577492502315b937f654ef958ca540f7a94,1
DATA/00510300.MDZ,0x1BA292,0x1A84EA,3152093,3152093,912cb951fa21caf50346e5a2538804b2632cecc8ccba104ed9ba033aa5e2fba3,912cb951fa21caf50346e5a2538804b2632cecc8ccba104ed9ba033aa5e2fba3,1
DATA/00510400.MDZ,0x1BA896,0x1A8AEE,3740149,3740149,aac5a3269c63dd86a511055bb516f1ae4daf54046e142ba20be9e23cfe46e5a3,aac5a3269c63dd86a511055bb516f1ae4daf54046e142ba20be9e23cfe46e5a3,1
DATA/00517700.MDZ,0x1BAFB9,0x1A9211,1648752,1648752,6bbb10bb413047aa5ec80a3952cecd3ee7c41de4eaecadcb2d458a3b7e2e22c4,6bbb10bb413047aa5ec80a3952cecd3ee7c41de4eaecadcb2d458a3b7e2e22c4,1
DATA/00540000.MDZ,0x1BB2DF,0x1A9537,4426707,4426707,13f9909a1ea7287c835992ac589010f4a77dd6fc32ee8705025d04ebc47ff947,13f9909a1ea7287c835992ac589010f4a77dd6fc32ee8705025d04ebc47ff947,1
DATA/00540100.MDZ,0x1BBB51,0x1A9DA9,3164190,3164190,7a36b4a6a1b0c22fcc88a512d8b446780105fab6c2ae5698a9cf5737693d80a5,7a36b4a6a1b0c22fcc88a512d8b446780105fab6c2ae5698a9cf5737693d80a5,1
DATA/00540200.MDZ,0x1BC15B,0x1AA3B3,4670838,4670838,713296c272a08a6bae5214cd18adde087ed7d8b9e83a2f2c9b55a257281134fd,713296c272a08a6bae5214cd18adde087ed7d8b9e83a2f2c9b55a257281134fd,1
DATA/00540300.MDZ,0x1BCA44,0x1AAC9C,3921089,3921089,1e795f8c462e5b49919e11df0db079e95235fb64fcddbe6d0853902e6598b0f2,1e795f8c462e5b49919e11df0db079e95235fb64fcddbe6d0853902e6598b0f2,1
DATA/00540400.MDZ,0x1BD1BF,0x1AB417,2397695,2397695,f0991f566d70ede9b9ec55fc03b5d5db026290705851566168a2459ebfbe2b44,f0991f566d70ede9b9ec55fc03b5d5db026290705851566168a2459ebfbe2b44,1
DATA/00540500.MDZ,0x1BD652,0x1AB8AA,1580396,1580396,ddbf9a8af30e74a30deeb20a73fc347fef96fd432f4c47d8a37149c0a7953c0c,ddbf9a8af30e74a30deeb20a73fc347fef96fd432f4c47d8a37149c0a7953c0c,1
DATA/00540600.MDZ,0x1BD956,0x1ABBAE,2949681,2949681,e0c5aa2bceefde95de3f784af69e4f0cb2ad4ca0dd5263f31a0c9704a5c24e2b,e0c5aa2bceefde95de3f784af69e4f0cb2ad4ca0dd5263f31a0c9704a5c24e2b,1
DATA/00540700.MDZ,0x1BDEF7,0x1AC14F,2643520,2643520,38f789ae2cdf60205f877dfe67f2af38437814cdf3cb03c35a68906104748277,38f789ae2cdf60205f877dfe67f2af38437814cdf3cb03c35a68906104748277,1
DATA/00570000.MDZ,0x1BE402,0x1AC65A,3753723,3753723,597b6b7d7e706d18dc13fe987029294fe177a4303a5595bffe80a4d478efa2ec,597b6b7d7e706d18dc13fe987029294fe177a4303a5595bffe80a4d478efa2ec,1
DATA/00570100.MDZ,0x1BEB2B,0x1ACD83,2566478,2566478,e9280cf7635be6aac165c9339ec985c599244efe80d668bd6c307fc58efc3c62,e9280cf7635be6aac165c9339ec985c599244efe80d668bd6c307fc58efc3c62,1
DATA/00570200.MDZ,0x1BF011,0x1AD269,3711083,3711083,719c855867256ad4e48e5e597b487a0593eb1f7e5949797647762d9f6af146db,719c855867256ad4e48e5e597b487a0593eb1f7e5949797647762d9f6af146db,1
DATA/00570300.MDZ,0x1BF726,0x1AD97E,3620884,3620884,84098706009488dd1cebbf2f292a664011441509ad1e009e57a0bf58ea0844cd,84098706009488dd1cebbf2f292a664011441509ad1e009e57a0bf58ea0844cd,1
DATA/00570500.MDZ,0x1BFE0F,0x1AE067,2608043,2608043,faa4cc3ec4276c2e5c51cf743108d2f3fefc4f8292e1af3a3360981db88643c5,faa4cc3ec4276c2e5c51cf743108d2f3fefc4f8292e1af3a3360981db88643c5,1
DATA/00570600.MDZ,0x1C0309,0x1AE561,2167444,2167444,a2374196026893246728e7a2cdc5298be53852c53fd841eb2ad47a0fc7f9ed38,a2374196026893246728e7a2cdc5298be53852c53fd841eb2ad47a0fc7f9ed38,1
DATA/00570700.MDZ,0x1C072C,0x1AE984,1197155,1197155,87dcf31070c68d2b975e2e3374e6ae71dbb4040c8b91b52c571e39fca413a683,87dcf31070c68d2b975e2e3374e6ae71dbb4040c8b91b52c571e39fca413a683,1
DATA/00600000.MDZ,0x1C0975,0x1AEBCD,2642762,2642762,ae3369e7513bf62871d1aaadf1d7190d88fa99431277c6f1e434a23a8161d112,ae3369e7513bf62871d1aaadf1d7190d88fa99431277c6f1e434a23a8161d112,1
DATA/00600100.MDZ,0x1C0E80,0x1AF0D8,2188206,2188206,117cf199875bb90ff782564665e7cee5ee11b2a9c9beecf4204c45e5bc2cd16f,117cf199875bb90ff782564665e7cee5ee11b2a9c9beecf4204c45e5bc2cd16f,1
DATA/00600200.MDZ,0x1C12AD,0x1AF505,1780088,1780088,94649f6d0ad296fa75ee32ab12aa776431e67842b15541c6d563317bbbba1d71,94649f6d0ad296fa75ee32ab12aa776431e67842b15541c6d563317bbbba1d71,1
DATA/00605000.MDZ,0x1C1613,0x1AF86B,2892142,2892142,92c8231b8d7d8b3dd7be51dfaea0b62b7485a8976a928d2c1f13adf02942f089,92c8231b8d7d8b3dd7be51dfaea0b62b7485a8976a928d2c1f13adf02942f089,1
DATA/00605100.MDZ,0x1C1B98,0x1AFDF0,2192606,2192606,e05cdf76541b606355457fd8a5e6c173b1d4e85a0df67de427fbfc0ae7dfeecf,e05cdf76541b606355457fd8a5e6c173b1d4e85a0df67de427fbfc0ae7dfeecf,1
DATA/00605200.MDZ,0x1C1FC7,0x1B021F,2091311,2091311,4db70756115392f15653e971d031d51964c6882649535015c1153e8bee2a5118,4db70756115392f15653e971d031d51964c6882649535015c1153e8bee2a5118,1
DATA/00630000.MDZ,0x1C23C5,0x1B061D,4001298,4001298,48aaa8631f4665bd0caab926105b7110c0633b099de279fc5822048378bceff4,48aaa8631f4665bd0caab926105b7110c0633b099de279fc5822048378bceff4,1
DATA/00630100.MDZ,0x1C2B67,0x1B0DBF,2612977,2612977,87c79a21bfab9f8e37636bdd9078322061688593792cfd882fc638582d3284ae,87c79a21bfab9f8e37636bdd9078322061688593792cfd882fc638582d3284ae,1
DATA/00630200.MDZ,0x1C3063,0x1B12BB,1331505,1331505,2c761adfefd2844d54e773f5106a110c8b61c46a55a7339344069afde22d1a3c,2c761adfefd2844d54e773f5106a110c8b61c46a55a7339344069afde22d1a3c,1
DATA/00630300.MDZ,0x1C32EE,0x1B1546,1772388,1772388,befc8b7958ebaa7278db972eb90fcdbd7625dc3f7fcb3116823861aa99738180,befc8b7958ebaa7278db972eb90fcdbd7625dc3f7fcb3116823861aa99738180,1
DATA/00630400.MDZ,0x1C3650,0x1B18A8,1523226,1523226,fc6efc90071012684b8cddcca36de3b87bf75700a4de2062e3f3dfd3e157a85d,fc6efc90071012684b8cddcca36de3b87bf75700a4de2062e3f3dfd3e157a85d,1
DATA/00630500.MDZ,0x1C3938,0x1B1B90,2548829,2548829,4799b8a554f81764e71b4b96aa4394ce48e5e17443848fa97c14e43029df5699,4799b8a554f81764e71b4b96aa4394ce48e5e17443848fa97c14e43029df5699,1
DATA/00630600.MDZ,0x1C3E15,0x1B206D,1864855,1864855,b49bdc8ffb34900a0f36a429c7771ccd6c8110166e57751f16308cb2ebafc372,b49bdc8ffb34900a0f36a429c7771ccd6c8110166e57751f16308cb2ebafc372,1
DATA/00630700.MDZ,0x1C41A4,0x1B23FC,2283318,2283318,794a03ef768056d12183947133f5c41dbb757aec2a5381a0e14e9d7f2eb9cdca,794a03ef768056d12183947133f5c41dbb757aec2a5381a0e14e9d7f2eb9cdca,1
DATA/00630800.MDZ,0x1C45FF,0x1B2857,2341318,2341318,a8197cf567098e5a12ecee02b773c6acd0311ad8f089371bb2921d3987f2768d,a8197cf567098e5a12ecee02b773c6acd0311ad8f089371bb2921d3987f2768d,1
DATA/00630900.MDZ,0x1C4A77,0x1B2CCF,2200076,2200076,b22a5a9033e3be23ade5d90af050e12e76f1f3208906a65d10246b34bc73c5e4,b22a5a9033e3be23ade5d90af050e12e76f1f3208906a65d10246b34bc73c5e4,1
DATA/00635000.MDZ,0x1C4EAA,0x1B3102,4730560,4730560,0e467c4adf9b57c1f870073a9fae277d51711533ae14b3e7c00e844231d96012,0e467c4adf9b57c1f870073a9fae277d51711533ae14b3e7c00e844231d96012,1
DATA/00660000.MDZ,0x1C57B0,0x1B3A08,1198383,1198383,f40eadd193af9ed0492789348527c8825f1e33968f50648f01d26e3bec238bfa,f40eadd193af9ed0492789348527c8825f1e33968f50648f01d26e3bec238bfa,1
DATA/00660100.MDZ,0x1C59FA,0x1B3C52,2702770,2702770,297d11b23b1127a407789e50b31f3d48229934b86200bebe0a04da88d1e93107,297d11b23b1127a407789e50b31f3d48229934b86200bebe0a04da88d1e93107,1
DATA/00660200.MDZ,0x1C5F22,0x1B417A,2428887,2428887,6e080ddb6a7efa1789829cad79180376482f47cb29712e760a6e86500ef6a5c0,6e080ddb6a7efa1789829cad79180376482f47cb29712e760a6e86500ef6a5c0,1
DATA/00660300.MDZ,0x1C63C4,0x1B461C,4158044,4158044,9198495863d8c5f9c32fda84baf30d7b29e01f192b2fdfe93cc9a712b904703b,9198495863d8c5f9c32fda84baf30d7b29e01f192b2fdfe93cc9a712b904703b,1
DATA/00660400.MDZ,0x1C6BB3,0x1B4E0B,2963809,2963809,568a131cfcdc2e5bf07c9dc2ab810f94bf6a35e97f0df48a7abeab699e16a152,568a131cfcdc2e5bf07c9dc2ab810f94bf6a35e97f0df48a7abeab699e16a152,1
DATA/00660500.MDZ,0x1C715B,0x1B53B3,2528097,2528097,1811a31a0f3aaaf75a89d7059a3d28c4c7ca19ffab741d0c8867abd5dcfe3ad3,1811a31a0f3aaaf75a89d7059a3d28c4c7ca19ffab741d0c8867abd5dcfe3ad3,1
DATA/00660700.MDZ,0x1C762E,0x1B5886,2215126,2215126,25bb600ae15ca71b126631d4d4961b3790196fc5631d0ce4cc0b58906573fce5,25bb600ae15ca71b126631d4d4961b3790196fc5631d0ce4cc0b58906573fce5,1
DATA/00667700.MDZ,0x1C7A68,0x1B5CC0,2740451,2740451,b5522914e657c98eb5e9eb80c64895f4ab4ee672d5cca9bbeef51e452c0ee420,b5522914e657c98eb5e9eb80c64895f4ab4ee672d5cca9bbeef51e452c0ee420,1
DATA/00667800.MDZ,0x1C7FA3,0x1B61FB,1579326,1579326,e21df27b695c02bc499e68fa12a365521bdd23ab944f62f8b5b3b961167bb194,e21df27b695c02bc499e68fa12a365521bdd23ab944f62f8b5b3b961167bb194,1
DATA/00690000.MDZ,0x1C82A7,0x1B64FF,4498904,4498904,f9358b67c43987a91df23b5e088d1da6122d605522e0f006c3d2dd1f02224885,f9358b67c43987a91df23b5e088d1da6122d605522e0f006c3d2dd1f02224885,1
DATA/00690200.MDZ,0x1C8B3C,0x1B6D94,4441652,4441652,de71aacfb71c703528f20d256a93095b7a367d3080caf306452de1dca643715f,de71aacfb71c703528f20d256a93095b7a367d3080caf306452de1dca643715f,1
DATA/00690300.MDZ,0x1C93B5,0x1B760D,3764099,3764099,941053a01b18891563c9d068cf3dc634fbfffd7affd3aff9d419584b76173aeb,941053a01b18891563c9d068cf3dc634fbfffd7affd3aff9d419584b76173aeb,1
DATA/00690400.MDZ,0x1C9AE3,0x1B7D3B,3255071,3255071,9db38fb9436806b9554405fcf986eb54792d6a0ba8f0614cbfef015acc909bfa,9db38fb9436806b9554405fcf986eb54792d6a0ba8f0614cbfef015acc909bfa,1
DATA/00690500.MDZ,0x1CA119,0x1B8371,3297693,3297693,a37e2c0c3d6c2cc3f9301732b79155f0613fa824cd4eeb39d59f6542418d14e1,a37e2c0c3d6c2cc3f9301732b79155f0613fa824cd4eeb39d59f6542418d14e1,1
DATA/00690600.MDZ,0x1CA764,0x1B89BC,3933527,3933527,99a0e3fa54a09a65b3de7fb365cddd50d5346948a389bd189b3f3c00062bb934,99a0e3fa54a09a65b3de7fb365cddd50d5346948a389bd189b3f3c00062bb934,1
DATA/00690700.MDZ,0x1CAEE5,0x1B913D,861733,861733,74a576ba06317fe42b388aaa4debf5c85eed4c67fc1c3207d0779fac32e7e639,74a576ba06317fe42b388aaa4debf5c85eed4c67fc1c3207d0779fac32e7e639,1
DATA/00695000.MDZ,0x1CB08A,0x1B92E2,3804824,3804824,3393836dca69348c83e3457da83fe25f9685ff4b417532c9f9283f60b5f69412,3393836dca69348c83e3457da83fe25f9685ff4b417532c9f9283f60b5f69412,1
DATA/00695200.MDZ,0x1CB7CC,0x1B9A24,3491558,3491558,6207c0446a25fedfc99a8d9c4a038c5485b87c46922e974db8d2d71bd87c700d,6207c0446a25fedfc99a8d9c4a038c5485b87c46922e974db8d2d71bd87c700d,1
DATA/00697700.MDZ,0x1CBE75,0x1BA0CD,878842,878842,a1c5fd4bfdf07d086450a0ad8d947cf6d2f97019816ea9ec71bf0cf152d4c1d3,a1c5fd4bfdf07d086450a0ad8d947cf6d2f97019816ea9ec71bf0cf152d4c1d3,1
DATA/00700100.MDZ,0x1CC023,0x1BA27B,1349361,1349361,0a276e330cb0b3556d6f87599c49806876c48c340118246d59c4de11cd784611,0a276e330cb0b3556d6f87599c49806876c48c340118246d59c4de11cd784611,1
DATA/01010104.MDZ,0x1CC2B6,0x1BA50E,6287419,6287419,a8ef4e7165016e6a9faccea003d5b4f11f09c3da88a4946e771c11cafb1ee85e,a8ef4e7165016e6a9faccea003d5b4f11f09c3da88a4946e771c11cafb1ee85e,1
DATA/01010105.MDZ,0x1CCEB5,0x1BB10D,2629200,2629200,eadc4e6f5c039f7f0928692b8b4dc59ed42af81d9f950ed4fd6d4f2c3520905f,eadc4e6f5c039f7f0928692b8b4dc59ed42af81d9f950ed4fd6d4f2c3520905f,1
DATA/01010201.MDZ,0x1CD3B9,0x1BB611,4520737,4520737,1587d7c370765fbab50006e5230247ac05f3a0eb42c2b7a4d7323814d9c8728b,1587d7c370765fbab50006e5230247ac05f3a0eb42c2b7a4d7323814d9c8728b,1
DATA/01010301.MDZ,0x1CDC59,0x1BBEB1,6675351,6675351,cf8a1ed5a444f0f747073a0bb89ead5e7415b415c54d5074d12bf71486cb8dce,cf8a1ed5a444f0f747073a0bb89ead5e7415b415c54d5074d12bf71486cb8dce,1
DATA/01010302.MDZ,0x1CE915,0x1BCB6D,5691087,5691087,6eb9a9abed263fa255ac2682209b6d9d86ff74d7d3923bed6176fb2379cba01d,6eb9a9abed263fa255ac2682209b6d9d86ff74d7d3923bed6176fb2379cba01d,1
DATA/01010401.MDZ,0x1CF3F0,0x1BD648,7342546,7342546,71e90c637e0f5e8bdf114dddbfd63dea5ec15f299ce9db49a41792c34b13e26e,71e90c637e0f5e8bdf114dddbfd63dea5ec15f299ce9db49a41792c34b13e26e,1
DATA/01010501.MDZ,0x1D01F2,0x1BE44A,4162814,4162814,cf078922c7a1a14adecec51a174d07cb87e694c01b69634516000824b197d41e,cf078922c7a1a14adecec51a174d07cb87e694c01b69634516000824b197d41e,1
DATA/01010502.MDZ,0x1D09E3,0x1BEC3B,5667699,5667699,9b534071f444d45a8c7386ba265ecaad0d5fdc1fa7c5b9e5228383ddf5ee9522,9b534071f444d45a8c7386ba265ecaad0d5fdc1fa7c5b9e5228383ddf5ee9522,1
DATA/01020101.MDZ,0x1D14B3,0x1BF70B,2773038,2773038,f8a015802a0d61e06455bcad0fbba2fe95bb0a5373ce6ef67f2af3143d6a3a6d,f8a015802a0d61e06455bcad0fbba2fe95bb0a5373ce6ef67f2af3143d6a3a6d,1
DATA/01020201.MDZ,0x1D19FE,0x1BFC56,2478815,2478815,79322d93b5ef9dcde9b7552f933a6c98a092a7320a21b59689e5408d78f1f91b,79322d93b5ef9dcde9b7552f933a6c98a092a7320a21b59689e5408d78f1f91b,1
DATA/01020301.MDZ,0x1D1EB9,0x1C0111,3252573,3252573,6b1c8367604de5e1ad4375b2ba65ba0c6ae33d80a1420b4a9344fcf751b3162a,6b1c8367604de5e1ad4375b2ba65ba0c6ae33d80a1420b4a9344fcf751b3162a,1
DATA/01020701.MDZ,0x1D24EE,0x1C0746,7217353,7217353,3e4558cdae97c455af7f2d61d73d2bb1d313978aa025b604f148605da39eedd6,3e4558cdae97c455af7f2d61d73d2bb1d313978aa025b604f148605da39eedd6,1
DATA/01020801.MDZ,0x1D32B3,0x1C150B,5012622,5012622,37f16a414cc3ec940664d932ef01352e1f67660e8922b8a42adae4ef189db79f,37f16a414cc3ec940664d932ef01352e1f67660e8922b8a42adae4ef189db79f,1
DATA/01020901.MDZ,0x1D3C43,0x1C1E9B,1657973,1657973,015408c1766fec7232bdd0058cdac47f3ec60c8ef69f9187c17458675fdf9358,015408c1766fec7232bdd0058cdac47f3ec60c8ef69f9187c17458675fdf9358,1
DATA/01021001.MDZ,0x1D3F6D,0x1C21C5,3004698,3004698,194bb4ade9533ebde8d79704cf51f5f97b70edab41dec5968a225d76f05e2b1b,194bb4ade9533ebde8d79704cf51f5f97b70edab41dec5968a225d76f05e2b1b,1
DATA/01021002.MDZ,0x1D4529,0x1C2781,4844462,4844462,6bc08406f919656347912569fbe920044839eb32af86d1627ecd262657468938,6bc08406f919656347912569fbe920044839eb32af86d1627ecd262657468938,1
DATA/01021101.MDZ,0x1D4E67,0x1C30BF,8567401,8567401,e694ac1484395d66f9468cdd51487392be13fa48f15be9c753188eaf4b29984b,e694ac1484395d66f9468cdd51487392be13fa48f15be9c753188eaf4b29984b,1
DATA/01021301.MDZ,0x1D5EBF,0x1C4117,5785265,5785265,25c5aecbd1472acf8e9d3d2e45221986abe20ec6d63d7af44457398474cc4dac,25c5aecbd1472acf8e9d3d2e45221986abe20ec6d63d7af44457398474cc4dac,1
DATA/01030201.MDZ,0x1D69C8,0x1C4C20,5023134,5023134,edd494e49f644c7457578178043d243d6cc1b55ea4fd41a2c295c3dc421d3ee5,edd494e49f644c7457578178043d243d6cc1b55ea4fd41a2c295c3dc421d3ee5,1
DATA/01030401.MDZ,0x1D735D,0x1C55B5,2490941,2490941,a63b32521d7c1f83db7e36fcb21c6b213cd1b90b2a4a41d04f3b915880b9bda4,a63b32521d7c1f83db7e36fcb21c6b213cd1b90b2a4a41d04f3b915880b9bda4,1
DATA/01030501.MDZ,0x1D781E,0x1C5A76,3290358,3290358,04785eac2f20e6b3d727786d77e664246035d9406b3021fbf447e6f83778def8,04785eac2f20e6b3d727786d77e664246035d9406b3021fbf447e6f83778def8,1
DATA/01030502.MDZ,0x1D7E65,0x1C60BD,5457281,5457281,6a67c60b2ed81cdc302640716232560f4e03344af2c0b5af7826d8d074907cd6,6a67c60b2ed81cdc302640716232560f4e03344af2c0b5af7826d8d074907cd6,1
DATA/01030601.MDZ,0x1D88CE,0x1C6B26,4174582,4174582,92cd43fbb5faafec014bbeb467cf0329e01c06be8351fb264d0200cdb53bb780,92cd43fbb5faafec014bbeb467cf0329e01c06be8351fb264d0200cdb53bb780,1
DATA/01030801.MDZ,0x1D90C5,0x1C731D,3030281,3030281,4686dc6c99493ee474fab70afd1525596fca99370499712d93a1312199e30f88,4686dc6c99493ee474fab70afd1525596fca99370499712d93a1312199e30f88,1
DATA/01040101.MDZ,0x1D968D,0x1C78E5,7775599,7775599,ca7f1f8bada9ca9d75807e6a1cc7a0b27496cccacea0240651386a51af08e9d7,ca7f1f8bada9ca9d75807e6a1cc7a0b27496cccacea0240651386a51af08e9d7,1
DATA/01040102.MDZ,0x1DA562,0x1C87BA,4876008,4876008,c5c3bbb87bf125ef66f7c768ecc19e540ffadfc3becc415902e815bbbc55fa99,c5c3bbb87bf125ef66f7c768ecc19e540ffadfc3becc415902e815bbbc55fa99,1
DATA/01040201.MDZ,0x1DAEAF,0x1C9107,5447705,5447705,41b738b71b9666d975d7f6c039bda22adffd578fb4507b55c2501853d3d865d1,41b738b71b9666d975d7f6c039bda22adffd578fb4507b55c2501853d3d865d1,1
DATA/01040301.MDZ,0x1DB914,0x1C9B6C,7482942,7482942,6f0be3a0f85a7859b896a4b5f3da87cc3ff012a05b867b9b0631ccb2d5180bd2,6f0be3a0f85a7859b896a4b5f3da87cc3ff012a05b867b9b0631ccb2d5180bd2,1
DATA/01040401.MDZ,0x1DC75A,0x1CA9B2,7876028,7876028,6b9fe11425e51e0063f18ad7f86355481b01857eb71b91aafebf90a7b42bcc99,6b9fe11425e51e0063f18ad7f86355481b01857eb71b91aafebf90a7b42bcc99,1
DATA/01040501.MDZ,0x1DD660,0x1CB8B8,6187845,6187845,e0cb37df08ca568124541b58bd74d519d762bc6fc5a2216981f5c95423fd555e,e0cb37df08ca568124541b58bd74d519d762bc6fc5a2216981f5c95423fd555e,1
DATA/01040701.MDZ,0x1DE22E,0x1CC486,5836129,5836129,ebdf6d80eef6c5dc1035de28c6b900a8ffbf6b8791e34bfde6c9454ad8d203cb,ebdf6d80eef6c5dc1035de28c6b900a8ffbf6b8791e34bfde6c9454ad8d203cb,1
DATA/01040901.MDZ,0x1DED50,0x1CCFA8,6909770,6909770,1ee0de97403ff7527b86b2336a44363e4de753239e7579193fe0118d65a8e3aa,1ee0de97403ff7527b86b2336a44363e4de753239e7579193fe0118d65a8e3aa,1
DATA/01040902.MDZ,0x1DFA7E,0x1CDCD6,4065361,4065361,696a98e20de0cfc4623b0cde330b9bc4700caaa89be373e6c17081fde2770e62,696a98e20de0cfc4623b0cde330b9bc4700caaa89be373e6c17081fde2770e62,1
DATA/01041001.MDZ,0x1E0240,0x1CE498,8782778,8782778,609384085b932a31b26c57af94eba63b35d7dad6cd8a8f4d4a189cd2d573ea9f,609384085b932a31b26c57af94eba63b35d7dad6cd8a8f4d4a189cd2d573ea9f,1
DATA/01050301.MDZ,0x1E1301,0x1CF559,4505969,4505969,51fbe21f530f6542018a3a53329c06d27c30b9da502da1eee50778bd36073bc6,51fbe21f530f6542018a3a53329c06d27c30b9da502da1eee50778bd36073bc6,1
DATA/01050501.MDZ,0x1E1B9A,0x1CFDF2,2547745,2547745,6c9c86f688d3c057c98fb422b6f657baca943ded0146de793243d17ffee46d63,6c9c86f688d3c057c98fb422b6f657baca943ded0146de793243d17ffee46d63,1
DATA/01050701.MDZ,0x1E2077,0x1D02CF,2522776,2522776,8ae38802a9ed0ff0b292d332deea6a36553d1a0880cc6878f02edcba1bfb21b5,8ae38802a9ed0ff0b292d332deea6a36553d1a0880cc6878f02edcba1bfb21b5,1
DATA/01050901.MDZ,0x1E2547,0x1D079F,3861903,3861903,ad976adb41a9c8f648432d043af5941d46de3b4abc3390c1af703fb9646c79fe,ad976adb41a9c8f648432d043af5941d46de3b4abc3390c1af703fb9646c79fe,1
DATA/01050902.MDZ,0x1E2CA5,0x1D0EFD,5202194,5202194,8a561f894b6507f35816fe3f64ec540daa739954bb802145b8f028e6fc73a836,8a561f894b6507f35816fe3f64ec540daa739954bb802145b8f028e6fc73a836,1
DATA/01051101.MDZ,0x1E3692,0x1D18EA,2317594,2317594,af45fc5604e5bc326400bef1a4d4db0f01fc62266aa6392c9450ea862c37f1c3,af45fc5604e5bc326400bef1a4d4db0f01fc62266aa6392c9450ea862c37f1c3,1
DATA/01051201.MDZ,0x1E3AFE,0x1D1D56,3555397,3555397,94532a1de97bfd16c4c9783cb09bd70253d86cc52a613d08b70987731734f2f3,94532a1de97bfd16c4c9783cb09bd70253d86cc52a613d08b70987731734f2f3,1
DATA/01051401.MDZ,0x1E41C7,0x1D241F,9087731,9087731,b8bd41d7d7d99049edcf3b565e8317aca29f895f3d5c9350de8ca32d7e29124c,b8bd41d7d7d99049edcf3b565e8317aca29f895f3d5c9350de8ca32d7e29124c,1
DATA/01060101.MDZ,0x1E531D,0x1D3575,3336523,3336523,01b16a78957e046d77ad19d3fc8b3a7bcb74abffdd5444e5cb190673a4c72f50,01b16a78957e046d77ad19d3fc8b3a7bcb74abffdd5444e5cb190673a4c72f50,1
DATA/01060501.MDZ,0x1E597B,0x1D3BD3,5203677,5203677,965d4e7b02e4db71e6af54e29a9f5ee19bca975a3328ddc0e8025a56fe9b7b94,965d4e7b02e4db71e6af54e29a9f5ee19bca975a3328ddc0e8025a56fe9b7b94,1
DATA/01060601.MDZ,0x1E6368,0x1D45C0,3096772,3096772,c7b63c7d32ccb482554d6447d87d42d8966fb6624011f2f9705ecec4a7684f92,c7b63c7d32ccb482554d6447d87d42d8966fb6624011f2f9705ecec4a7684f92,1
DATA/01060701.MDZ,0x1E6951,0x1D4BA9,4783927,4783927,816f6cb064845eb8de5265d37a189dfadaf240812ae017f3fc900fe1c6b096ee,816f6cb064845eb8de5265d37a189dfadaf240812ae017f3fc900fe1c6b096ee,1
DATA/01060801.MDZ,0x1E7271,0x1D54C9,5346672,5346672,a2ecff691afea7db4f8e539ef8825b19c11fa421a3448f866d1a6fb3c0b1b889,a2ecff691afea7db4f8e539ef8825b19c11fa421a3448f866d1a6fb3c0b1b889,1
DATA/01060901.MDZ,0x1E7CA4,0x1D5EFC,1283194,1283194,0e899c6f10fa7f320b6811bf4bb1cf3479248d224f2baea4352284e89bea502f,0e899c6f10fa7f320b6811bf4bb1cf3479248d224f2baea4352284e89bea502f,1
DATA/01070101.MDZ,0x1E7F17,0x1D616F,3774737,3774737,c61f4185c694deb3e907f8efab6a43e14d10daf94e590a0518f8fca53b6caebf,c61f4185c694deb3e907f8efab6a43e14d10daf94e590a0518f8fca53b6caebf,1
DATA/01070301.MDZ,0x1E864B,0x1D68A3,4608572,4608572,d0bbfe69adccba9af900315471c87c38c57b6e4a7b79a5e5a518337789a29310,d0bbfe69adccba9af900315471c87c38c57b6e4a7b79a5e5a518337789a29310,1
DATA/01070401.MDZ,0x1E8F16,0x1D716E,2284156,2284156,792827ab3456106d5d78ea85dfc0714e0418eb8fd1d1b55395b79417ae41cce2,792827ab3456106d5d78ea85dfc0714e0418eb8fd1d1b55395b79417ae41cce2,1
DATA/01070501.MDZ,0x1E9372,0x1D75CA,4550508,4550508,f0c464cee948721847f10df39fd2871c8b99ae8dcdfc187e4e673c8571e9e5c9,f0c464cee948721847f10df39fd2871c8b99ae8dcdfc187e4e673c8571e9e5c9,1
DATA/01080101.MDZ,0x1E9C20,0x1D7E78,5577197,5577197,7d5593a6b7ee58327758c184415b1b4856843257627e449459dec827340382a2,7d5593a6b7ee58327758c184415b1b4856843257627e449459dec827340382a2,1
DATA/01080301.MDZ,0x1EA6C4,0x1D891C,6359043,6359043,b9544274462c1a1bf46262f7533a8f18fd32ec363bdd71389a9386f1127a10c1,b9544274462c1a1bf46262f7533a8f18fd32ec363bdd71389a9386f1127a10c1,1
DATA/01080303.MDZ,0x1EB2E6,0x1D953E,3599705,3599705,ef66590c28e9b74eef1a7dae8e64371aa8fbeb7f16f18f8636306bdd9f82e8da,ef66590c28e9b74eef1a7dae8e64371aa8fbeb7f16f18f8636306bdd9f82e8da,1
DATA/01080501.MDZ,0x1EB9C4,0x1D9C1C,5092763,5092763,08f2899efead527898bf6427febf42be256a01fc05a888344433df66f3281f60,08f2899efead527898bf6427febf42be256a01fc05a888344433df66f3281f60,1
DATA/01080502.MDZ,0x1EC37B,0x1DA5D3,3221551,3221551,bac21a04e4b62b7a3a39fdbfe4e7f2be71038d458bf154463bc5864eb3fbb36a,bac21a04e4b62b7a3a39fdbfe4e7f2be71038d458bf154463bc5864eb3fbb36a,1
DATA/01080503.MDZ,0x1EC9A1,0x1DABF9,3508123,3508123,52411cbe72803c9ea687cb2843fcdbb916982d11511e36219df415d5c3c6703c,52411cbe72803c9ea687cb2843fcdbb916982d11511e36219df415d5c3c6703c,1
DATA/01080504.MDZ,0x1ED052,0x1DB2AA,3456279,3456279,be0db355e967c29043fb6ef49ce1b68310a2ac1b3ffead5db8a3742aae1862d2,be0db355e967c29043fb6ef49ce1b68310a2ac1b3ffead5db8a3742aae1862d2,1
DATA/01080505.MDZ,0x1ED6EA,0x1DB942,4123477,4123477,3e0c6dc55124ffcecebfc4b867f84c5d920d6aa34fecab13039da7d64f1f3f4d,3e0c6dc55124ffcecebfc4b867f84c5d920d6aa34fecab13039da7d64f1f3f4d,1
DATA/01080701.MDZ,0x1EDEC8,0x1DC120,1471378,1471378,f2173a00cef3cf28dbff25ddf7792179509be570bcd6a4741d9f4973f5309e48,f2173a00cef3cf28dbff25ddf7792179509be570bcd6a4741d9f4973f5309e48,1
DATA/01080801.MDZ,0x1EE197,0x1DC3EF,2470747,2470747,949373d79735ba21602088ecb539b480206bd4513e0b64bad460a0a28748a52b,949373d79735ba21602088ecb539b480206bd4513e0b64bad460a0a28748a52b,1
DATA/01080901.MDZ,0x1EE64E,0x1DC8A6,6249889,6249889,64226c81b73333fbc0310fa518acd4f50ec92f13617d32c3ee54c69bbb337d42,64226c81b73333fbc0310fa518acd4f50ec92f13617d32c3ee54c69bbb337d42,1
DATA/01081002.MDZ,0x1EF23A,0x1DD492,5303362,5303362,24c9b23073e6cbdd818816f29884eead5131b0d4cc8396cdf76ca9872fc604cb,24c9b23073e6cbdd818816f29884eead5131b0d4cc8396cdf76ca9872fc604cb,1
DATA/01090101.MDZ,0x1EFC58,0x1DDEB0,4086037,4086037,72b2ec320c47702cfa2f27cfa291a05872ede53e98885601a5d5a707ac8331b5,72b2ec320c47702cfa2f27cfa291a05872ede53e98885601a5d5a707ac8331b5,1
DATA/01090103.MDZ,0x1F0424,0x1DE67C,3152679,3152679,589356367abd27e99418579322142aa759b364b8de230834e161a23edc44c2a6,589356367abd27e99418579322142aa759b364b8de230834e161a23edc44c2a6,1
DATA/01090401.MDZ,0x1F0A28,0x1DEC80,1100201,1100201,0ca920183b17125c6e8d355b18166b09ae8055673bbad70f889544abe5a4c9e6,0ca920183b17125c6e8d355b18166b09ae8055673bbad70f889544abe5a4c9e6,1
DATA/01090701.MDZ,0x1F0C42,0x1DEE9A,5605832,5605832,8cbe89610395cacfa66ab67717ebddfacebbf5bc2d67783169810b62710d2847,8cbe89610395cacfa66ab67717ebddfacebbf5bc2d67783169810b62710d2847,1
DATA/01090702.MDZ,0x1F16F4,0x1DF94C,4992758,4992758,698222849b0c87e12f89a4f23cd417caa8162add26a9596f6367a64aae6b9bf6,698222849b0c87e12f89a4f23cd417caa8162add26a9596f6367a64aae6b9bf6,1
DATA/01090901.MDZ,0x1F207A,0x1E02D2,3296523,3296523,2dc3ccef346ae9e6ccb4b1be84b7bf9ab65b40e352a45b0555f8bdbb9b5a9f33,2dc3ccef346ae9e6ccb4b1be84b7bf9ab65b40e352a45b0555f8bdbb9b5a9f33,1
DATA/01091001.MDZ,0x1F26C4,0x1E091C,2796007,2796007,dae847dc35f1f7bf81c5120e2683dbd7e452c2f92cc886b1d3c72fe5aab2e450,dae847dc35f1f7bf81c5120e2683dbd7e452c2f92cc886b1d3c72fe5aab2e450,1
DATA/01100101.MDZ,0x1F2C1A,0x1E0E72,4487659,4487659,58182754e0a9cbc12f3371431c7a06d224471040fa02c0ed697d51c7997d3a15,58182754e0a9cbc12f3371431c7a06d224471040fa02c0ed697d51c7997d3a15,1
DATA/01100301.MDZ,0x1F34AA,0x1E1702,4376796,4376796,c69b3d08105b5d1174306fdcbb06e5fd236770ebb26e3718ef511f4ccb2d9ecc,c69b3d08105b5d1174306fdcbb06e5fd236770ebb26e3718ef511f4ccb2d9ecc,1
DATA/01100401.MDZ,0x1F3D04,0x1E1F5C,3144225,3144225,47409be382fe168301e259cd0c40dd7682f5fda792001c7e7dc6b9c7ecd1756c,47409be382fe168301e259cd0c40dd7682f5fda792001c7e7dc6b9c7ecd1756c,1
DATA/01100501.MDZ,0x1F4304,0x1E255C,4760013,4760013,645204b8f39f8b96337944695bdcb489c965d0f6717f5294a611d13f2308a5d6,645204b8f39f8b96337944695bdcb489c965d0f6717f5294a611d13f2308a5d6,1
DATA/01110401.MDZ,0x1F4C19,0x1E2E71,3378061,3378061,8ab3f16dedd74b036d10c84870a694d05be1b60e006e6371a2b2aa1a886812c7,8ab3f16dedd74b036d10c84870a694d05be1b60e006e6371a2b2aa1a886812c7,1
DATA/01110701.MDZ,0x1F528B,0x1E34E3,4130330,4130330,e006a83fefb04335d896941bc87392c42d25bfcfa97bc14f92d46f78da71332f,e006a83fefb04335d896941bc87392c42d25bfcfa97bc14f92d46f78da71332f,1
DATA/01110801.MDZ,0x1F5A6C,0x1E3CC4,5344365,5344365,c57507fa4c3c858f75d997deaa6be554043de391de41fcb8cfdaddf493ca47f3,c57507fa4c3c858f75d997deaa6be554043de391de41fcb8cfdaddf493ca47f3,1
DATA/01110802.MDZ,0x1F649E,0x1E46F6,1738240,1738240,6108218cb88f9ee9ce09627fb3e79e0dfd2da2f7f9d4e31f6c7990832f67abfe,6108218cb88f9ee9ce09627fb3e79e0dfd2da2f7f9d4e31f6c7990832f67abfe,1
DATA/01111101.MDZ,0x1F67EF,0x1E4A47,1961137,1961137,6fa9f0ac1df73a156dab56c78799e8cced0a968b2c974a5411e97a34542741eb,6fa9f0ac1df73a156dab56c78799e8cced0a968b2c974a5411e97a34542741eb,1
DATA/01111201.MDZ,0x1F6BAD,0x1E4E05,5876483,5876483,c5cbb167c714808d7ee39f5ca0de20f1d43e48d6b0d06a27b2d4d7a6568d84f3,c5cbb167c714808d7ee39f5ca0de20f1d43e48d6b0d06a27b2d4d7a6568d84f3,1
DATA/01111301.MDZ,0x1F76E3,0x1E593B,3996810,3996810,7b6dc2073cfd8eb4682bde94087c6ee3f9d5ec85e1d13c6cdce1c342f57a1612,7b6dc2073cfd8eb4682bde94087c6ee3f9d5ec85e1d13c6cdce1c342f57a1612,1
DATA/01111401.MDZ,0x1F7E83,0x1E60DB,3260738,3260738,498b618a4e634caa3dc86aa093a8e3bd6400f1d374be1be95b24c098232ae02e,498b618a4e634caa3dc86aa093a8e3bd6400f1d374be1be95b24c098232ae02e,1
DATA/01120101.MDZ,0x1F84BC,0x1E6714,4797289,4797289,f8db8d921f73b62e3e4d82d16f13c354c6cc1e1add6649378b7a0b4fd5bdc998,f8db8d921f73b62e3e4d82d16f13c354c6cc1e1add6649378b7a0b4fd5bdc998,1
DATA/01120102.MDZ,0x1F8DE3,0x1E703B,7179041,7179041,95c57df40127bb6b41c4f81ee7d81a00206d694038ca823f778ce04a7fbd5af5,95c57df40127bb6b41c4f81ee7d81a00206d694038ca823f778ce04a7fbd5af5,1
DATA/01120301.MDZ,0x1F9B95,0x1E7DED,4851632,4851632,421e8c68114966523630acac15e987d793e601a381d6ab64b2574d71f9f75d43,421e8c68114966523630acac15e987d793e601a381d6ab64b2574d71f9f75d43,1
DATA/01120501.MDZ,0x1FA4D6,0x1E872E,3914198,3914198,49119854e12929c1891dd108a94417918348d8b14ccbb66ba97ab6d15ac09251,49119854e12929c1891dd108a94417918348d8b14ccbb66ba97ab6d15ac09251,1
DATA/01140201.MDZ,0x1FAC4E,0x1E8EA6,7451467,7451467,30abe9514b1d86e2dfcc7322ea3514102f9661bc42b7255897e269d92790cc12,30abe9514b1d86e2dfcc7322ea3514102f9661bc42b7255897e269d92790cc12,1
DATA/01140301.MDZ,0x1FBA85,0x1E9CDD,4722069,4722069,0198f76c476533b577b9763627bb581beff3bdbf57ca54250a79722d6b1d9857,0198f76c476533b577b9763627bb581beff3bdbf57ca54250a79722d6b1d9857,1
DATA/01140401.MDZ,0x1FC387,0x1EA5DF,2511347,2511347,af0acb1dc7dc9b9933c1f87b12cf6f9143050b73885ee7a73ee91c3e23535ee9,af0acb1dc7dc9b9933c1f87b12cf6f9143050b73885ee7a73ee91c3e23535ee9,1
DATA/01140501.MDZ,0x1FC852,0x1EAAAA,6100650,6100650,a408f55c2a6a38cba3472ea9071116542c9e2ea58f2496ba92c6c57f816de48b,a408f55c2a6a38cba3472ea9071116542c9e2ea58f2496ba92c6c57f816de48b,1
DATA/01140502.MDZ,0x1FD3F5,0x1EB64D,7600770,7600770,b0b7e46f7b7fbad0209a472db5498dfbc335d95a5e63d279d45f4abf81936311,b0b7e46f7b7fbad0209a472db5498dfbc335d95a5e63d279d45f4abf81936311,1
DATA/01140801.MDZ,0x1FE275,0x1EC4CD,6402089,6402089,232a8c75ec1af43da74f1e75330b290a56bb31824eb933e24c4e1a9bf1e77d4b,232a8c75ec1af43da74f1e75330b290a56bb31824eb933e24c4e1a9bf1e77d4b,1
DATA/01140901.MDZ,0x1FEEAC,0x1ED104,8605243,8605243,072d829d774628e3a54fd13da60199040608389af2c634ff803832aca354c6ff,072d829d774628e3a54fd13da60199040608389af2c634ff803832aca354c6ff,1
DATA/01141001.MDZ,0x1FFF16,0x1EE16E,4490557,4490557,3c9fd00ed35818a688c1fb10c976459ba566e9eb66b4f8939af01cc6b62e29f1,3c9fd00ed35818a688c1fb10c976459ba566e9eb66b4f8939af01cc6b62e29f1,1
DATA/01150201.MDZ,0x2007A7,0x1EE9FF,5302918,5302918,776921e6895599388bca056064bdcf9b4e7371e8f7c00a12c9194f4bdae606a5,776921e6895599388bca056064bdcf9b4e7371e8f7c00a12c9194f4bdae606a5,1
DATA/01150301.MDZ,0x2011C5,0x1EF41D,5112731,5112731,64c56ce1c06e0e28a8e198e5331a8299865ccc7ba08f0f7a72eae0b88c9cc5fc,64c56ce1c06e0e28a8e198e5331a8299865ccc7ba08f0f7a72eae0b88c9cc5fc,1
DATA/01150401.MDZ,0x201B86,0x1EFDDE,549732,549732,df0dec7522a6413e3ae858407b2622710eaac7d59e17d632bf8362d3dc6012f3,df0dec7522a6413e3ae858407b2622710eaac7d59e17d632bf8362d3dc6012f3,1
DATA/01160101.MDZ,0x201C93,0x1EFEEB,2129137,2129137,541d62eddca8f52a9d211139f242125884aa6766602eb6d905fd6cebe361efad,541d62eddca8f52a9d211139f242125884aa6766602eb6d905fd6cebe361efad,1
DATA/01160201.MDZ,0x2020A3,0x1F02FB,4253262,4253262,58c051eeb7ce6fd05afcd5fdb686e8ce742a9cd33dbfe9fc5016739dfc2cbc2f,58c051eeb7ce6fd05afcd5fdb686e8ce742a9cd33dbfe9fc5016739dfc2cbc2f,1
DATA/01160301.MDZ,0x2028C0,0x1F0B18,3777930,3777930,5dcbe865d6352005781c09833abb7337d3160544765acfb4b1e960cd8a8f5823,5dcbe865d6352005781c09833abb7337d3160544765acfb4b1e960cd8a8f5823,1
DATA/01160501.MDZ,0x202FF5,0x1F124D,6261449,6261449,5f02ef4e81937c55f4e8d95ea8729a8292c30c4b0f38d910b93b8acc3bc5b608,5f02ef4e81937c55f4e8d95ea8729a8292c30c4b0f38d910b93b8acc3bc5b608,1
DATA/01160601.MDZ,0x203BE7,0x1F1E3F,5233071,5233071,7c12dc3a058a4def977a2c78e90e44404736dc55f53397f6396deb4c17edcd7b,7c12dc3a058a4def977a2c78e90e44404736dc55f53397f6396deb4c17edcd7b,1
DATA/01160701.MDZ,0x2045E3,0x1F283B,6995348,6995348,d45e70c4ec8eb0d56cb9d1d92e44e6eb782bbed7cb038d694dc77ff3c3ff2d00,d45e70c4ec8eb0d56cb9d1d92e44e6eb782bbed7cb038d694dc77ff3c3ff2d00,1
DATA/01160901.MDZ,0x20533B,0x1F3593,3008481,3008481,5932eda03978ac06309b4add2b08f58b380f41d511649ebf15cf9ca2c624b606,5932eda03978ac06309b4add2b08f58b380f41d511649ebf15cf9ca2c624b606,1
DATA/01170301.MDZ,0x2058F8,0x1F3B50,4638025,4638025,aa553dd95a68cda376150e9703d2b292fe733571e6632e4de215812beb6168ed,aa553dd95a68cda376150e9703d2b292fe733571e6632e4de215812beb6168ed,1
DATA/01170401.MDZ,0x2061D1,0x1F4429,5073055,5073055,c9a50620575243e5cb6af5207b2e11be576310a7d15745abf027de2648cf3b3f,c9a50620575243e5cb6af5207b2e11be576310a7d15745abf027de2648cf3b3f,1
DATA/01170402.MDZ,0x206B7F,0x1F4DD7,7322932,7322932,9bd9d1ad0e9c6c077a0e9938849fe5a4a7c44b0de814c56f20e9d81f146a42cc,9bd9d1ad0e9c6c077a0e9938849fe5a4a7c44b0de814c56f20e9d81f146a42cc,1
DATA/01170403.MDZ,0x207977,0x1F5BCF,6620751,6620751,7b2ca2834bba52efd30e6fb7c13cd311506ebd179029ef2b6f3019c766e18e21,7b2ca2834bba52efd30e6fb7c13cd311506ebd179029ef2b6f3019c766e18e21,1
DATA/01170601.MDZ,0x208618,0x1F6870,5432563,5432563,1979a1a5c8b9a6dfd0977b0f366643cf4ba35f38058e8664b1c12da0d444901e,1979a1a5c8b9a6dfd0977b0f366643cf4ba35f38058e8664b1c12da0d444901e,1
DATA/01180101.MDZ,0x209075,0x1F72CD,4676600,4676600,d439766879f4a0fc698b228b63c9585b803efc58199609e28124a1a91bc37a3c,d439766879f4a0fc698b228b63c9585b803efc58199609e28124a1a91bc37a3c,1
DATA/01180301.MDZ,0x209961,0x1F7BB9,6426917,6426917,8b1aa69a057d65ecfbaad57cfab10c8bb3ad94fe4518f096edbad572e7ae3e92,8b1aa69a057d65ecfbaad57cfab10c8bb3ad94fe4518f096edbad572e7ae3e92,1
DATA/01180501.MDZ,0x20A5A4,0x1F87FC,4096047,4096047,05c4f767392f43913300d1f35c3769cdd451af1ddf5d7f072ab5dcb4851c9ce1,05c4f767392f43913300d1f35c3769cdd451af1ddf5d7f072ab5dcb4851c9ce1,1
DATA/01180604.MDZ,0x20AD75,0x1F8FCD,2763181,2763181,24650c897f7490df52e7878e251f65fab3ec08e404e9b07ae2b5a20500e49c21,24650c897f7490df52e7878e251f65fab3ec08e404e9b07ae2b5a20500e49c21,1
DATA/01190301.MDZ,0x20B2BB,0x1F9513,6008381,6008381,0b5236d65e8e3974fb53ca985d5828dfc09e01dbccf5b1d97b120bf08d73d9c4,0b5236d65e8e3974fb53ca985d5828dfc09e01dbccf5b1d97b120bf08d73d9c4,1
DATA/01200101.MDZ,0x20BE31,0x1FA089,7376995,7376995,b35cc4a9a4261208611bf0174666738de1bab1c44d4f86372f0449e45f449ec7,b35cc4a9a4261208611bf0174666738de1bab1c44d4f86372f0449e45f449ec7,1
DATA/01200103.MDZ,0x20CC44,0x1FAE9C,3546678,3546678,4b88da16be6be8451276708f6b0d77c1566cedc1827480bc762234c1a28bba37,4b88da16be6be8451276708f6b0d77c1566cedc1827480bc762234c1a28bba37,1
DATA/01200105.MDZ,0x20D308,0x1FB560,6549998,6549998,39fc025e3f82b2ee41685b05cb03dcae2e91dc5a3bfaa3fb989e892e16aa3ab0,39fc025e3f82b2ee41685b05cb03dcae2e91dc5a3bfaa3fb989e892e16aa3ab0,1
DATA/01210101.MDZ,0x20DF87,0x1FC1DF,3043362,3043362,e752126a54391ea8deb2530820cce813da3ba5d94c278a7a081946543e71adf8,e752126a54391ea8deb2530820cce813da3ba5d94c278a7a081946543e71adf8,1
DATA/01210301.MDZ,0x20E556,0x1FC7AE,2314993,2314993,8bf3bb410d471f693cd809036aed65563e2612d8de843dfd704a1262e90c7e1d,8bf3bb410d471f693cd809036aed65563e2612d8de843dfd704a1262e90c7e1d,1
DATA/01210401.MDZ,0x20E9C1,0x1FCC19,3019192,3019192,9292f4b39c6c830c7d3afd91989271418f656ac4e859a06f07a3a488b18a4bfa,9292f4b39c6c830c7d3afd91989271418f656ac4e859a06f07a3a488b18a4bfa,1
DATA/01210501.MDZ,0x20EF84,0x1FD1DC,1379845,1379845,99bd80421f3631dfc2daa8b502372ff1a70930d5742b75dbcb07c01eb1b16338,99bd80421f3631dfc2daa8b502372ff1a70930d5742b75dbcb07c01eb1b16338,1
DATA/01210502.MDZ,0x20F226,0x1FD47E,2699132,2699132,f384a9777157f323d144cd472fc0fd72c23a02169ada2d772a92535da3018d74,f384a9777157f323d144cd472fc0fd72c23a02169ada2d772a92535da3018d74,1
DATA/01210701.MDZ,0x20F74C,0x1FD9A4,4168218,4168218,85f7a6e03c0c2a6545cfce7c7f0cc8ad33d0a1f9af7dec0c24e0f7a3eac060dd,85f7a6e03c0c2a6545cfce7c7f0cc8ad33d0a1f9af7dec0c24e0f7a3eac060dd,1
DATA/01210801.MDZ,0x20FF40,0x1FE198,2944615,2944615,62f2db1645167cdb7e23b67db7b824c712752783c3f5bb382ff5863797f418f7,62f2db1645167cdb7e23b67db7b824c712752783c3f5bb382ff5863797f418f7,1
DATA/01210802.MDZ,0x2104DE,0x1FE736,5490773,5490773,8697ced8026564bb1a63d7003c2dd500991aa6f33f1f96e18fcb42598e55fcf8,8697ced8026564bb1a63d7003c2dd500991aa6f33f1f96e18fcb42598e55fcf8,1
DATA/01211001.MDZ,0x210F58,0x1FF1B0,3983938,3983938,cd3305b3413aee1fe4f32c864144008635394c46ee3f5ae91fefda14eb240a54,cd3305b3413aee1fe4f32c864144008635394c46ee3f5ae91fefda14eb240a54,1
DATA/01211801.MDZ,0x2116F2,0x1FF94A,4791842,4791842,688de263d51f3b0812771a9097fdbf2b9d786daac030057d66eb2a4226710dec,688de263d51f3b0812771a9097fdbf2b9d786daac030057d66eb2a4226710dec,1
DATA/01230101.MDZ,0x212016,0x20026E,3027354,3027354,aedfcf5fd83955cc59c41652226e162d162e05deaf0318f6150da4d9e75d10ae,aedfcf5fd83955cc59c41652226e162d162e05deaf0318f6150da4d9e75d10ae,1
DATA/01230102.MDZ,0x2125DD,0x200835,5188842,5188842,d7a6f0a523c27de647d96b0d700aaadae1a4b54a38de1dca043638247625e369,d7a6f0a523c27de647d96b0d700aaadae1a4b54a38de1dca043638247625e369,1
DATA/01230401.MDZ,0x212FC3,0x20121B,6714445,6714445,0c033a027b36c7a5d6800de9d72380c9821525cdae766c29e4cc5d2673d9b0e9,0c033a027b36c7a5d6800de9d72380c9821525cdae766c29e4cc5d2673d9b0e9,1
DATA/01230601.MDZ,0x213C92,0x201EEA,8965455,8965455,f724c964df56f6a25cc617d052ae66edaa76cf83d94869a9d2588c1150ad4457,f724c964df56f6a25cc617d052ae66edaa76cf83d94869a9d2588c1150ad4457,1
DATA/01230701.MDZ,0x214DAC,0x203004,3860771,3860771,26f9c135a65220a5c162623fc875350cb6df7fa74a4e6b7549c50705939d4426,26f9c135a65220a5c162623fc875350cb6df7fa74a4e6b7549c50705939d4426,1
DATA/01230901.MDZ,0x21550A,0x203762,6383281,6383281,a5781ace22ceebeffb32c562cde21c63ce40a01de711a220fc6116baf296ec07,a5781ace22ceebeffb32c562cde21c63ce40a01de711a220fc6116baf296ec07,1
DATA/01240301.MDZ,0x216137,0x20438F,5836360,5836360,080a2de17266437792f2b4697560142f6b61dab86f7f58272b9481bde727d336,080a2de17266437792f2b4697560142f6b61dab86f7f58272b9481bde727d336,1
DATA/01240401.MDZ,0x216C59,0x204EB1,4074428,4074428,4d7bef0fe364a406eed4a5bafcdcebd0f850681ecc4d00a62949fc747f66be98,4d7bef0fe364a406eed4a5bafcdcebd0f850681ecc4d00a62949fc747f66be98,1
DATA/01240402.MDZ,0x21741F,0x205677,3913923,3913923,8438329592a8faee6d86d9260d1396429a05ba395900ea290888dd052bb3a608,8438329592a8faee6d86d9260d1396429a05ba395900ea290888dd052bb3a608,1
DATA/01240501.MDZ,0x217B97,0x205DEF,3926152,3926152,2ff8b2d4ad6cc8ca41369326cd720f0eeb465310e5ff88f27f5dfbedef7525a9,2ff8b2d4ad6cc8ca41369326cd720f0eeb465310e5ff88f27f5dfbedef7525a9,1
DATA/01240601.MDZ,0x218315,0x20656D,5452828,5452828,19fc834602317b438c8aade93ef731ff86d281650ae2ee73d7599500dd39c8ff,19fc834602317b438c8aade93ef731ff86d281650ae2ee73d7599500dd39c8ff,1
DATA/01240701.MDZ,0x218D7C,0x206FD4,6247458,6247458,ca6e41e4a4aa3fc18a3bb4ff84c92fa06ed8e8b2de7b145b64b39462481b9b64,ca6e41e4a4aa3fc18a3bb4ff84c92fa06ed8e8b2de7b145b64b39462481b9b64,1
DATA/01240801.MDZ,0x219967,0x207BBF,3589722,3589722,2ab8bbdf097570a6d42044a281487188b65d98bfcc567ed1d78b9380dbc4487a,2ab8bbdf097570a6d42044a281487188b65d98bfcc567ed1d78b9380dbc4487a,1
DATA/01250101.MDZ,0x21A040,0x208298,1965132,1965132,452db02f652d505b93d388590bd9be4356b64018a305d02889e0433c595ab2e9,452db02f652d505b93d388590bd9be4356b64018a305d02889e0433c595ab2e9,1
DATA/01250401.MDZ,0x21A400,0x208658,6261162,6261162,e803e3c7be8d7d3b6e64ceab79f02816ae73d530ff8807712ac077da8505c1da,e803e3c7be8d7d3b6e64ceab79f02816ae73d530ff8807712ac077da8505c1da,1
DATA/01250501.MDZ,0x21AFF2,0x20924A,2952961,2952961,cc56c8895a2c68553b22d529b7a4fc4ab073a873105c7436282758e7de85c1d9,cc56c8895a2c68553b22d529b7a4fc4ab073a873105c7436282758e7de85c1d9,1
DATA/01250801.MDZ,0x21B594,0x2097EC,4533618,4533618,657fa2370b18ff36a77c40bbbdc90977a26ed7137ca6262c8918d32cf693369a,657fa2370b18ff36a77c40bbbdc90977a26ed7137ca6262c8918d32cf693369a,1
DATA/01250901.MDZ,0x21BE3A,0x20A092,3760552,3760552,e0effe76893825e77ee121e78d099600f91aa26b9424708916f876daf72d4159,e0effe76893825e77ee121e78d099600f91aa26b9424708916f876daf72d4159,1
DATA/01260101.MDZ,0x21C567,0x20A7BF,2288037,2288037,bdabdfe51e1a271d92388bebd620a2ce51df9de3b696bd9e6ee1a3115319792c,bdabdfe51e1a271d92388bebd620a2ce51df9de3b696bd9e6ee1a3115319792c,1
DATA/01260102.MDZ,0x21C9C5,0x20AC1D,5531117,5531117,325514a918574ad9e694e1ec36b1b11234e668ecc9a14c657f8e5e7d2cc27bb4,325514a918574ad9e694e1ec36b1b11234e668ecc9a14c657f8e5e7d2cc27bb4,1
DATA/01260201.MDZ,0x21D452,0x20B6AA,7717287,7717287,b25f3521c867b66ac57a848025ea84c0a95437bb796d9d4e724a1dce9e81cba2,b25f3521c867b66ac57a848025ea84c0a95437bb796d9d4e724a1dce9e81cba2,1
DATA/01260701.MDZ,0x21E30B,0x20C563,1881324,1881324,738ade00464f2bcde570839cbbd5c914ef5aba41e1df6b5dc250fd94c871ae0d,738ade00464f2bcde570839cbbd5c914ef5aba41e1df6b5dc250fd94c871ae0d,1
DATA/10214101.MDZ,0x21E6A2,0x20C8FA,2478649,2478649,04e759678f85ba547be13cf82fa548bcfebc20cc0946ef4c5d7bcd044b86e47f,04e759678f85ba547be13cf82fa548bcfebc20cc0946ef4c5d7bcd044b86e47f,1
DATA/10214102.MDZ,0x21EB5D,0x20CDB5,2726756,2726756,0204de9755dd187c1c314fc517488e3eae1d90b7ea792088e08168b803c75273,0204de9755dd187c1c314fc517488e3eae1d90b7ea792088e08168b803c75273,1
DATA/10214103.MDZ,0x21F091,0x20D2E9,2726711,2726711,efdd088e65e6d66dca13076d8c9bc9fa4b8a924c0b6d3a7900ef57cca4464e4a,efdd088e65e6d66dca13076d8c9bc9fa4b8a924c0b6d3a7900ef57cca4464e4a,1
DATA/10214104.MDZ,0x21F5C5,0x20D81D,2726775,2726775,eb11252d5d48ee3a3ab22e23ae30dfb62e471a8c3c606c05faf6d161108474d0,eb11252d5d48ee3a3ab22e23ae30dfb62e471a8c3c606c05faf6d161108474d0,1
DATA/10360601.MDZ,0x21FAF9,0x20DD51,2763232,2763232,556f4e74da51df318e3b490f7e039101ee883f31c20999c5d845352dc2a7590c,556f4e74da51df318e3b490f7e039101ee883f31c20999c5d845352dc2a7590c,1
DATA/10360602.MDZ,0x22003F,0x20E297,2763232,2763232,bc2e5bfb17e5bc9ef2d171db0853cf82bc559b049a9198d4a61357c0780b5039,bc2e5bfb17e5bc9ef2d171db0853cf82bc559b049a9198d4a61357c0780b5039,1
DATA/10450201.MDZ,0x220585,0x20E7DD,3008520,3008520,8079423ba8fe477deef97cb0f11763e95c2858aea8f01570edd56dd22f7267b9,8079423ba8fe477deef97cb0f11763e95c2858aea8f01570edd56dd22f7267b9,1
DATA/10630201.MDZ,0x220B43,0x20ED9B,2366201,2366201,ff6ea6754ec5127d8d468824aa61af759a5b5c098dd3106d67f70092a3e1dfcd,ff6ea6754ec5127d8d468824aa61af759a5b5c098dd3106d67f70092a3e1dfcd,1
DATA/11000000.MDZ,0x220FC7,0x20F21F,1681,1681,a81405d648b015e9387ec6a9d906d48862e8316784315b0df97917eddf9f2057,a81405d648b015e9387ec6a9d906d48862e8316784315b0df97917eddf9f2057,1
DATA/11010000.MDZ,0x220FC8,0x20F220,2013,2013,da7c7d6f257740f2a831f245b8fa34e79302f98811bdb335615c0068fe38b99e,da7c7d6f257740f2a831f245b8fa34e79302f98811bdb335615c0068fe38b99e,1
DATA/11020000.MDZ,0x220FC9,0x20F221,2021,2021,02b176078f3bc8f91966f28a000cdc390f1592dd725d73ab19ee439c4d90169d,02b176078f3bc8f91966f28a000cdc390f1592dd725d73ab19ee439c4d90169d,1
DATA/20000000.MDZ,0x220FCA,0x20F222,166,166,bc2d7761d7a83c57fe79eb42e822dd72ad78338043320ff119040184b455dbc4,bc2d7761d7a83c57fe79eb42e822dd72ad78338043320ff119040184b455dbc4,1
DATA/20100000.MDZ,0x220FCB,0x20F223,166,166,efc431c1585c2e371a8c74f8f80c722b5186e139fc66c1d615ec17e2d9e811ba,efc431c1585c2e371a8c74f8f80c722b5186e139fc66c1d615ec17e2d9e811ba,1
DATA/20200000.MDZ,0x220FCC,0x20F224,167,167,4747462de9ad4f898df5b8ff9b0991f584439d6fa27e6742327e39601e22bfca,4747462de9ad4f898df5b8ff9b0991f584439d6fa27e6742327e39601e22bfca,1
DATA/20300000.MDZ,0x220FCD,0x20F225,168,168,56224982278bb77db25604051475a09d1554d9cd589f0d2fdb5e7bfdb1bbc179,56224982278bb77db25604051475a09d1554d9cd589f0d2fdb5e7bfdb1bbc179,1
DATA/20400000.MDZ,0x220FCE,0x20F226,168,168,b6cda7c97a5789d9c9aae705ac460707e76425bfefc1c717b42cdf40ec8339a8,b6cda7c97a5789d9c9aae705ac460707e76425bfefc1c717b42cdf40ec8339a8,1
DATA/20500000.MDZ,0x220FCF,0x20F227,168,168,99478cad7fef035f882248f9ac2722bc6b861093ba41ff2ae5775174ffc8fd3b,99478cad7fef035f882248f9ac2722bc6b861093ba41ff2ae5775174ffc8fd3b,1
DATA/20600000.MDZ,0x220FD0,0x20F228,167,167,c0e06f72bc5c3cb0cad9714157d88a2e0fcf49c1878357b674ba650dfc49e45d,c0e06f72bc5c3cb0cad9714157d88a2e0fcf49c1878357b674ba650dfc49e45d,1
DATA/20700000.MDZ,0x220FD1,0x20F229,169,169,57fa80ab6e482f1cbc56f378a9a083cdba52222cc1209f26a84f8cf0ffd5834d,57fa80ab6e482f1cbc56f378a9a083cdba52222cc1209f26a84f8cf0ffd5834d,1
DATA/20800000.MDZ,0x220FD2,0x20F22A,169,169,f6fcbd5c29008c6c7655654fb6d2ebc93581581d23cdecbb51239fb38511629f,f6fcbd5c29008c6c7655654fb6d2ebc93581581d23cdecbb51239fb38511629f,1
DATA/20900000.MDZ,0x220FD3,0x20F22B,169,169,9572f996e5ddfb4e0cfa95aa7fc3e1defe9469bc543116448936b3837315e36b,9572f996e5ddfb4e0cfa95aa7fc3e1defe9469bc543116448936b3837315e36b,1
DATA/21000000.MDZ,0x220FD4,0x20F22C,166,166,34f7bda04b4e0481ec3972b6534433f7286f8afd3f72887e33e2482a5c5a5a12,34f7bda04b4e0481ec3972b6534433f7286f8afd3f72887e33e2482a5c5a5a12,1
DATA/21100000.MDZ,0x220FD5,0x20F22D,167,167,f7d655897cfb1e8f37fb9d89211e7fb351781a70f0f93475d76966bda3562c29,f7d655897cfb1e8f37fb9d89211e7fb351781a70f0f93475d76966bda3562c29,1
DATA/21200000.MDZ,0x220FD6,0x20F22E,168,168,69d4e87761b355e0bfa0d37f66dacc606ed6d9cae9c611f9f3ed1f3847a3353c,69d4e87761b355e0bfa0d37f66dacc606ed6d9cae9c611f9f3ed1f3847a3353c,1
DATA/21300000.MDZ,0x220FD7,0x20F22F,166,166,2bb12d1f5b4385ee2e3e31e20bba1df000a68811ec8753cf5bbc8b461f25ce77,2bb12d1f5b4385ee2e3e31e20bba1df000a68811ec8753cf5bbc8b461f25ce77,1
DATA/21400000.MDZ,0x220FD8,0x20F230,168,168,5a94c0facc04eafb28c84c5a1a63fa99d78788b62a297db4dda1bd09dd62d2be,5a94c0facc04eafb28c84c5a1a63fa99d78788b62a297db4dda1bd09dd62d2be,1
DATA/21500000.MDZ,0x220FD9,0x20F231,169,169,7840ef916eac9c9d08c669dd4d824d6b1dcbd5b0eb1a482a9b1fcd45c2c5acb9,7840ef916eac9c9d08c669dd4d824d6b1dcbd5b0eb1a482a9b1fcd45c2c5acb9,1
DATA/21600000.MDZ,0x220FDA,0x20F232,171,171,3adbee44df22838ccf01df67896a04e9330ea64df692de2080abec1a2ed3616f,3adbee44df22838ccf01df67896a04e9330ea64df692de2080abec1a2ed3616f,1
DATA/21700000.MDZ,0x220FDB,0x20F233,169,169,b2a0b09c62ca56fae1c99c0c28e7a580f95dee617e267031aac5959a05e59b24,b2a0b09c62ca56fae1c99c0c28e7a580f95dee617e267031aac5959a05e59b24,1
DATA/21800000.MDZ,0x220FDC,0x20F234,171,171,37eafcad7ba4d9b5fc32f478936680d92fb0c0ab60d84c46ccf01374001b278d,37eafcad7ba4d9b5fc32f478936680d92fb0c0ab60d84c46ccf01374001b278d,1
DATA/21900000.MDZ,0x220FDD,0x20F235,170,170,ce77b7720df64128a49f1e39cd58f98d05fce3234c8d8e9937bfaabf8e36ce7d,ce77b7720df64128a49f1e39cd58f98d05fce3234c8d8e9937bfaabf8e36ce7d,1
DATA/22000000.MDZ,0x220FDE,0x20F236,170,170,345e5d50ab00adcfb022b3fa4fe51234c06765dd243125842324feb5311dabda,345e5d50ab00adcfb022b3fa4fe51234c06765dd243125842324feb5311dabda,1
DATA/22100000.MDZ,0x220FDF,0x20F237,167,167,c6ede7e98c6f8222e4eb34979c26f5caa673ad19e58745cc265c999a0f9762f8,c6ede7e98c6f8222e4eb34979c26f5caa673ad19e58745cc265c999a0f9762f8,1
DATA/22200000.MDZ,0x220FE0,0x20F238,166,166,cbf87ec44b036cb2d025414d268f582004f4422d6a1a0cb468587adc045846db,cbf87ec44b036cb2d025414d268f582004f4422d6a1a0cb468587adc045846db,1
DATA/22300000.MDZ,0x220FE1,0x20F239,168,168,27bf72dc5d212904064c1050edc793838905b242859f6f26c43e67d23827b8f7,27bf72dc5d212904064c1050edc793838905b242859f6f26c43e67d23827b8f7,1
DATA/22400000.MDZ,0x220FE2,0x20F23A,168,168,ff4bbe98263334a9502d457e43268424a63c4dfa9ce370ed7b7b280db9e8b8e1,ff4bbe98263334a9502d457e43268424a63c4dfa9ce370ed7b7b280db9e8b8e1,1
DATA/22500000.MDZ,0x220FE3,0x20F23B,170,170,42dd2ed7d1480e1213eaec7414ed303d5df3641d257def8a9975859c6b260197,42dd2ed7d1480e1213eaec7414ed303d5df3641d257def8a9975859c6b260197,1
DATA/22600000.MDZ,0x220FE4,0x20F23C,168,168,f45e689a08ba45c3a58c3a7334378e17b997b274100e9dee4d2e0607987ffc65,f45e689a08ba45c3a58c3a7334378e17b997b274100e9dee4d2e0607987ffc65,1
DATA/22700000.MDZ,0x220FE5,0x20F23D,167,167,ab9ad4f39d0036685fd9daf75fc3aa1a8cc9c4696215e40cf9f56d829ea5a6b4,ab9ad4f39d0036685fd9daf75fc3aa1a8cc9c4696215e40cf9f56d829ea5a6b4,1
DATA/22800000.MDZ,0x220FE6,0x20F23E,169,169,96c562dd2aa87fddd873c43a926777756f916d1f63bf78a788557cbd5d233d13,96c562dd2aa87fddd873c43a926777756f916d1f63bf78a788557cbd5d233d13,1
DATA/22900000.MDZ,0x220FE7,0x20F23F,169,169,a52acf4715aac7eb2dfc8fc1f2c5970b962da962d292bab13c9fc9e0f2b38022,a52acf4715aac7eb2dfc8fc1f2c5970b962da962d292bab13c9fc9e0f2b38022,1
DATA/23000000.MDZ,0x220FE8,0x20F240,168,168,33092404dae65defa33e5efa100b75fe4d3858186e5f5ab3f4b3573dbe2538a4,33092404dae65defa33e5efa100b75fe4d3858186e5f5ab3f4b3573dbe2538a4,1
DATA/23100000.MDZ,0x220FE9,0x20F241,169,169,085b40ef6a9e18cf19dd2ee6e0ffd4d21deda2e628eb955ad7aeca9841300fa5,085b40ef6a9e18cf19dd2ee6e0ffd4d21deda2e628eb955ad7aeca9841300fa5,1
DATA/23200000.MDZ,0x220FEA,0x20F242,168,168,f4724a9862bb6155fbcf0c15e04c8c8f3d80c4d6bbe2261e7a6b6d26e442d53a,f4724a9862bb6155fbcf0c15e04c8c8f3d80c4d6bbe2261e7a6b6d26e442d53a,1
DATA/23300000.MDZ,0x220FEB,0x20F243,170,170,35265e46f823e563826c6dcf22235ce6464f37cefe041624ed3a898123eb1c93,35265e46f823e563826c6dcf22235ce6464f37cefe041624ed3a898123eb1c93,1
DATA/23400000.MDZ,0x220FEC,0x20F244,171,171,35c7ee1f7c0a5018929e2159f87c5b6ad161d1d567d73e924aa1fad7830ea546,35c7ee1f7c0a5018929e2159f87c5b6ad161d1d567d73e924aa1fad7830ea546,1
DATA/23500000.MDZ,0x220FED,0x20F245,168,168,016e97451d0e8acf29929c2633829fc203e028deaccccbd922a0bc4eb4fed748,016e97451d0e8acf29929c2633829fc203e028deaccccbd922a0bc4eb4fed748,1
DATA/23600000.MDZ,0x220FEE,0x20F246,168,168,983e4d50167d09b0c04931bc238b4d5f64d49831123c6bf0e47c0de515e86db9,983e4d50167d09b0c04931bc238b4d5f64d49831123c6bf0e47c0de515e86db9,1
DATA/23700000.MDZ,0x220FEF,0x20F247,167,167,936ef0d576486dd74d04e6acad4fa5641815790e7723f3c68cff5bb64323d6f1,936ef0d576486dd74d04e6acad4fa5641815790e7723f3c68cff5bb64323d6f1,1
DATA/23800000.MDZ,0x220FF0,0x20F248,168,168,e82c6ddb19af4ec3a16e9b17b83ac9fc1d55c51e14d380fbb335627ffcf598e5,e82c6ddb19af4ec3a16e9b17b83ac9fc1d55c51e14d380fbb335627ffcf598e5,1
DATA/23900000.MDZ,0x220FF1,0x20F249,168,168,b122fbbf73d907c63910457d856e5d214169aa3389709c001aa0fbb7dd20a90d,b122fbbf73d907c63910457d856e5d214169aa3389709c001aa0fbb7dd20a90d,1
DATA/24000000.MDZ,0x220FF2,0x20F24A,165,165,dea487d522668ad993dbb203254275c85f066d41100222cc003325651851caf9,dea487d522668ad993dbb203254275c85f066d41100222cc003325651851caf9,1
DATA/25000000.MDZ,0x220FF3,0x20F24B,165,165,9ff0d413527d0c309bdb895ea75847810c8789b0e67087361ba3f030f0599401,9ff0d413527d0c309bdb895ea75847810c8789b0e67087361ba3f030f0599401,1
DATA/30000000.MDZ,0x220FF4,0x20F24C,5343539,5343539,942b57ea82b80cc905c509e634698754b76bf0fc4695db754e303d54f2637ab8,942b57ea82b80cc905c509e634698754b76bf0fc4695db754e303d54f2637ab8,1
