resource_path,decoded_mdt_path,decoded_size,chunk_index,chunk_tag,chunk_offset,chunk_size,instance_count,zero_run_offset,zero_run_chunk_relative,zero_run_bytes,fits_current_alfina_compressed_package,evidence,safety_status
DATA/00008000.MDZ,build/central-battle-event-complete-v1/scenario-v2/mdt/00008000.MDT,798720,14,0xA0001340,0xA8B00,40960,6,0xAFAE0,0x6FE0,12320,1,STRUCTURAL_CANDIDATE,PENDING_RUNTIME_VALIDATION
DATA/00008000.MDZ,build/central-battle-event-complete-v1/scenario-v2/mdt/00008000.MDT,798720,15,0xA0001341,0xB2B00,63104,10,0xC08F0,0xDDF0,6288,0,STRUCTURAL_CANDIDATE,PENDING_RUNTIME_VALIDATION
DATA/00030000.MDZ,build/central-battle-event-complete-v1/scenario-v2/mdt/00030000.MDT,9505024,54,0xA0001340,0x901380,28416,4,0x905240,0x3EC0,12352,1,STRUCTURAL_CANDIDATE,PENDING_RUNTIME_VALIDATION
DATA/00030100.MDZ,build/central-battle-event-complete-v1/scenario-v2/mdt/00030100.MDT,2971008,50,0xA0001340,0x2C7A80,28416,4,0x2CB940,0x3EC0,12352,1,RUNTIME_PROVEN,RUNTIME_PASS
DATA/00030200.MDZ,build/central-battle-event-complete-v1/scenario-v2/mdt/00030200.MDT,3222016,45,0xA0001340,0x304880,28416,4,0x308740,0x3EC0,12352,1,STRUCTURAL_CANDIDATE,PENDING_RUNTIME_VALIDATION
DATA/00030300.MDZ,build/central-battle-event-complete-v1/scenario-v2/mdt/00030300.MDT,2077184,44,0xA0001340,0x1ED180,28416,4,0x1F1040,0x3EC0,12352,1,STRUCTURAL_CANDIDATE,PENDING_RUNTIME_VALIDATION
DATA/00030400.MDZ,build/central-battle-event-complete-v1/scenario-v2/mdt/00030400.MDT,1422976,47,0xA0001340,0x14DE80,28416,4,0x151D40,0x3EC0,12352,1,STRUCTURAL_CANDIDATE,PENDING_RUNTIME_VALIDATION
DATA/00030500.MDZ,build/central-battle-event-complete-v1/scenario-v2/mdt/00030500.MDT,2804224,50,0xA0001340,0x29EB00,28416,4,0x2A29C0,0x3EC0,12352,1,STRUCTURAL_CANDIDATE,PENDING_RUNTIME_VALIDATION
DATA/00030600.MDZ,build/central-battle-event-complete-v1/scenario-v2/mdt/00030600.MDT,2664960,49,0xA0001340,0x27C480,28416,4,0x280340,0x3EC0,12352,1,STRUCTURAL_CANDIDATE,PENDING_RUNTIME_VALIDATION
DATA/00030800.MDZ,build/central-battle-event-complete-v1/scenario-v2/mdt/00030800.MDT,2868608,47,0xA0001340,0x2AE780,28416,4,0x2B2640,0x3EC0,12352,1,STRUCTURAL_CANDIDATE,PENDING_RUNTIME_VALIDATION
DATA/00030900.MDZ,build/central-battle-event-complete-v1/scenario-v2/mdt/00030900.MDT,2012160,50,0xA0001340,0x1DDA00,28416,4,0x1E18C0,0x3EC0,12352,1,STRUCTURAL_CANDIDATE,PENDING_RUNTIME_VALIDATION
DATA/00031100.MDZ,build/central-battle-event-complete-v1/scenario-v2/mdt/00031100.MDT,2580864,45,0xA0001340,0x268580,28416,4,0x26C440,0x3EC0,12352,1,STRUCTURAL_CANDIDATE,PENDING_RUNTIME_VALIDATION
DATA/00031200.MDZ,build/central-battle-event-complete-v1/scenario-v2/mdt/00031200.MDT,2333568,41,0xA0001340,0x22C300,28416,4,0x2301C0,0x3EC0,12352,1,STRUCTURAL_CANDIDATE,PENDING_RUNTIME_VALIDATION
DATA/00031300.MDZ,build/central-battle-event-complete-v1/scenario-v2/mdt/00031300.MDT,2104576,46,0xA0001340,0x1F4100,28416,4,0x1F7FC0,0x3EC0,12352,1,STRUCTURAL_CANDIDATE,PENDING_RUNTIME_VALIDATION
DATA/00060000.MDZ,build/central-battle-event-complete-v1/scenario-v2/mdt/00060000.MDT,3312768,52,0xA0001340,0x318700,28416,4,0x31C5C0,0x3EC0,12352,1,STRUCTURAL_CANDIDATE,PENDING_RUNTIME_VALIDATION
DATA/00061000.MDZ,build/central-battle-event-complete-v1/scenario-v2/mdt/00061000.MDT,4789760,54,0xA0001340,0x47FD00,28416,4,0x483BC0,0x3EC0,12352,1,STRUCTURAL_CANDIDATE,PENDING_RUNTIME_VALIDATION
DATA/00061100.MDZ,build/central-battle-event-complete-v1/scenario-v2/mdt/00061100.MDT,2620288,44,0xA0001340,0x272380,28416,4,0x276240,0x3EC0,12352,1,STRUCTURAL_CANDIDATE,PENDING_RUNTIME_VALIDATION
DATA/00061300.MDZ,build/central-battle-event-complete-v1/scenario-v2/mdt/00061300.MDT,4364800,53,0xA0001340,0x417B00,28416,4,0x41B9C0,0x3EC0,12352,1,STRUCTURAL_CANDIDATE,PENDING_RUNTIME_VALIDATION
DATA/00090000.MDZ,build/central-battle-event-complete-v1/scenario-v2/mdt/00090000.MDT,2765568,45,0xA0001340,0x295A80,28416,4,0x299940,0x3EC0,12352,1,STRUCTURAL_CANDIDATE,PENDING_RUNTIME_VALIDATION
DATA/00090100.MDZ,build/central-battle-event-complete-v1/scenario-v2/mdt/00090100.MDT,4568320,49,0xA0001340,0x449380,28416,4,0x44D240,0x3EC0,12352,1,STRUCTURAL_CANDIDATE,PENDING_RUNTIME_VALIDATION
DATA/00120000.MDZ,build/central-battle-event-complete-v1/scenario-v2/mdt/00120000.MDT,5657984,51,0xA0001340,0x556200,28416,4,0x55A0C0,0x3EC0,12352,1,STRUCTURAL_CANDIDATE,PENDING_RUNTIME_VALIDATION
DATA/00120100.MDZ,build/central-battle-event-complete-v1/scenario-v2/mdt/00120100.MDT,3206272,45,0xA0001340,0x2FE700,28416,4,0x3025C0,0x3EC0,12352,1,STRUCTURAL_CANDIDATE,PENDING_RUNTIME_VALIDATION
DATA/00120200.MDZ,build/central-battle-event-complete-v1/scenario-v2/mdt/00120200.MDT,2632576,46,0xA0001340,0x274480,28416,4,0x278340,0x3EC0,12352,1,STRUCTURAL_CANDIDATE,PENDING_RUNTIME_VALIDATION
DATA/00150100.MDZ,build/central-battle-event-complete-v1/scenario-v2/mdt/00150100.MDT,4181248,52,0xA0001340,0x3EEC00,28416,4,0x3F2AC0,0x3EC0,12352,1,STRUCTURAL_CANDIDATE,PENDING_RUNTIME_VALIDATION
DATA/00150200.MDZ,build/central-battle-event-complete-v1/scenario-v2/mdt/00150200.MDT,2583296,46,0xA0001340,0x269780,28416,4,0x26D640,0x3EC0,12352,1,STRUCTURAL_CANDIDATE,PENDING_RUNTIME_VALIDATION
DATA/00151000.MDZ,build/central-battle-event-complete-v1/scenario-v2/mdt/00151000.MDT,3241728,49,0xA0001340,0x309300,28416,4,0x30D1C0,0x3EC0,12352,1,STRUCTURAL_CANDIDATE,PENDING_RUNTIME_VALIDATION
DATA/00151100.MDZ,build/central-battle-event-complete-v1/scenario-v2/mdt/00151100.MDT,1580544,42,0xA0001340,0x174580,28416,4,0x178440,0x3EC0,12352,1,STRUCTURAL_CANDIDATE,PENDING_RUNTIME_VALIDATION
DATA/00151200.MDZ,build/central-battle-event-complete-v1/scenario-v2/mdt/00151200.MDT,1471104,45,0xA0001340,0x159E80,28416,4,0x15DD40,0x3EC0,12352,1,STRUCTURAL_CANDIDATE,PENDING_RUNTIME_VALIDATION
DATA/00180100.MDZ,build/central-battle-event-complete-v1/scenario-v2/mdt/00180100.MDT,2838272,47,0xA0001340,0x2A7900,28416,4,0x2AB7C0,0x3EC0,12352,1,STRUCTURAL_CANDIDATE,PENDING_RUNTIME_VALIDATION
DATA/00180200.MDZ,build/central-battle-event-complete-v1/scenario-v2/mdt/00180200.MDT,3702016,51,0xA0001340,0x376480,28416,4,0x37A340,0x3EC0,12352,1,STRUCTURAL_CANDIDATE,PENDING_RUNTIME_VALIDATION
DATA/00180400.MDZ,build/central-battle-event-complete-v1/scenario-v2/mdt/00180400.MDT,5543936,54,0xA0001340,0x537A80,28416,4,0x53B940,0x3EC0,12352,1,STRUCTURAL_CANDIDATE,PENDING_RUNTIME_VALIDATION
DATA/00180500.MDZ,build/central-battle-event-complete-v1/scenario-v2/mdt/00180500.MDT,3223552,51,0xA0001340,0x302600,28416,4,0x3064C0,0x3EC0,12352,1,STRUCTURAL_CANDIDATE,PENDING_RUNTIME_VALIDATION
DATA/00180600.MDZ,build/central-battle-event-complete-v1/scenario-v2/mdt/00180600.MDT,813440,44,0xA0001340,0xB9080,28416,4,0xBCF40,0x3EC0,12352,1,STRUCTURAL_CANDIDATE,PENDING_RUNTIME_VALIDATION
DATA/00180700.MDZ,build/central-battle-event-complete-v1/scenario-v2/mdt/00180700.MDT,3314432,49,0xA0001340,0x319A00,28416,4,0x31D8C0,0x3EC0,12352,1,STRUCTURAL_CANDIDATE,PENDING_RUNTIME_VALIDATION
DATA/00180800.MDZ,build/central-battle-event-complete-v1/scenario-v2/mdt/00180800.MDT,3060224,51,0xA0001340,0x2DB800,28416,4,0x2DF6C0,0x3EC0,12352,1,STRUCTURAL_CANDIDATE,PENDING_RUNTIME_VALIDATION
DATA/00181000.MDZ,build/central-battle-event-complete-v1/scenario-v2/mdt/00181000.MDT,4072832,45,0xA0001340,0x3D4C80,28416,4,0x3D8B40,0x3EC0,12352,1,STRUCTURAL_CANDIDATE,PENDING_RUNTIME_VALIDATION
DATA/00211000.MDZ,build/central-battle-event-complete-v1/scenario-v2/mdt/00211000.MDT,7547776,52,0xA0001340,0x722600,28416,4,0x7264C0,0x3EC0,12352,1,STRUCTURAL_CANDIDATE,PENDING_RUNTIME_VALIDATION
DATA/00212000.MDZ,build/central-battle-event-complete-v1/scenario-v2/mdt/00212000.MDT,5701760,50,0xA0001340,0x55E980,28416,4,0x562840,0x3EC0,12352,1,STRUCTURAL_CANDIDATE,PENDING_RUNTIME_VALIDATION
DATA/00212100.MDZ,build/central-battle-event-complete-v1/scenario-v2/mdt/00212100.MDT,2766208,44,0xA0001340,0x295880,28416,4,0x299740,0x3EC0,12352,1,STRUCTURAL_CANDIDATE,PENDING_RUNTIME_VALIDATION
DATA/00212200.MDZ,build/central-battle-event-complete-v1/scenario-v2/mdt/00212200.MDT,2347648,45,0xA0001340,0x22E480,28416,4,0x232340,0x3EC0,12352,1,STRUCTURAL_CANDIDATE,PENDING_RUNTIME_VALIDATION
DATA/00213100.MDZ,build/central-battle-event-complete-v1/scenario-v2/mdt/00213100.MDT,2779648,44,0xA0001340,0x275480,28416,4,0x279340,0x3EC0,12352,1,STRUCTURAL_CANDIDATE,PENDING_RUNTIME_VALIDATION
DATA/00214000.MDZ,build/central-battle-event-complete-v1/scenario-v2/mdt/00214000.MDT,7802624,52,0xA0001340,0x760000,28416,4,0x763EC0,0x3EC0,12352,1,STRUCTURAL_CANDIDATE,PENDING_RUNTIME_VALIDATION
DATA/00214100.MDZ,build/central-battle-event-complete-v1/scenario-v2/mdt/00214100.MDT,3892992,49,0xA0001340,0x3A8400,28416,4,0x3AC2C0,0x3EC0,12352,1,STRUCTURAL_CANDIDATE,PENDING_RUNTIME_VALIDATION
DATA/00214200.MDZ,build/central-battle-event-complete-v1/scenario-v2/mdt/00214200.MDT,2290688,45,0xA0001340,0x222000,28416,4,0x225EC0,0x3EC0,12352,1,STRUCTURAL_CANDIDATE,PENDING_RUNTIME_VALIDATION
DATA/00214300.MDZ,build/central-battle-event-complete-v1/scenario-v2/mdt/00214300.MDT,2705536,44,0xA0001340,0x286580,28416,4,0x28A440,0x3EC0,12352,1,STRUCTURAL_CANDIDATE,PENDING_RUNTIME_VALIDATION
DATA/00215100.MDZ,build/central-battle-event-complete-v1/scenario-v2/mdt/00215100.MDT,2724352,47,0xA0001340,0x28BA00,28416,4,0x28F8C0,0x3EC0,12352,1,STRUCTURAL_CANDIDATE,PENDING_RUNTIME_VALIDATION
DATA/00215200.MDZ,build/central-battle-event-complete-v1/scenario-v2/mdt/00215200.MDT,2598400,50,0xA0001340,0x26C900,28416,4,0x2707C0,0x3EC0,12352,1,STRUCTURAL_CANDIDATE,PENDING_RUNTIME_VALIDATION
DATA/00216000.MDZ,build/central-battle-event-complete-v1/scenario-v2/mdt/00216000.MDT,5414144,49,0xA0001340,0x51BF80,28416,4,0x51FE40,0x3EC0,12352,1,STRUCTURAL_CANDIDATE,PENDING_RUNTIME_VALIDATION
DATA/00216100.MDZ,build/central-battle-event-complete-v1/scenario-v2/mdt/00216100.MDT,4585600,49,0xA0001340,0x451100,28416,4,0x454FC0,0x3EC0,12352,1,STRUCTURAL_CANDIDATE,PENDING_RUNTIME_VALIDATION
DATA/00217000.MDZ,build/central-battle-event-complete-v1/scenario-v2/mdt/00217000.MDT,4151680,49,0xA0001340,0x3E7B00,28416,4,0x3EB9C0,0x3EC0,12352,1,STRUCTURAL_CANDIDATE,PENDING_RUNTIME_VALIDATION
DATA/00240100.MDZ,build/central-battle-event-complete-v1/scenario-v2/mdt/00240100.MDT,4081408,49,0xA0001340,0x3D3100,28416,4,0x3D6FC0,0x3EC0,12352,1,STRUCTURAL_CANDIDATE,PENDING_RUNTIME_VALIDATION
DATA/00240200.MDZ,build/central-battle-event-complete-v1/scenario-v2/mdt/00240200.MDT,2992000,44,0xA0001340,0x2CD300,28416,4,0x2D11C0,0x3EC0,12352,1,STRUCTURAL_CANDIDATE,PENDING_RUNTIME_VALIDATION
DATA/00240300.MDZ,build/central-battle-event-complete-v1/scenario-v2/mdt/00240300.MDT,2112000,44,0xA0001340,0x1F5E00,28416,4,0x1F9CC0,0x3EC0,12352,1,STRUCTURAL_CANDIDATE,PENDING_RUNTIME_VALIDATION
DATA/00240400.MDZ,build/central-battle-event-complete-v1/scenario-v2/mdt/00240400.MDT,2901120,47,0xA0001340,0x2B6D80,28416,4,0x2BAC40,0x3EC0,12352,1,STRUCTURAL_CANDIDATE,PENDING_RUNTIME_VALIDATION
DATA/00241000.MDZ,build/central-battle-event-complete-v1/scenario-v2/mdt/00241000.MDT,4324736,45,0xA0001340,0x411600,28416,4,0x4154C0,0x3EC0,12352,1,STRUCTURAL_CANDIDATE,PENDING_RUNTIME_VALIDATION
DATA/00241100.MDZ,build/central-battle-event-complete-v1/scenario-v2/mdt/00241100.MDT,3213440,46,0xA0001340,0x302A80,28416,4,0x306940,0x3EC0,12352,1,STRUCTURAL_CANDIDATE,PENDING_RUNTIME_VALIDATION
DATA/00241200.MDZ,build/central-battle-event-complete-v1/scenario-v2/mdt/00241200.MDT,4737792,47,0xA0001340,0x476600,28416,4,0x47A4C0,0x3EC0,12352,1,STRUCTURAL_CANDIDATE,PENDING_RUNTIME_VALIDATION
DATA/00241300.MDZ,build/central-battle-event-complete-v1/scenario-v2/mdt/00241300.MDT,2767104,41,0xA0001340,0x295F80,28416,4,0x299E40,0x3EC0,12352,1,STRUCTURAL_CANDIDATE,PENDING_RUNTIME_VALIDATION
DATA/00241400.MDZ,build/central-battle-event-complete-v1/scenario-v2/mdt/00241400.MDT,2759808,40,0xA0001340,0x294400,28416,4,0x2982C0,0x3EC0,12352,1,STRUCTURAL_CANDIDATE,PENDING_RUNTIME_VALIDATION
DATA/00241500.MDZ,build/central-battle-event-complete-v1/scenario-v2/mdt/00241500.MDT,2682240,43,0xA0001340,0x281180,28416,4,0x285040,0x3EC0,12352,1,STRUCTURAL_CANDIDATE,PENDING_RUNTIME_VALIDATION
DATA/00241600.MDZ,build/central-battle-event-complete-v1/scenario-v2/mdt/00241600.MDT,3205120,47,0xA0001340,0x300780,28416,4,0x304640,0x3EC0,12352,1,STRUCTURAL_CANDIDATE,PENDING_RUNTIME_VALIDATION
DATA/00241700.MDZ,build/central-battle-event-complete-v1/scenario-v2/mdt/00241700.MDT,3982336,49,0xA0001340,0x3BE700,28416,4,0x3C25C0,0x3EC0,12352,1,STRUCTURAL_CANDIDATE,PENDING_RUNTIME_VALIDATION
DATA/00241800.MDZ,build/central-battle-event-complete-v1/scenario-v2/mdt/00241800.MDT,3513344,40,0xA0001340,0x34C200,28416,4,0x3500C0,0x3EC0,12352,1,STRUCTURAL_CANDIDATE,PENDING_RUNTIME_VALIDATION
DATA/00241900.MDZ,build/central-battle-event-complete-v1/scenario-v2/mdt/00241900.MDT,3936256,44,0xA0001340,0x3B2D00,28416,4,0x3B6BC0,0x3EC0,12352,1,STRUCTURAL_CANDIDATE,PENDING_RUNTIME_VALIDATION
DATA/00242000.MDZ,build/central-battle-event-complete-v1/scenario-v2/mdt/00242000.MDT,4082688,51,0xA0001340,0x3D7480,28416,4,0x3DB340,0x3EC0,12352,1,STRUCTURAL_CANDIDATE,PENDING_RUNTIME_VALIDATION
DATA/00242300.MDZ,build/central-battle-event-complete-v1/scenario-v2/mdt/00242300.MDT,2763904,44,0xA0001340,0x295080,28416,4,0x298F40,0x3EC0,12352,1,STRUCTURAL_CANDIDATE,PENDING_RUNTIME_VALIDATION
DATA/00243100.MDZ,build/central-battle-event-complete-v1/scenario-v2/mdt/00243100.MDT,2695552,46,0xA0001340,0x284A80,28416,4,0x288940,0x3EC0,12352,1,STRUCTURAL_CANDIDATE,PENDING_RUNTIME_VALIDATION
DATA/00243200.MDZ,build/central-battle-event-complete-v1/scenario-v2/mdt/00243200.MDT,5158912,43,0xA0001340,0x4DDE00,28416,4,0x4E1CC0,0x3EC0,12352,1,STRUCTURAL_CANDIDATE,PENDING_RUNTIME_VALIDATION
DATA/00243300.MDZ,build/central-battle-event-complete-v1/scenario-v2/mdt/00243300.MDT,3496832,38,0xA0001340,0x348080,28416,4,0x34BF40,0x3EC0,12352,1,STRUCTURAL_CANDIDATE,PENDING_RUNTIME_VALIDATION
DATA/00243400.MDZ,build/central-battle-event-complete-v1/scenario-v2/mdt/00243400.MDT,3667712,49,0xA0001340,0x36E280,28416,4,0x372140,0x3EC0,12352,1,STRUCTURAL_CANDIDATE,PENDING_RUNTIME_VALIDATION
DATA/00243500.MDZ,build/central-battle-event-complete-v1/scenario-v2/mdt/00243500.MDT,4764672,49,0xA0001340,0x47AD00,28416,4,0x47EBC0,0x3EC0,12352,1,STRUCTURAL_CANDIDATE,PENDING_RUNTIME_VALIDATION
DATA/00243600.MDZ,build/central-battle-event-complete-v1/scenario-v2/mdt/00243600.MDT,3171584,44,0xA0001340,0x2F8B00,28416,4,0x2FC9C0,0x3EC0,12352,1,STRUCTURAL_CANDIDATE,PENDING_RUNTIME_VALIDATION
DATA/00270100.MDZ,build/central-battle-event-complete-v1/scenario-v2/mdt/00270100.MDT,4865152,51,0xA0001340,0x492880,28416,4,0x496740,0x3EC0,12352,1,STRUCTURAL_CANDIDATE,PENDING_RUNTIME_VALIDATION
DATA/00270200.MDZ,build/central-battle-event-complete-v1/scenario-v2/mdt/00270200.MDT,4436736,49,0xA0001340,0x429A00,28416,4,0x42D8C0,0x3EC0,12352,1,STRUCTURAL_CANDIDATE,PENDING_RUNTIME_VALIDATION
DATA/00270300.MDZ,build/central-battle-event-complete-v1/scenario-v2/mdt/00270300.MDT,5158016,53,0xA0001340,0x4D9C80,28416,4,0x4DDB40,0x3EC0,12352,1,STRUCTURAL_CANDIDATE,PENDING_RUNTIME_VALIDATION
DATA/00270400.MDZ,build/central-battle-event-complete-v1/scenario-v2/mdt/00270400.MDT,4315520,50,0xA0001340,0x40FD00,28416,4,0x413BC0,0x3EC0,12352,1,STRUCTURAL_CANDIDATE,PENDING_RUNTIME_VALIDATION
DATA/00330100.MDZ,build/central-battle-event-complete-v1/scenario-v2/mdt/00330100.MDT,4610816,50,0xA0001340,0x454A00,28416,4,0x4588C0,0x3EC0,12352,1,STRUCTURAL_CANDIDATE,PENDING_RUNTIME_VALIDATION
DATA/00330200.MDZ,build/central-battle-event-complete-v1/scenario-v2/mdt/00330200.MDT,5931136,50,0xA0001340,0x597500,28416,4,0x59B3C0,0x3EC0,12352,1,STRUCTURAL_CANDIDATE,PENDING_RUNTIME_VALIDATION
DATA/00330300.MDZ,build/central-battle-event-complete-v1/scenario-v2/mdt/00330300.MDT,2527744,50,0xA0001340,0x258700,28416,4,0x25C5C0,0x3EC0,12352,1,STRUCTURAL_CANDIDATE,PENDING_RUNTIME_VALIDATION
DATA/00330400.MDZ,build/central-battle-event-complete-v1/scenario-v2/mdt/00330400.MDT,3764352,47,0xA0001340,0x389A00,28416,4,0x38D8C0,0x3EC0,12352,1,STRUCTURAL_CANDIDATE,PENDING_RUNTIME_VALIDATION
DATA/00360000.MDZ,build/central-battle-event-complete-v1/scenario-v2/mdt/00360000.MDT,6426240,48,0xA0001340,0x611700,28416,4,0x6155C0,0x3EC0,12352,1,STRUCTURAL_CANDIDATE,PENDING_RUNTIME_VALIDATION
DATA/00360100.MDZ,build/central-battle-event-complete-v1/scenario-v2/mdt/00360100.MDT,2176000,44,0xA0001340,0x205700,28416,4,0x2095C0,0x3EC0,12352,1,STRUCTURAL_CANDIDATE,PENDING_RUNTIME_VALIDATION
DATA/00360200.MDZ,build/central-battle-event-complete-v1/scenario-v2/mdt/00360200.MDT,1801984,40,0xA0001340,0x1AA580,28416,4,0x1AE440,0x3EC0,12352,1,STRUCTURAL_CANDIDATE,PENDING_RUNTIME_VALIDATION
DATA/00360300.MDZ,build/central-battle-event-complete-v1/scenario-v2/mdt/00360300.MDT,3028352,44,0xA0001340,0x2D5880,28416,4,0x2D9740,0x3EC0,12352,1,STRUCTURAL_CANDIDATE,PENDING_RUNTIME_VALIDATION
DATA/00360400.MDZ,build/central-battle-event-complete-v1/scenario-v2/mdt/00360400.MDT,2529920,49,0xA0001340,0x25BB00,28416,4,0x25F9C0,0x3EC0,12352,1,STRUCTURAL_CANDIDATE,PENDING_RUNTIME_VALIDATION
DATA/00360500.MDZ,build/central-battle-event-complete-v1/scenario-v2/mdt/00360500.MDT,2051328,39,0xA0001340,0x1E7380,28416,4,0x1EB240,0x3EC0,12352,1,STRUCTURAL_CANDIDATE,PENDING_RUNTIME_VALIDATION
DATA/00360600.MDZ,build/central-battle-event-complete-v1/scenario-v2/mdt/00360600.MDT,2104576,39,0xA0001340,0x1F4380,28416,4,0x1F8240,0x3EC0,12352,1,STRUCTURAL_CANDIDATE,PENDING_RUNTIME_VALIDATION
DATA/00360700.MDZ,build/central-battle-event-complete-v1/scenario-v2/mdt/00360700.MDT,2226176,44,0xA0001340,0x211C00,28416,4,0x215AC0,0x3EC0,12352,1,STRUCTURAL_CANDIDATE,PENDING_RUNTIME_VALIDATION
DATA/00360800.MDZ,build/central-battle-event-complete-v1/scenario-v2/mdt/00360800.MDT,3101568,49,0xA0001340,0x2E7A80,28416,4,0x2EB940,0x3EC0,12352,1,STRUCTURAL_CANDIDATE,PENDING_RUNTIME_VALIDATION
DATA/00361000.MDZ,build/central-battle-event-complete-v1/scenario-v2/mdt/00361000.MDT,2724352,44,0xA0001340,0x267E80,28416,4,0x26BD40,0x3EC0,12352,1,STRUCTURAL_CANDIDATE,PENDING_RUNTIME_VALIDATION
DATA/00361100.MDZ,build/central-battle-event-complete-v1/scenario-v2/mdt/00361100.MDT,2600704,44,0xA0001340,0x26C480,28416,4,0x270340,0x3EC0,12352,1,STRUCTURAL_CANDIDATE,PENDING_RUNTIME_VALIDATION
DATA/00361200.MDZ,build/central-battle-event-complete-v1/scenario-v2/mdt/00361200.MDT,2246144,44,0xA0001340,0x216380,28416,4,0x21A240,0x3EC0,12352,1,STRUCTURAL_CANDIDATE,PENDING_RUNTIME_VALIDATION
DATA/00361300.MDZ,build/central-battle-event-complete-v1/scenario-v2/mdt/00361300.MDT,4742272,47,0xA0001340,0x476B80,28416,4,0x47AA40,0x3EC0,12352,1,STRUCTURAL_CANDIDATE,PENDING_RUNTIME_VALIDATION
DATA/00361400.MDZ,build/central-battle-event-complete-v1/scenario-v2/mdt/00361400.MDT,2744064,47,0xA0001340,0x28FD00,28416,4,0x293BC0,0x3EC0,12352,1,STRUCTURAL_CANDIDATE,PENDING_RUNTIME_VALIDATION
DATA/00362100.MDZ,build/central-battle-event-complete-v1/scenario-v2/mdt/00362100.MDT,7535104,48,0xA0001340,0x71F400,28416,4,0x7232C0,0x3EC0,12352,1,STRUCTURAL_CANDIDATE,PENDING_RUNTIME_VALIDATION
DATA/00362400.MDZ,build/central-battle-event-complete-v1/scenario-v2/mdt/00362400.MDT,2474496,48,0xA0001340,0x24E980,28416,4,0x252840,0x3EC0,12352,1,STRUCTURAL_CANDIDATE,PENDING_RUNTIME_VALIDATION
DATA/00390000.MDZ,build/central-battle-event-complete-v1/scenario-v2/mdt/00390000.MDT,6472576,51,0xA0001340,0x619E80,28416,4,0x61DD40,0x3EC0,12352,1,STRUCTURAL_CANDIDATE,PENDING_RUNTIME_VALIDATION
DATA/00390200.MDZ,build/central-battle-event-complete-v1/scenario-v2/mdt/00390200.MDT,7515648,51,0xA0001340,0x719180,28416,4,0x71D040,0x3EC0,12352,1,STRUCTURAL_CANDIDATE,PENDING_RUNTIME_VALIDATION
DATA/00390300.MDZ,build/central-battle-event-complete-v1/scenario-v2/mdt/00390300.MDT,5534336,49,0xA0001340,0x536500,28416,4,0x53A3C0,0x3EC0,12352,1,STRUCTURAL_CANDIDATE,PENDING_RUNTIME_VALIDATION
DATA/00390500.MDZ,build/central-battle-event-complete-v1/scenario-v2/mdt/00390500.MDT,6490752,48,0xA0001340,0x623600,28416,4,0x6274C0,0x3EC0,12352,1,STRUCTURAL_CANDIDATE,PENDING_RUNTIME_VALIDATION
DATA/00420000.MDZ,build/central-battle-event-complete-v1/scenario-v2/mdt/00420000.MDT,2388864,49,0xA0001340,0x236780,28416,4,0x23A640,0x3EC0,12352,1,STRUCTURAL_CANDIDATE,PENDING_RUNTIME_VALIDATION
DATA/00420100.MDZ,build/central-battle-event-complete-v1/scenario-v2/mdt/00420100.MDT,6118144,50,0xA0001340,0x5C4C00,28416,4,0x5C8AC0,0x3EC0,12352,1,STRUCTURAL_CANDIDATE,PENDING_RUNTIME_VALIDATION
DATA/00420200.MDZ,build/central-battle-event-complete-v1/scenario-v2/mdt/00420200.MDT,5698048,52,0xA0001340,0x55D780,28416,4,0x561640,0x3EC0,12352,1,STRUCTURAL_CANDIDATE,PENDING_RUNTIME_VALIDATION
DATA/00420300.MDZ,build/central-battle-event-complete-v1/scenario-v2/mdt/00420300.MDT,5143296,50,0xA0001340,0x4D6900,28416,4,0x4DA7C0,0x3EC0,12352,1,STRUCTURAL_CANDIDATE,PENDING_RUNTIME_VALIDATION
DATA/00420400.MDZ,build/central-battle-event-complete-v1/scenario-v2/mdt/00420400.MDT,7980416,49,0xA0001340,0x78A980,28416,4,0x78E840,0x3EC0,12352,1,STRUCTURAL_CANDIDATE,PENDING_RUNTIME_VALIDATION
DATA/00420500.MDZ,build/central-battle-event-complete-v1/scenario-v2/mdt/00420500.MDT,4521728,48,0xA0001340,0x440500,28416,4,0x4443C0,0x3EC0,12352,1,STRUCTURAL_CANDIDATE,PENDING_RUNTIME_VALIDATION
DATA/00450000.MDZ,build/central-battle-event-complete-v1/scenario-v2/mdt/00450000.MDT,7678976,53,0xA0001340,0x742A00,28416,4,0x7468C0,0x3EC0,12352,1,STRUCTURAL_CANDIDATE,PENDING_RUNTIME_VALIDATION
DATA/00450200.MDZ,build/central-battle-event-complete-v1/scenario-v2/mdt/00450200.MDT,3293824,47,0xA0001340,0x316880,28416,4,0x31A740,0x3EC0,12352,1,STRUCTURAL_CANDIDATE,PENDING_RUNTIME_VALIDATION
DATA/00450300.MDZ,build/central-battle-event-complete-v1/scenario-v2/mdt/00450300.MDT,3037312,40,0xA0001340,0x2D7E80,28416,4,0x2DBD40,0x3EC0,12352,1,STRUCTURAL_CANDIDATE,PENDING_RUNTIME_VALIDATION
DATA/00450400.MDZ,build/central-battle-event-complete-v1/scenario-v2/mdt/00450400.MDT,3490048,46,0xA0001340,0x346480,28416,4,0x34A340,0x3EC0,12352,1,STRUCTURAL_CANDIDATE,PENDING_RUNTIME_VALIDATION
DATA/00450500.MDZ,build/central-battle-event-complete-v1/scenario-v2/mdt/00450500.MDT,2885504,44,0xA0001340,0x2B2B80,28416,4,0x2B6A40,0x3EC0,12352,1,STRUCTURAL_CANDIDATE,PENDING_RUNTIME_VALIDATION
DATA/00450600.MDZ,build/central-battle-event-complete-v1/scenario-v2/mdt/00450600.MDT,2433408,49,0xA0001340,0x244B80,28416,4,0x248A40,0x3EC0,12352,1,STRUCTURAL_CANDIDATE,PENDING_RUNTIME_VALIDATION
DATA/00450700.MDZ,build/central-battle-event-complete-v1/scenario-v2/mdt/00450700.MDT,2099840,44,0xA0001340,0x1CF700,28416,4,0x1D35C0,0x3EC0,12352,1,STRUCTURAL_CANDIDATE,PENDING_RUNTIME_VALIDATION
DATA/00450800.MDZ,build/central-battle-event-complete-v1/scenario-v2/mdt/00450800.MDT,2923136,43,0xA0001340,0x2BBC80,28416,4,0x2BFB40,0x3EC0,12352,1,STRUCTURAL_CANDIDATE,PENDING_RUNTIME_VALIDATION
DATA/00450900.MDZ,build/central-battle-event-complete-v1/scenario-v2/mdt/00450900.MDT,3263488,43,0xA0001340,0x30E200,28416,4,0x3120C0,0x3EC0,12352,1,STRUCTURAL_CANDIDATE,PENDING_RUNTIME_VALIDATION
DATA/00480000.MDZ,build/central-battle-event-complete-v1/scenario-v2/mdt/00480000.MDT,3460096,45,0xA0001340,0x33F480,28416,4,0x343340,0x3EC0,12352,1,STRUCTURAL_CANDIDATE,PENDING_RUNTIME_VALIDATION
DATA/00480200.MDZ,build/central-battle-event-complete-v1/scenario-v2/mdt/00480200.MDT,5126400,47,0xA0001340,0x4D5100,28416,4,0x4D8FC0,0x3EC0,12352,1,STRUCTURAL_CANDIDATE,PENDING_RUNTIME_VALIDATION
DATA/00480300.MDZ,build/central-battle-event-complete-v1/scenario-v2/mdt/00480300.MDT,3675264,49,0xA0001340,0x373100,28416,4,0x376FC0,0x3EC0,12352,1,STRUCTURAL_CANDIDATE,PENDING_RUNTIME_VALIDATION
DATA/00510000.MDZ,build/central-battle-event-complete-v1/scenario-v2/mdt/00510000.MDT,2078720,44,0xA0001340,0x1EE180,28416,4,0x1F2040,0x3EC0,12352,1,STRUCTURAL_CANDIDATE,PENDING_RUNTIME_VALIDATION
DATA/00510100.MDZ,build/central-battle-event-complete-v1/scenario-v2/mdt/00510100.MDT,3457536,52,0xA0001340,0x339F80,28416,4,0x33DE40,0x3EC0,12352,1,STRUCTURAL_CANDIDATE,PENDING_RUNTIME_VALIDATION
DATA/00510200.MDZ,build/central-battle-event-complete-v1/scenario-v2/mdt/00510200.MDT,5157120,49,0xA0001340,0x4D9E00,28416,4,0x4DDCC0,0x3EC0,12352,1,STRUCTURAL_CANDIDATE,PENDING_RUNTIME_VALIDATION
DATA/00510300.MDZ,build/central-battle-event-complete-v1/scenario-v2/mdt/00510300.MDT,4875136,45,0xA0001340,0x498E00,28416,4,0x49CCC0,0x3EC0,12352,1,STRUCTURAL_CANDIDATE,PENDING_RUNTIME_VALIDATION
DATA/00510400.MDZ,build/central-battle-event-complete-v1/scenario-v2/mdt/00510400.MDT,6457728,52,0xA0001340,0x616D00,28416,4,0x61ABC0,0x3EC0,12352,1,STRUCTURAL_CANDIDATE,PENDING_RUNTIME_VALIDATION
DATA/00540000.MDZ,build/central-battle-event-complete-v1/scenario-v2/mdt/00540000.MDT,7317376,50,0xA0001340,0x6E9680,28416,4,0x6ED540,0x3EC0,12352,1,STRUCTURAL_CANDIDATE,PENDING_RUNTIME_VALIDATION
DATA/00540100.MDZ,build/central-battle-event-complete-v1/scenario-v2/mdt/00540100.MDT,5189888,51,0xA0001340,0x4E2200,28416,4,0x4E60C0,0x3EC0,12352,1,STRUCTURAL_CANDIDATE,PENDING_RUNTIME_VALIDATION
DATA/00540200.MDZ,build/central-battle-event-complete-v1/scenario-v2/mdt/00540200.MDT,8155520,54,0xA0001340,0x7B6780,28416,4,0x7BA640,0x3EC0,12352,1,STRUCTURAL_CANDIDATE,PENDING_RUNTIME_VALIDATION
DATA/00540300.MDZ,build/central-battle-event-complete-v1/scenario-v2/mdt/00540300.MDT,6391168,51,0xA0001340,0x607A00,28416,4,0x60B8C0,0x3EC0,12352,1,STRUCTURAL_CANDIDATE,PENDING_RUNTIME_VALIDATION
DATA/00540400.MDZ,build/central-battle-event-complete-v1/scenario-v2/mdt/00540400.MDT,4850816,40,0xA0001340,0x492980,28416,4,0x496840,0x3EC0,12352,1,STRUCTURAL_CANDIDATE,PENDING_RUNTIME_VALIDATION
DATA/00540500.MDZ,build/central-battle-event-complete-v1/scenario-v2/mdt/00540500.MDT,3022592,44,0xA0001340,0x2D4480,28416,4,0x2D8340,0x3EC0,12352,1,STRUCTURAL_CANDIDATE,PENDING_RUNTIME_VALIDATION
DATA/00540600.MDZ,build/central-battle-event-complete-v1/scenario-v2/mdt/00540600.MDT,5087488,38,0xA0001340,0x4CCD00,28416,4,0x4D0BC0,0x3EC0,12352,1,STRUCTURAL_CANDIDATE,PENDING_RUNTIME_VALIDATION
DATA/00540700.MDZ,build/central-battle-event-complete-v1/scenario-v2/mdt/00540700.MDT,4289024,44,0xA0001340,0x409A00,28416,4,0x40D8C0,0x3EC0,12352,1,STRUCTURAL_CANDIDATE,PENDING_RUNTIME_VALIDATION
DATA/00570000.MDZ,build/central-battle-event-complete-v1/scenario-v2/mdt/00570000.MDT,6014848,49,0xA0001340,0x5AB280,28416,4,0x5AF140,0x3EC0,12352,1,STRUCTURAL_CANDIDATE,PENDING_RUNTIME_VALIDATION
DATA/00570100.MDZ,build/central-battle-event-complete-v1/scenario-v2/mdt/00570100.MDT,4438144,50,0xA0001340,0x42C200,28416,4,0x4300C0,0x3EC0,12352,1,STRUCTURAL_CANDIDATE,PENDING_RUNTIME_VALIDATION
DATA/00570200.MDZ,build/central-battle-event-complete-v1/scenario-v2/mdt/00570200.MDT,6215936,51,0xA0001340,0x5DC600,28416,4,0x5E04C0,0x3EC0,12352,1,STRUCTURAL_CANDIDATE,PENDING_RUNTIME_VALIDATION
DATA/00570300.MDZ,build/central-battle-event-complete-v1/scenario-v2/mdt/00570300.MDT,7339520,49,0xA0001340,0x6EE680,28416,4,0x6F2540,0x3EC0,12352,1,STRUCTURAL_CANDIDATE,PENDING_RUNTIME_VALIDATION
DATA/00570500.MDZ,build/central-battle-event-complete-v1/scenario-v2/mdt/00570500.MDT,5106432,50,0xA0001340,0x4CD680,28416,4,0x4D1540,0x3EC0,12352,1,STRUCTURAL_CANDIDATE,PENDING_RUNTIME_VALIDATION
DATA/00570600.MDZ,build/central-battle-event-complete-v1/scenario-v2/mdt/00570600.MDT,3677824,45,0xA0001340,0x374800,28416,4,0x3786C0,0x3EC0,12352,1,STRUCTURAL_CANDIDATE,PENDING_RUNTIME_VALIDATION
DATA/00570700.MDZ,build/central-battle-event-complete-v1/scenario-v2/mdt/00570700.MDT,2284032,44,0xA0001340,0x220580,28416,4,0x224440,0x3EC0,12352,1,STRUCTURAL_CANDIDATE,PENDING_RUNTIME_VALIDATION
DATA/00600000.MDZ,build/central-battle-event-complete-v1/scenario-v2/mdt/00600000.MDT,4297088,50,0xA0001340,0x408C00,28416,4,0x40CAC0,0x3EC0,12352,1,STRUCTURAL_CANDIDATE,PENDING_RUNTIME_VALIDATION
DATA/00600100.MDZ,build/central-battle-event-complete-v1/scenario-v2/mdt/00600100.MDT,3216128,50,0xA0001340,0x300280,28416,4,0x304140,0x3EC0,12352,1,STRUCTURAL_CANDIDATE,PENDING_RUNTIME_VALIDATION
DATA/00600200.MDZ,build/central-battle-event-complete-v1/scenario-v2/mdt/00600200.MDT,3044352,49,0xA0001340,0x2D6780,28416,4,0x2DA640,0x3EC0,12352,1,STRUCTURAL_CANDIDATE,PENDING_RUNTIME_VALIDATION
DATA/00605000.MDZ,build/central-battle-event-complete-v1/scenario-v2/mdt/00605000.MDT,4766208,51,0xA0001340,0x47B580,28416,4,0x47F440,0x3EC0,12352,1,STRUCTURAL_CANDIDATE,PENDING_RUNTIME_VALIDATION
DATA/00605100.MDZ,build/central-battle-event-complete-v1/scenario-v2/mdt/00605100.MDT,3173888,50,0xA0001340,0x2F5D80,28416,4,0x2F9C40,0x3EC0,12352,1,STRUCTURAL_CANDIDATE,PENDING_RUNTIME_VALIDATION
DATA/00605200.MDZ,build/central-battle-event-complete-v1/scenario-v2/mdt/00605200.MDT,3442560,49,0xA0001340,0x337B00,28416,4,0x33B9C0,0x3EC0,12352,1,STRUCTURAL_CANDIDATE,PENDING_RUNTIME_VALIDATION
DATA/00630000.MDZ,build/central-battle-event-complete-v1/scenario-v2/mdt/00630000.MDT,7486720,51,0xA0001340,0x715600,28416,4,0x7194C0,0x3EC0,12352,1,STRUCTURAL_CANDIDATE,PENDING_RUNTIME_VALIDATION
DATA/00630100.MDZ,build/central-battle-event-complete-v1/scenario-v2/mdt/00630100.MDT,3812864,49,0xA0001340,0x394C00,28416,4,0x398AC0,0x3EC0,12352,1,STRUCTURAL_CANDIDATE,PENDING_RUNTIME_VALIDATION
DATA/00630200.MDZ,build/central-battle-event-complete-v1/scenario-v2/mdt/00630200.MDT,2054272,44,0xA0001340,0x1E8480,28416,4,0x1EC340,0x3EC0,12352,1,STRUCTURAL_CANDIDATE,PENDING_RUNTIME_VALIDATION
DATA/00630300.MDZ,build/central-battle-event-complete-v1/scenario-v2/mdt/00630300.MDT,2488448,39,0xA0001340,0x251F00,28416,4,0x255DC0,0x3EC0,12352,1,STRUCTURAL_CANDIDATE,PENDING_RUNTIME_VALIDATION
DATA/00630400.MDZ,build/central-battle-event-complete-v1/scenario-v2/mdt/00630400.MDT,2535552,44,0xA0001340,0x25D480,28416,4,0x261340,0x3EC0,12352,1,STRUCTURAL_CANDIDATE,PENDING_RUNTIME_VALIDATION
DATA/00630500.MDZ,build/central-battle-event-complete-v1/scenario-v2/mdt/00630500.MDT,3749888,47,0xA0001340,0x386200,28416,4,0x38A0C0,0x3EC0,12352,1,STRUCTURAL_CANDIDATE,PENDING_RUNTIME_VALIDATION
DATA/00630600.MDZ,build/central-battle-event-complete-v1/scenario-v2/mdt/00630600.MDT,2750464,44,0xA0001340,0x26E480,28416,4,0x272340,0x3EC0,12352,1,STRUCTURAL_CANDIDATE,PENDING_RUNTIME_VALIDATION
DATA/00630700.MDZ,build/central-battle-event-complete-v1/scenario-v2/mdt/00630700.MDT,3582464,49,0xA0001340,0x35C580,28416,4,0x360440,0x3EC0,12352,1,STRUCTURAL_CANDIDATE,PENDING_RUNTIME_VALIDATION
DATA/00630800.MDZ,build/central-battle-event-complete-v1/scenario-v2/mdt/00630800.MDT,3666560,49,0xA0001340,0x370900,28416,4,0x3747C0,0x3EC0,12352,1,STRUCTURAL_CANDIDATE,PENDING_RUNTIME_VALIDATION
DATA/00630900.MDZ,build/central-battle-event-complete-v1/scenario-v2/mdt/00630900.MDT,3564288,45,0xA0001340,0x356980,28416,4,0x35A840,0x3EC0,12352,1,STRUCTURAL_CANDIDATE,PENDING_RUNTIME_VALIDATION
DATA/00635000.MDZ,build/central-battle-event-complete-v1/scenario-v2/mdt/00635000.MDT,8806272,54,0xA0001340,0x855F00,28416,4,0x859DC0,0x3EC0,12352,1,STRUCTURAL_CANDIDATE,PENDING_RUNTIME_VALIDATION
DATA/00660000.MDZ,build/central-battle-event-complete-v1/scenario-v2/mdt/00660000.MDT,1829888,44,0xA0001340,0x1B1380,28416,4,0x1B5240,0x3EC0,12352,1,STRUCTURAL_CANDIDATE,PENDING_RUNTIME_VALIDATION
DATA/00660100.MDZ,build/central-battle-event-complete-v1/scenario-v2/mdt/00660100.MDT,4317824,51,0xA0001340,0x40C180,28416,4,0x410040,0x3EC0,12352,1,STRUCTURAL_CANDIDATE,PENDING_RUNTIME_VALIDATION
DATA/00660200.MDZ,build/central-battle-event-complete-v1/scenario-v2/mdt/00660200.MDT,4261888,50,0xA0001340,0x400E80,28416,4,0x404D40,0x3EC0,12352,1,STRUCTURAL_CANDIDATE,PENDING_RUNTIME_VALIDATION
DATA/00660300.MDZ,build/central-battle-event-complete-v1/scenario-v2/mdt/00660300.MDT,7359232,50,0xA0001340,0x6F3480,28416,4,0x6F7340,0x3EC0,12352,1,STRUCTURAL_CANDIDATE,PENDING_RUNTIME_VALIDATION
DATA/00660400.MDZ,build/central-battle-event-complete-v1/scenario-v2/mdt/00660400.MDT,4682496,40,0xA0001340,0x469800,28416,4,0x46D6C0,0x3EC0,12352,1,STRUCTURAL_CANDIDATE,PENDING_RUNTIME_VALIDATION
DATA/00660500.MDZ,build/central-battle-event-complete-v1/scenario-v2/mdt/00660500.MDT,4590720,46,0xA0001340,0x453580,28416,4,0x457440,0x3EC0,12352,1,STRUCTURAL_CANDIDATE,PENDING_RUNTIME_VALIDATION
DATA/00660700.MDZ,build/central-battle-event-complete-v1/scenario-v2/mdt/00660700.MDT,4670592,52,0xA0001340,0x466C00,28416,4,0x46AAC0,0x3EC0,12352,1,STRUCTURAL_CANDIDATE,PENDING_RUNTIME_VALIDATION
DATA/00690000.MDZ,build/central-battle-event-complete-v1/scenario-v2/mdt/00690000.MDT,7782272,49,0xA0001340,0x75A480,28416,4,0x75E340,0x3EC0,12352,1,STRUCTURAL_CANDIDATE,PENDING_RUNTIME_VALIDATION
DATA/00690200.MDZ,build/central-battle-event-complete-v1/scenario-v2/mdt/00690200.MDT,7658752,48,0xA0001340,0x73E380,28416,4,0x742240,0x3EC0,12352,1,STRUCTURAL_CANDIDATE,PENDING_RUNTIME_VALIDATION
DATA/00690200.MDZ,build/central-battle-event-complete-v1/scenario-v2/mdt/00690200.MDT,7658752,3,0x03100000,0x2CFD80,3799808,2,0x66E7D0,0x39EA50,4272,0,STRUCTURAL_CANDIDATE,PENDING_RUNTIME_VALIDATION
DATA/00690300.MDZ,build/central-battle-event-complete-v1/scenario-v2/mdt/00690300.MDT,7617792,49,0xA0001340,0x731200,28416,4,0x7350C0,0x3EC0,12352,1,STRUCTURAL_CANDIDATE,PENDING_RUNTIME_VALIDATION
DATA/00690400.MDZ,build/central-battle-event-complete-v1/scenario-v2/mdt/00690400.MDT,6397568,50,0xA0001340,0x608280,28416,4,0x60C140,0x3EC0,12352,1,STRUCTURAL_CANDIDATE,PENDING_RUNTIME_VALIDATION
DATA/00690500.MDZ,build/central-battle-event-complete-v1/scenario-v2/mdt/00690500.MDT,5921408,50,0xA0001340,0x595900,28416,4,0x5997C0,0x3EC0,12352,1,STRUCTURAL_CANDIDATE,PENDING_RUNTIME_VALIDATION
DATA/00690600.MDZ,build/central-battle-event-complete-v1/scenario-v2/mdt/00690600.MDT,7366400,52,0xA0001340,0x6F8880,28416,4,0x6FC740,0x3EC0,12352,1,STRUCTURAL_CANDIDATE,PENDING_RUNTIME_VALIDATION
DATA/00690700.MDZ,build/central-battle-event-complete-v1/scenario-v2/mdt/00690700.MDT,2044544,44,0xA0001340,0x1E5E80,28416,4,0x1E9D40,0x3EC0,12352,1,STRUCTURAL_CANDIDATE,PENDING_RUNTIME_VALIDATION
DATA/00695000.MDZ,build/central-battle-event-complete-v1/scenario-v2/mdt/00695000.MDT,6914944,49,0xA0001340,0x688180,28416,4,0x68C040,0x3EC0,12352,1,STRUCTURAL_CANDIDATE,PENDING_RUNTIME_VALIDATION
DATA/00695200.MDZ,build/central-battle-event-complete-v1/scenario-v2/mdt/00695200.MDT,6189696,46,0xA0001340,0x5D6D80,28416,4,0x5DAC40,0x3EC0,12352,1,STRUCTURAL_CANDIDATE,PENDING_RUNTIME_VALIDATION
DATA/00700100.MDZ,build/central-battle-event-complete-v1/scenario-v2/mdt/00700100.MDT,2596352,50,0xA0001340,0x26C500,28416,4,0x2703C0,0x3EC0,12352,1,STRUCTURAL_CANDIDATE,PENDING_RUNTIME_VALIDATION
DATA/01030401.MDZ,build/central-battle-event-complete-v1/scenario-v2/mdt/01030401.MDT,3810944,35,0xA0001340,0x396680,28416,4,0x39A540,0x3EC0,12352,1,STRUCTURAL_CANDIDATE,PENDING_RUNTIME_VALIDATION
DATA/01051101.MDZ,build/central-battle-event-complete-v1/scenario-v2/mdt/01051101.MDT,4300672,32,0xA0001340,0x40D080,28416,4,0x410F40,0x3EC0,12352,1,STRUCTURAL_CANDIDATE,PENDING_RUNTIME_VALIDATION
DATA/01070401.MDZ,build/central-battle-event-complete-v1/scenario-v2/mdt/01070401.MDT,4244480,32,0xA0001340,0x3FFA80,28416,4,0x403940,0x3EC0,12352,1,STRUCTURAL_CANDIDATE,PENDING_RUNTIME_VALIDATION
DATA/01080701.MDZ,build/central-battle-event-complete-v1/scenario-v2/mdt/01080701.MDT,3024128,44,0xA0001340,0x2D6A80,28416,4,0x2DA940,0x3EC0,12352,1,STRUCTURAL_CANDIDATE,PENDING_RUNTIME_VALIDATION
DATA/01080801.MDZ,build/central-battle-event-complete-v1/scenario-v2/mdt/01080801.MDT,4600960,32,0xA0001340,0x456B00,28416,4,0x45A9C0,0x3EC0,12352,1,STRUCTURAL_CANDIDATE,PENDING_RUNTIME_VALIDATION
DATA/01090401.MDZ,build/central-battle-event-complete-v1/scenario-v2/mdt/01090401.MDT,1892864,44,0xA0001340,0x1C2A00,28416,4,0x1C68C0,0x3EC0,12352,1,STRUCTURAL_CANDIDATE,PENDING_RUNTIME_VALIDATION
DATA/01140401.MDZ,build/central-battle-event-complete-v1/scenario-v2/mdt/01140401.MDT,3649024,32,0xA0001340,0x36E300,28416,4,0x3721C0,0x3EC0,12352,1,STRUCTURAL_CANDIDATE,PENDING_RUNTIME_VALIDATION
DATA/01150401.MDZ,build/central-battle-event-complete-v1/scenario-v2/mdt/01150401.MDT,1122816,3,0x03100000,0x2080,1053952,1,0xF5D10,0xF3C90,55408,1,STRUCTURAL_CANDIDATE,PENDING_RUNTIME_VALIDATION
DATA/01160301.MDZ,build/central-battle-event-complete-v1/scenario-v2/mdt/01160301.MDT,6884352,49,0xA0001340,0x685600,28416,4,0x6894C0,0x3EC0,12352,1,STRUCTURAL_CANDIDATE,PENDING_RUNTIME_VALIDATION
DATA/01160901.MDZ,build/central-battle-event-complete-v1/scenario-v2/mdt/01160901.MDT,4958976,32,0xA0001340,0x4AD500,28416,4,0x4B13C0,0x3EC0,12352,1,STRUCTURAL_CANDIDATE,PENDING_RUNTIME_VALIDATION
DATA/01180604.MDZ,build/central-battle-event-complete-v1/scenario-v2/mdt/01180604.MDT,4101248,32,0xA0001340,0x3DBE80,28416,4,0x3DFD40,0x3EC0,12352,1,STRUCTURAL_CANDIDATE,PENDING_RUNTIME_VALIDATION
DATA/01210101.MDZ,build/central-battle-event-complete-v1/scenario-v2/mdt/01210101.MDT,5303424,49,0xA0001340,0x503880,28416,4,0x507740,0x3EC0,12352,1,STRUCTURAL_CANDIDATE,PENDING_RUNTIME_VALIDATION
DATA/01210301.MDZ,build/central-battle-event-complete-v1/scenario-v2/mdt/01210301.MDT,3461248,42,0xA0001340,0x341780,28416,4,0x345640,0x3EC0,12352,1,STRUCTURAL_CANDIDATE,PENDING_RUNTIME_VALIDATION
DATA/01210401.MDZ,build/central-battle-event-complete-v1/scenario-v2/mdt/01210401.MDT,4827008,42,0xA0001340,0x48EE80,28416,4,0x492D40,0x3EC0,12352,1,STRUCTURAL_CANDIDATE,PENDING_RUNTIME_VALIDATION
DATA/01210501.MDZ,build/central-battle-event-complete-v1/scenario-v2/mdt/01210501.MDT,2556032,42,0xA0001340,0x264500,28416,4,0x2683C0,0x3EC0,12352,1,STRUCTURAL_CANDIDATE,PENDING_RUNTIME_VALIDATION
DATA/01210502.MDZ,build/central-battle-event-complete-v1/scenario-v2/mdt/01210502.MDT,4439424,44,0xA0001340,0x430680,28416,4,0x434540,0x3EC0,12352,1,STRUCTURAL_CANDIDATE,PENDING_RUNTIME_VALIDATION
DATA/01210801.MDZ,build/central-battle-event-complete-v1/scenario-v2/mdt/01210801.MDT,5071744,46,0xA0001340,0x4CAB80,28416,4,0x4CEA40,0x3EC0,12352,1,STRUCTURAL_CANDIDATE,PENDING_RUNTIME_VALIDATION
DATA/01240401.MDZ,build/central-battle-event-complete-v1/scenario-v2/mdt/01240401.MDT,7616128,48,0xA0001340,0x738280,28416,4,0x73C140,0x3EC0,12352,1,STRUCTURAL_CANDIDATE,PENDING_RUNTIME_VALIDATION
DATA/01240501.MDZ,build/central-battle-event-complete-v1/scenario-v2/mdt/01240501.MDT,7341824,48,0xA0001340,0x6F5600,28416,4,0x6F94C0,0x3EC0,12352,1,STRUCTURAL_CANDIDATE,PENDING_RUNTIME_VALIDATION
DATA/01240501.MDZ,build/central-battle-event-complete-v1/scenario-v2/mdt/01240501.MDT,7341824,3,0x03100000,0x222800,4909312,1,0x6CF690,0x4ACE90,6768,0,STRUCTURAL_CANDIDATE,PENDING_RUNTIME_VALIDATION
DATA/01250101.MDZ,build/central-battle-event-complete-v1/scenario-v2/mdt/01250101.MDT,2940032,41,0xA0001340,0x2C2800,28416,4,0x2C66C0,0x3EC0,12352,1,STRUCTURAL_CANDIDATE,PENDING_RUNTIME_VALIDATION
DATA/10214101.MDZ,build/central-battle-event-complete-v1/scenario-v2/mdt/10214101.MDT,4739200,32,0xA0001340,0x478580,28416,4,0x47C440,0x3EC0,12352,1,STRUCTURAL_CANDIDATE,PENDING_RUNTIME_VALIDATION
DATA/10214102.MDZ,build/central-battle-event-complete-v1/scenario-v2/mdt/10214102.MDT,5190016,32,0xA0001340,0x4E5B80,28416,4,0x4E9A40,0x3EC0,12352,1,STRUCTURAL_CANDIDATE,PENDING_RUNTIME_VALIDATION
DATA/10214103.MDZ,build/central-battle-event-complete-v1/scenario-v2/mdt/10214103.MDT,5190016,32,0xA0001340,0x4E5B80,28416,4,0x4E9A40,0x3EC0,12352,1,STRUCTURAL_CANDIDATE,PENDING_RUNTIME_VALIDATION
DATA/10214104.MDZ,build/central-battle-event-complete-v1/scenario-v2/mdt/10214104.MDT,5190016,32,0xA0001340,0x4E5B80,28416,4,0x4E9A40,0x3EC0,12352,1,STRUCTURAL_CANDIDATE,PENDING_RUNTIME_VALIDATION
DATA/10360601.MDZ,build/central-battle-event-complete-v1/scenario-v2/mdt/10360601.MDT,4101248,32,0xA0001340,0x3DBE80,28416,4,0x3DFD40,0x3EC0,12352,1,STRUCTURAL_CANDIDATE,PENDING_RUNTIME_VALIDATION
DATA/10360602.MDZ,build/central-battle-event-complete-v1/scenario-v2/mdt/10360602.MDT,4101248,32,0xA0001340,0x3DBE80,28416,4,0x3DFD40,0x3EC0,12352,1,STRUCTURAL_CANDIDATE,PENDING_RUNTIME_VALIDATION
DATA/10450201.MDZ,build/central-battle-event-complete-v1/scenario-v2/mdt/10450201.MDT,4958976,32,0xA0001340,0x4AD500,28416,4,0x4B13C0,0x3EC0,12352,1,STRUCTURAL_CANDIDATE,PENDING_RUNTIME_VALIDATION
DATA/10630201.MDZ,build/central-battle-event-complete-v1/scenario-v2/mdt/10630201.MDT,3799168,35,0xA0001340,0x392800,28416,4,0x3966C0,0x3EC0,12352,1,STRUCTURAL_CANDIDATE,PENDING_RUNTIME_VALIDATION
