sequence_rank,priority,event_id,stream_key,entry_index,sample_ids,suggested_runtime_trigger_sample_ids,trigger_evidence,duration_ms,duration_seconds,audio_path,audio_status,scene_name,disc_usage,resource_path,runtime_trigger_sample_ids,runtime_status,japanese_status,korean_status,cue_status,package_status,review_notes
1,1,gr3_stream_0038,0x38,55,0x2BC;0x2BD,0x2BD,INFERRED_FROM_0x415_META_PATTERN,8064,8.064,audio/extracted/gr3_rendered_events/stream_0038.flac,PASS,,COMMON_ARCHIVE_RUNTIME_UNKNOWN,,,PENDING_RUNTIME_MAPPING,AUTO_TRANSCRIBED_REVIEW,PENDING_TRANSLATION,PENDING_CUES,PENDING_RESOURCE_STORAGE,
2,1,gr3_stream_0039,0x39,56,0x2BE;0x2BF,0x2BF,INFERRED_FROM_0x415_META_PATTERN,7765,7.765,audio/extracted/gr3_rendered_events/stream_0039.flac,PASS,,COMMON_ARCHIVE_RUNTIME_UNKNOWN,,,PENDING_RUNTIME_MAPPING,AUTO_LOW_CONFIDENCE_REVIEW,PENDING_TRANSLATION,PENDING_CUES,PENDING_RESOURCE_STORAGE,
3,3,gr3_stream_004f,0x4F,78,0x39C;0x39D,0x39D,INFERRED_FROM_0x415_META_PATTERN,65259,65.259,audio/extracted/gr3_rendered_events/stream_004f.flac,PASS,,COMMON_ARCHIVE_RUNTIME_UNKNOWN,,,PENDING_RUNTIME_MAPPING,AUTO_LOW_CONFIDENCE_REVIEW,PENDING_TRANSLATION,PENDING_CUES,PENDING_RESOURCE_STORAGE,
4,3,miranda_neighbor_event_0053,0x53,82,0x3EC;0x3ED,0x3ED,INFERRED_FROM_0x415_META_PATTERN,61376,61.376,audio/extracted/gr3_rendered_events/stream_0053.flac,PASS,초반 아줌마가 미란다에게 차를 권하는 장면,DISC1_RUNTIME_OBSERVED,DATA/01010105.MDZ,0x3EC,RUNTIME_OBSERVED_SPU_SYNC_CORRECTED,REVIEWED,REVIEWED,READY_60HZ,GR3SUB_BIN_PREPARED,슬롯 1 SPU2와 cue 경계 재검증 완료
5,1,miranda_wakes_yuki_event_0054,0x54,83,0x3EE;0x3EF,0x3EF,INFERRED_FROM_0x415_META_PATTERN,22997,22.997,audio/extracted/gr3_rendered_events/stream_0054.flac,PASS,미란다가 유우키를 깨우러 가는 장면,DISC1_RUNTIME_OBSERVED,DATA/01010201.MDZ,0x3EF,RUNTIME_SPU_PROVEN_AUDIO_ALIGNED_CUES,REVIEWED,REVIEWED,READY_60HZ,GR3SUB_BIN_PREPARED,슬롯 2 active SPU voices 8/9로 stream 0x54 확정
6,1,garage_event_0055,0x55,84,0x3F0;0x3F1,0x3F1,RUNTIME_OBSERVED_0x3F0,23296,23.296,audio/extracted/gr3_rendered_events/stream_0055.flac,PASS,,COMMON_ARCHIVE_RUNTIME_UNKNOWN,,,PENDING_RUNTIME_MAPPING,AUTO_LOW_CONFIDENCE_REVIEW,PENDING_TRANSLATION,PENDING_CUES,PENDING_RESOURCE_STORAGE,
7,4,gr3_stream_0056,0x56,85,0x3F2;0x3F3,0x3F3,INFERRED_FROM_0x415_META_PATTERN,137536,137.536,audio/extracted/gr3_rendered_events/stream_0056.flac,PASS,,COMMON_ARCHIVE_RUNTIME_UNKNOWN,,,PENDING_RUNTIME_MAPPING,AUTO_TRANSCRIBED_REVIEW,PENDING_TRANSLATION,PENDING_CUES,PENDING_RESOURCE_STORAGE,
8,4,gr3_stream_0057,0x57,86,0x3F4;0x3F5,0x3F5,INFERRED_FROM_0x415_META_PATTERN,138283,138.283,audio/extracted/gr3_rendered_events/stream_0057.flac,PASS,,COMMON_ARCHIVE_RUNTIME_UNKNOWN,,,PENDING_RUNTIME_MAPPING,AUTO_LOW_CONFIDENCE_REVIEW,PENDING_TRANSLATION,PENDING_CUES,PENDING_RESOURCE_STORAGE,
9,4,gr3_stream_0058,0x58,87,0x3F6;0x3F7,0x3F7,INFERRED_FROM_0x415_META_PATTERN,142613,142.613,audio/extracted/gr3_rendered_events/stream_0058.flac,PASS,,COMMON_ARCHIVE_RUNTIME_UNKNOWN,,,PENDING_RUNTIME_MAPPING,AUTO_TRANSCRIBED_REVIEW,PENDING_TRANSLATION,PENDING_CUES,PENDING_RESOURCE_STORAGE,
10,4,gr3_stream_0059,0x59,88,0x3F8;0x3F9,0x3F9,INFERRED_FROM_0x415_META_PATTERN,142613,142.613,audio/extracted/gr3_rendered_events/stream_0059.flac,PASS,,COMMON_ARCHIVE_RUNTIME_UNKNOWN,,,PENDING_RUNTIME_MAPPING,AUTO_TRANSCRIBED_REVIEW,PENDING_TRANSLATION,PENDING_CUES,PENDING_RESOURCE_STORAGE,
11,2,carriage_overturn_event_005a,0x5A,89,0x3FA;0x3FB,0x3FB,INFERRED_FROM_0x415_META_PATTERN,47040,47.040,audio/extracted/gr3_rendered_events/stream_005a.flac,PASS,전복된 알피나의 마차를 수색하는 코넬 부대,DISC1_RUNTIME_OBSERVED,DATA/01020301.MDZ,0x3FB,RUNTIME_SPU_SYNC_CORRECTED,REVIEWED,REVIEWED,READY_60HZ,GR3SUB_BIN_PREPARED,슬롯 3에서 타이머와 SPU 재생 위치를 대조해 코넬 발화 경계 교정
12,3,alfina_raven_forest_encounter_event_005b,0x5B,90,0x3FC;0x3FD,0x3FD,INFERRED_FROM_0x415_META_PATTERN,100501,100.501,audio/extracted/gr3_rendered_events/stream_005b.flac,PASS,알피나와 검은 옷의 남자의 첫 조우,DISC1_RUNTIME_PROVEN_DISC2_UNKNOWN,DATA/00060000.MDZ,0x3FD,RUNTIME_SPU_PROVEN_REVIEWED_CUES,MANUAL_AUDIO_SCENE_REVIEW,DRAFT_CONTEXT_REVIEWED,REVIEWED_60HZ_DRAFT,PREPARE_ONLY_PENDING,slots 5 and 6 prove request 0x3FC resolved 0x3FD and active SPU2 stream 0x5B; first 85 seconds are music only; no dialogue after 99 seconds
13,3,crashed_plane_confrontation_event_005c,0x5C,91,0x3FE;0x3FF,0x3FF,INFERRED_FROM_0x415_META_PATTERN,70784,70.784,audio/extracted/gr3_rendered_events/stream_005c.flac,PASS,,COMMON_ARCHIVE_RUNTIME_UNKNOWN,,,PENDING_RUNTIME_MAPPING,AUTO_TRANSCRIBED_REVIEW,PENDING_TRANSLATION,PENDING_CUES,PENDING_RESOURCE_STORAGE,
14,4,gr3_stream_0061,0x61,96,0x408;0x409,0x409,INFERRED_FROM_0x415_META_PATTERN,136341,136.341,audio/extracted/gr3_rendered_events/stream_0061.flac,PASS,,COMMON_ARCHIVE_RUNTIME_UNKNOWN,,,PENDING_RUNTIME_MAPPING,AUTO_TRANSCRIBED_REVIEW,PENDING_TRANSLATION,PENDING_CUES,PENDING_RESOURCE_STORAGE,
15,1,gr3_stream_0062,0x62,97,0x40C;0x40D,0x40D,INFERRED_FROM_0x415_META_PATTERN,23595,23.595,audio/extracted/gr3_rendered_events/stream_0062.flac,PASS,,COMMON_ARCHIVE_RUNTIME_UNKNOWN,,,PENDING_RUNTIME_MAPPING,AUTO_LOW_CONFIDENCE_REVIEW,PENDING_TRANSLATION,PENDING_CUES,PENDING_RESOURCE_STORAGE,
16,4,alfina_room_0063,0x63,98,0x414;0x415,0x415,RUNTIME_PROVEN,183531,183.531,audio/extracted/gr3_rendered_events/stream_0063.flac,PASS,알피나 방,DISC1_PROVEN_DISC2_UNKNOWN,DATA/00030100.MDZ,0x415,RUNTIME_PASS,APPROVED,APPROVED,APPROVED_60HZ,RUNTIME_PASS,
17,3,gr3_stream_0064,0x64,99,0x416;0x417,0x417,INFERRED_FROM_0x415_META_PATTERN,95424,95.424,audio/extracted/gr3_rendered_events/stream_0064.flac,PASS,,COMMON_ARCHIVE_RUNTIME_UNKNOWN,,,PENDING_RUNTIME_MAPPING,AUTO_TRANSCRIBED_REVIEW,PENDING_TRANSLATION,PENDING_CUES,PENDING_RESOURCE_STORAGE,
18,3,cornell_battle_aftermath_event_0065,0x65,100,0x418;0x419,0x419,INFERRED_FROM_0x415_META_PATTERN,67051,67.051,audio/extracted/gr3_rendered_events/stream_0065.flac,PASS,,COMMON_ARCHIVE_RUNTIME_UNKNOWN,,,PENDING_RUNTIME_MAPPING,AUTO_TRANSCRIBED_REVIEW,PENDING_TRANSLATION,PENDING_CUES,PENDING_RESOURCE_STORAGE,
19,4,anfog_forest_camp_event_0066,0x66,101,0x41C;0x41D,0x41D,INFERRED_FROM_0x415_META_PATTERN,125440,125.440,audio/extracted/gr3_rendered_events/stream_0066.flac,PASS,,COMMON_ARCHIVE_RUNTIME_UNKNOWN,,,PENDING_RUNTIME_MAPPING,AUTO_TRANSCRIBED_REVIEW,PENDING_TRANSLATION,PENDING_CUES,PENDING_RESOURCE_STORAGE,
20,2,moonlight_camp_event_0067_00061100,0x67,102,0x420;0x421,0x421,INFERRED_FROM_0x415_META_PATTERN,54507,54.507,audio/extracted/gr3_rendered_events/stream_0067.flac,PASS,달빛 아래 유키와 알피나의 대화 전반부,DISC1_RUNTIME_PROVEN_DISC2_UNKNOWN,DATA/01030502.MDZ;DATA/00061100.MDZ,0x420,RUNTIME_SAVESTATE_PROVEN_DUAL_SLOT_FRONT_CUES,MANUAL_AUDIO_SCENE_REVIEW,DRAFT_CONTEXT_REVIEWED,FRONT_CUES_60HZ,PREPARE_ONLY_PENDING,"State CC62465A slot 1 proves DATA/01030502.MDZ display/request/resolved 0x420 stream 0x67 in slot0 at 691-692 ticks while the subtitle timer is 716 ticks. State slot 2 proves the same 0x420 request can remain ended in slot0 after DATA/00061100.MDZ loads. Both runtime slots and both resource aliases are registered for the front 0x67 cues. The continuation is now dispatched directly as stream 0xA1 rather than through an unstable chained offset. SPU2.bin uses unsupported old layout 0x212C18, so ACTIVE_SPU_MATCH is not asserted."
21,2,anfog_forest_cornell_encounter_event_0068,0x68,103,0x422;0x423,0x423,INFERRED_FROM_0x415_META_PATTERN,55701,55.701,audio/extracted/gr3_rendered_events/stream_0068.flac,PASS,안포그 숲에서 코넬이 그물에 걸린 장면,DISC1_RUNTIME_PROVEN_DISC2_UNKNOWN,DATA/00067800.MDZ,0x422,RUNTIME_SAVESTATE_PROVEN_DUAL_SLOT,MANUAL_AUDIO_SCENE_REVIEW,DRAFT_CONTEXT_REVIEWED,REVIEWED_60HZ_DRAFT,PREPARE_ONLY_PASS,"State CC624658 slot 2 proves current path DATA/00067800.MDZ and active slot0 request/resolved/display 0x422 for stream 0x68 at 880 ticks. The prior manifest admitted only slot1 0x002135DC, so dispatch missed and retained the stale 0x67 timer. Both stable request-slot addresses are now registered; at 14.667s the reviewed Hilda cue 13.450..17.450 must be active."
22,2,anfog_forest_cornell_battle_event_0069,0x69,104,0x424;0x425,0x425,INFERRED_FROM_0x415_META_PATTERN,45248,45.248,audio/extracted/gr3_rendered_events/stream_0069.flac,PASS,안포그 숲에서 코넬과의 전투/그물에 걸리는 장면,DISC1_RUNTIME_PROVEN_DISC2_UNKNOWN,DATA/00061100.MDZ,0x424,RUNTIME_SAVESTATE_PROVEN_DUAL_SLOT,MANUAL_AUDIO_SCENE_REVIEW,DRAFT_CONTEXT_REVIEWED,REVIEWED_60HZ_DRAFT,PREPARE_ONLY_PENDING,Earlier runtime evidence placed stream 0x69 in slot1 0x002135DC. State CC624658 slot 3 proves current path DATA/00061100.MDZ and live slot0 0x00213550 request/resolved 0x424 at 645 ticks while 0x001FEA20 is unrelated 0xBD6. Both stable request-slot addresses are now registered.
23,4,gr3_stream_006a,0x6A,105,0x426;0x427,0x427,INFERRED_FROM_0x415_META_PATTERN,232512,232.512,audio/extracted/gr3_rendered_events/stream_006a.flac,PASS,,COMMON_ARCHIVE_RUNTIME_UNKNOWN,,,PENDING_RUNTIME_MAPPING,AUTO_TRANSCRIBED_REVIEW,PENDING_TRANSLATION,PENDING_CUES,PENDING_RESOURCE_STORAGE,
24,3,sabatar_coast_ship_meeting_event_006b,0x6B,106,0x428;0x429,0x429,INFERRED_FROM_0x415_META_PATTERN,76757,76.757,audio/extracted/gr3_rendered_events/stream_006b.flac,PASS,,COMMON_ARCHIVE_RUNTIME_UNKNOWN,,,PENDING_RUNTIME_MAPPING,AUTO_TRANSCRIBED_REVIEW,PENDING_TRANSLATION,PENDING_CUES,PENDING_RESOURCE_STORAGE,
25,1,gr3_stream_006c,0x6C,107,0x42A;0x42B,0x42B,INFERRED_FROM_0x415_META_PATTERN,29269,29.269,audio/extracted/gr3_rendered_events/stream_006c.flac,PASS,,COMMON_ARCHIVE_RUNTIME_UNKNOWN,,,PENDING_RUNTIME_MAPPING,AUTO_LOW_CONFIDENCE_REVIEW,PENDING_TRANSLATION,PENDING_CUES,PENDING_RESOURCE_STORAGE,
26,4,gr3_stream_006d,0x6D,108,0x42C;0x42D,0x42D,INFERRED_FROM_0x415_META_PATTERN,123648,123.648,audio/extracted/gr3_rendered_events/stream_006d.flac,PASS,,COMMON_ARCHIVE_RUNTIME_UNKNOWN,,,PENDING_RUNTIME_MAPPING,AUTO_LOW_CONFIDENCE_REVIEW,PENDING_TRANSLATION,PENDING_CUES,PENDING_RESOURCE_STORAGE,
27,4,gr3_stream_006e,0x6E,109,0x42E;0x42F,0x42F,INFERRED_FROM_0x415_META_PATTERN,173973,173.973,audio/extracted/gr3_rendered_events/stream_006e.flac,PASS,,COMMON_ARCHIVE_RUNTIME_UNKNOWN,,,PENDING_RUNTIME_MAPPING,AUTO_TRANSCRIBED_REVIEW,PENDING_TRANSLATION,PENDING_CUES,PENDING_RESOURCE_STORAGE,
28,3,sabatar_casino_loss_aftermath_event_006f,0x6F,110,0x430;0x431,0x431,INFERRED_FROM_0x415_META_PATTERN,99755,99.755,audio/extracted/gr3_rendered_events/stream_006f.flac,PASS,카지노에서 한 판 지고 밖에서 대화,DISC1_RUNTIME_PROVEN_DISC2_UNKNOWN,DATA/00120000.MDZ,0x430,RUNTIME_SAVESTATE_PROVEN_DUAL_SLOT_ACTIVE_SPU,MANUAL_AUDIO_SCENE_REVIEW,DRAFT_CONTEXT_REVIEWED,REVIEWED_60HZ_DRAFT,PREPARE_ONLY_PENDING,Earlier state 1E1BEEC7 proves slot1 request 0x430 resolved 0x431 stream 0x6F with ACTIVE_SPU_MATCH. New state 6FE53D2B slot 2 proves the same stream rotated to slot0 request/resolved 0x430 at 499 ticks while display 0xA3 is unrelated and the stale subtitle timer remains 0x6B. Both request-slot addresses are registered; 8.317s falls inside the reviewed first cue 2.400..8.950s.
29,4,alonso_ship_first_cabin_event_0070,0x70,111,0x432;0x433,0x433,INFERRED_FROM_0x415_META_PATTERN,222357,222.357,audio/extracted/gr3_rendered_events/stream_0070.flac,PASS,카지노에서 한 판 지고 배에서 대화,DISC1_RUNTIME_PROVEN_DISC2_UNKNOWN,DATA/00151000.MDZ,0x432,RUNTIME_SAVESTATE_PROVEN_DUAL_SLOT,MANUAL_AUDIO_SCENE_REVIEW,DRAFT_CONTEXT_REVIEWED,REVIEWED_60HZ_DRAFT,PREPARE_ONLY_PENDING,"Earlier user runtime probe proves slot1 request 0x432 resolved 0x433 stream 0x70 for DATA/00151000.MDZ. New state 6FE53D2B slot 4 proves the same stream rotated to slot0 request/resolved 0x432 at 781 ticks while the subtitle timer remains stale 0x6B. Both request-slot addresses are registered. The saved-state progress 13.017s and live-probe progress 16.250s both fall inside the reviewed first cue 12.000..17.000s. The new state uses unsupported old SPU2 layout 0x212C18, so ACTIVE_SPU_MATCH is not asserted."
30,2,beauty_bianca_alonso_rematch_event_0071,0x71,112,0x434;0x435,0x435,INFERRED_FROM_0x415_META_PATTERN,52267,52.267,audio/extracted/gr3_rendered_events/stream_0071.flac,PASS,알론소의 카지노 재도전,DISC1_RUNTIME_PROVEN_DISC2_UNKNOWN,DATA/00008000.MDZ,0x434,RUNTIME_SAVESTATE_PROVEN_DUAL_SLOT_ACTIVE_SPU,MANUAL_AUDIO_SCENE_REVIEW,DRAFT_CONTEXT_REVIEWED,REVIEWED_60HZ_DRAFT,PREPARE_ONLY_PENDING,"Older runtime evidence proves slot0 request/resolved 0x434 stream 0x71 with ACTIVE_SPU_MATCH. New state 6FE53D2B slot 5 proves the same stream rotated to slot1 request 0x434 resolved 0x435 at 691 ticks while the subtitle timer remains stale 0x6B. Both request-slot addresses are registered. The 11.517s capture falls inside the reviewed cue 9.000..12.500s. The repeated 0x6F/0x70/0x71 reversals prove slot allocation is history-dependent, so the manifest now expands every normal event to both stable request slots and relies on the completed-progress guard."
31,1,beauty_bianca_miranda_alonso_combo_event_0072,0x72,113,0x436;0x437,0x437,INFERRED_FROM_0x415_META_PATTERN,26731,26.731,audio/extracted/gr3_rendered_events/stream_0072.flac,PASS,,COMMON_ARCHIVE_RUNTIME_UNKNOWN,,,PENDING_RUNTIME_MAPPING,AUTO_TRANSCRIBED_REVIEW,PENDING_TRANSLATION,PENDING_CUES,PENDING_RESOURCE_STORAGE,
32,4,gr3_stream_0073,0x73,114,0x438;0x439,0x439,INFERRED_FROM_0x415_META_PATTERN,152619,152.619,audio/extracted/gr3_rendered_events/stream_0073.flac,PASS,,COMMON_ARCHIVE_RUNTIME_UNKNOWN,,,PENDING_RUNTIME_MAPPING,AUTO_TRANSCRIBED_REVIEW,PENDING_TRANSLATION,PENDING_CUES,PENDING_RESOURCE_STORAGE,
33,4,gr3_stream_0074,0x74,115,0x43A;0x43B,0x43B,INFERRED_FROM_0x415_META_PATTERN,209664,209.664,audio/extracted/gr3_rendered_events/stream_0074.flac,PASS,,COMMON_ARCHIVE_RUNTIME_UNKNOWN,,,PENDING_RUNTIME_MAPPING,AUTO_TRANSCRIBED_REVIEW,PENDING_TRANSLATION,PENDING_CUES,PENDING_RESOURCE_STORAGE,
34,2,boat_swallow_attack_flying_dragon_event_0075,0x75,116,0x440;0x441,0x441,INFERRED_FROM_0x415_META_PATTERN,36139,36.139,audio/extracted/gr3_rendered_events/stream_0075.flac,PASS,배먹이새 습격과 비룡 등장,DISC1_RUNTIME_PROVEN_DISC2_UNKNOWN,DATA/01050902.MDZ,0x440,RUNTIME_SAVESTATE_PROVEN_DUAL_SLOT_OVERLAP_AUDIO_RETIMED_REVIEWED_CUES,MANUAL_AUDIO_TARGETED_REVIEW,REVIEWED_CONTEXT,REVIEWED_60HZ_WORD_TIMESTAMP_RETIMER,PREPARE_ONLY_PENDING,"2026-09-02 캡처에서 active display/slot0 0x440 stream 0x75 progress 2155 ticks를 확인. stream 0x76과 겹치는 연속 재생 구조이며, 독립 Whisper small 음성 경계로 기존 0/2.6/19초의 조기 cue를 실제 3.75/6.6/28.05초대로 재조정하고 누락 감탄사 2큐를 추가함."
35,4,ulf_and_shiba_arrival_event_0076,0x76,117,0x442;0x443,0x443,INFERRED_FROM_0x415_META_PATTERN,138731,138.731,audio/extracted/gr3_rendered_events/stream_0076.flac,PASS,울과 시바의 등장 및 대화,DISC1_RUNTIME_PROVEN_DISC2_UNKNOWN,DATA/00150100.MDZ,0x442,RUNTIME_SAVESTATE_PROVEN_DUAL_SLOT_OVERLAP_AUDIO_RETIMED_REVIEWED_CUES,MANUAL_AUDIO_FULL_REVIEW,REVIEWED_CONTEXT,REVIEWED_60HZ_WORD_TIMESTAMP_RETIMER,PREPARE_ONLY_PENDING,2026-09-02 캡처에서 slot1 req 0x442/resolved 0x443 stream 0x76 progress 707 ticks와 subtitle timer 710 ticks를 확인하여 엔진 오차는 3 ticks뿐임. 당시 실제 음성은 첫 문장 8.58~12.64초인데 기존 세 번째 cue가 10초부터 떠 번역이 엇갈렸음. 전체 138.731초를 재전사해 25큐를 음성 경계로 재조정하고 번역 말투를 재검수함.
36,3,ship_moonlight_yuki_alfina_event_0077,0x77,118,0x444;0x445,0x445,RUNTIME_REQUEST_SLOT_MULTI_VARIANT,85867,85.867,audio/extracted/gr3_rendered_events/stream_0077.flac,PASS,알론소 배의 밤 유키와 알피나의 대화,DISC1_RUNTIME_PROVEN_DISC2_UNKNOWN,DATA/00151200.MDZ,0x444;0x445,RUNTIME_REQUEST_SLOT_MULTI_VARIANT_SCENE_AUDIO_CONFIRMED_REVIEWED_CUES,MANUAL_AUDIO_SCENE_REVIEW,DRAFT_CONTEXT_REVIEWED,REVIEWED_60HZ_DRAFT,PREPARE_ONLY_PASS,이전 상태저장에서 slot1 0x002135DC request 0x0444 resolved 0x0445 stream 0x77이었고 신규 실측에서 slot0 0x00213550 request/resolved 0x0444 stream 0x77을 확인함. 0x001FEA20 0x02C3은 비음성 표시값이므로 단일 주소 트리거를 폐기하고 두 request slot과 0x444/0x445 변형을 공유 cue에 연결.
37,4,gr3_stream_0078,0x78,119,0x446;0x447,0x447,INFERRED_FROM_0x415_META_PATTERN,147541,147.541,audio/extracted/gr3_rendered_events/stream_0078.flac,PASS,,COMMON_ARCHIVE_RUNTIME_UNKNOWN,,,PENDING_RUNTIME_MAPPING,AUTO_TRANSCRIBED_REVIEW,PENDING_TRANSLATION,PENDING_CUES,PENDING_RESOURCE_STORAGE,
38,4,gr3_stream_0079,0x79,120,0x448;0x449,0x449,INFERRED_FROM_0x415_META_PATTERN,143360,143.360,audio/extracted/gr3_rendered_events/stream_0079.flac,PASS,,COMMON_ARCHIVE_RUNTIME_UNKNOWN,,,PENDING_RUNTIME_MAPPING,AUTO_TRANSCRIBED_REVIEW,PENDING_TRANSLATION,PENDING_CUES,PENDING_RESOURCE_STORAGE,
39,3,birth_realm_life_warmth_event_007a,0x7A,121,0x44C;0x44D,0x44D,INFERRED_FROM_0x415_META_PATTERN,94827,94.827,audio/extracted/gr3_rendered_events/stream_007a.flac,PASS,,COMMON_ARCHIVE_RUNTIME_UNKNOWN,,,PENDING_RUNTIME_MAPPING,AUTO_TRANSCRIBED_REVIEW,PENDING_TRANSLATION,PENDING_CUES,PENDING_RESOURCE_STORAGE,
40,4,birth_realm_hect_encounter_event_007b,0x7B,122,0x44E;0x44F,0x44F,INFERRED_FROM_0x415_META_PATTERN,131413,131.413,audio/extracted/gr3_rendered_events/stream_007b.flac,PASS,,COMMON_ARCHIVE_RUNTIME_UNKNOWN,,,PENDING_RUNTIME_MAPPING,AUTO_TRANSCRIBED_REVIEW,PENDING_TRANSLATION,PENDING_CUES,PENDING_RESOURCE_STORAGE,
41,3,birth_realm_party_reunion_event_007c,0x7C,123,0x450;0x451,0x451,INFERRED_FROM_0x415_META_PATTERN,96768,96.768,audio/extracted/gr3_rendered_events/stream_007c.flac,PASS,,COMMON_ARCHIVE_RUNTIME_UNKNOWN,,,PENDING_RUNTIME_MAPPING,AUTO_TRANSCRIBED_REVIEW,PENDING_TRANSLATION,PENDING_CUES,PENDING_RESOURCE_STORAGE,
42,4,randoto_island_escape_event_007d,0x7D,124,0x452;0x453,0x453,INFERRED_FROM_0x415_META_PATTERN,126037,126.037,audio/extracted/gr3_rendered_events/stream_007d.flac,PASS,,COMMON_ARCHIVE_RUNTIME_UNKNOWN,,,PENDING_RUNTIME_MAPPING,AUTO_TRANSCRIBED_REVIEW,PENDING_TRANSLATION,PENDING_CUES,PENDING_RESOURCE_STORAGE,
43,4,alonso_miranda_parenthood_talk_event_007e,0x7E,125,0x454;0x455,0x455,INFERRED_FROM_0x415_META_PATTERN,173227,173.227,audio/extracted/gr3_rendered_events/stream_007e.flac,PASS,,COMMON_ARCHIVE_RUNTIME_UNKNOWN,,,PENDING_RUNTIME_MAPPING,AUTO_TRANSCRIBED_REVIEW,PENDING_TRANSLATION,PENDING_CUES,PENDING_RESOURCE_STORAGE,
44,2,gr3_stream_007f,0x7F,126,0x456;0x457,0x457,INFERRED_FROM_0x415_META_PATTERN,42709,42.709,audio/extracted/gr3_rendered_events/stream_007f.flac,PASS,,COMMON_ARCHIVE_RUNTIME_UNKNOWN,,,PENDING_RUNTIME_MAPPING,AUTO_LOW_CONFIDENCE_REVIEW,PENDING_TRANSLATION,PENDING_CUES,PENDING_RESOURCE_STORAGE,
45,3,schmidt_hangar_visit_event_0080,0x80,127,0x458;0x459,0x459,INFERRED_FROM_0x415_META_PATTERN,115136,115.136,audio/extracted/gr3_rendered_events/stream_0080.flac,PASS,슈미트의 격납고 첫 방문,DISC1_RUNTIME_PROVEN_DISC2_UNKNOWN,DATA/00216100.MDZ,0x458,RUNTIME_SAVESTATE_PROVEN_DUAL_SLOT_FULL_AUDIO_REVIEWED_COMPLETE_CUES,MANUAL_AUDIO_THREE_CHANNEL_REVIEW,REVIEWED_CONTEXT,REVIEWED_60HZ_FULL_STREAM,PREPARE_ONLY_PENDING,"2026-09-02 캡처에서 active display와 slot0 request/resolved가 모두 0x458/stream0x80이고 progress4479 ticks, subtitle timer4482 ticks로 오차는 3 ticks뿐임. 기존 cue JSON이 37초에서 끝나 59.6~113.65초 슈미트 조우 대사 전부가 누락돼 있었음. 좌/우/중앙 채널 Whisper small 3회 교차 검수와 장면 문맥으로 총18큐를 작성하고 앞부분 누락 감탄사·후반 대사·번역을 보완함. 62초대 짧은 전설 언급 문구는 청취상 가장 유력한 독해로 채택."
46,2,schmidt_conversation_event_0081,0x81,128,0x45A;0x45B,0x45B,INFERRED_FROM_0x415_META_PATTERN,38528,38.528,audio/extracted/gr3_rendered_events/stream_0081.flac,PASS,,COMMON_ARCHIVE_RUNTIME_UNKNOWN,,,PENDING_RUNTIME_MAPPING,AUTO_TRANSCRIBED_REVIEW,PENDING_TRANSLATION,PENDING_CUES,PENDING_RESOURCE_STORAGE,
47,2,schmidt_blueprint_review_event_0082,0x82,129,0x45C;0x45D,0x45D,INFERRED_FROM_0x415_META_PATTERN,43755,43.755,audio/extracted/gr3_rendered_events/stream_0082.flac,PASS,,COMMON_ARCHIVE_RUNTIME_UNKNOWN,,,PENDING_RUNTIME_MAPPING,AUTO_TRANSCRIBED_REVIEW,PENDING_TRANSLATION,PENDING_CUES,PENDING_RESOURCE_STORAGE,
48,2,schmidt_lem_fruit_tool_event_0083,0x83,130,0x45E;0x45F,0x45F,INFERRED_FROM_0x415_META_PATTERN,52416,52.416,audio/extracted/gr3_rendered_events/stream_0083.flac,PASS,,COMMON_ARCHIVE_RUNTIME_UNKNOWN,,,PENDING_RUNTIME_MAPPING,AUTO_TRANSCRIBED_REVIEW,PENDING_TRANSLATION,PENDING_CUES,PENDING_RESOURCE_STORAGE,
49,3,schmidt_plane_offer_event_0084,0x84,131,0x460;0x461,0x461,INFERRED_FROM_0x415_META_PATTERN,104683,104.683,audio/extracted/gr3_rendered_events/stream_0084.flac,PASS,,COMMON_ARCHIVE_RUNTIME_UNKNOWN,,,PENDING_RUNTIME_MAPPING,AUTO_TRANSCRIBED_REVIEW,PENDING_TRANSLATION,PENDING_CUES,PENDING_RESOURCE_STORAGE,
50,4,yuki_leaves_miranda_ship_event_0085,0x85,132,0x462;0x463,0x463,INFERRED_FROM_0x415_META_PATTERN,155456,155.456,audio/extracted/gr3_rendered_events/stream_0085.flac,PASS,,COMMON_ARCHIVE_RUNTIME_UNKNOWN,,,PENDING_RUNTIME_MAPPING,AUTO_TRANSCRIBED_REVIEW,PENDING_TRANSLATION,PENDING_CUES,PENDING_RESOURCE_STORAGE,
51,3,schmidt_sees_yuki_off_event_0086,0x86,133,0x466;0x467,0x467,INFERRED_FROM_0x415_META_PATTERN,69291,69.291,audio/extracted/gr3_rendered_events/stream_0086.flac,PASS,,COMMON_ARCHIVE_RUNTIME_UNKNOWN,,,PENDING_RUNTIME_MAPPING,AUTO_LOW_CONFIDENCE_REVIEW,PENDING_TRANSLATION,PENDING_CUES,PENDING_RESOURCE_STORAGE,
52,4,gr3_stream_0087,0x87,134,0x468;0x469,0x469,INFERRED_FROM_0x415_META_PATTERN,268949,268.949,audio/extracted/gr3_rendered_events/stream_0087.flac,PASS,,COMMON_ARCHIVE_RUNTIME_UNKNOWN,,,PENDING_RUNTIME_MAPPING,AUTO_TRANSCRIBED_REVIEW,PENDING_TRANSLATION,PENDING_CUES,PENDING_RESOURCE_STORAGE,
53,4,gr3_stream_0088,0x88,135,0x46A;0x46B,0x46B,INFERRED_FROM_0x415_META_PATTERN,150528,150.528,audio/extracted/gr3_rendered_events/stream_0088.flac,PASS,,COMMON_ARCHIVE_RUNTIME_UNKNOWN,,,PENDING_RUNTIME_MAPPING,AUTO_TRANSCRIBED_REVIEW,PENDING_TRANSLATION,PENDING_CUES,PENDING_RESOURCE_STORAGE,
54,2,gr3_stream_0089,0x89,136,0x46C;0x46D,0x46D,INFERRED_FROM_0x415_META_PATTERN,54059,54.059,audio/extracted/gr3_rendered_events/stream_0089.flac,PASS,,COMMON_ARCHIVE_RUNTIME_UNKNOWN,,,PENDING_RUNTIME_MAPPING,AUTO_TRANSCRIBED_REVIEW,PENDING_TRANSLATION,PENDING_CUES,PENDING_RESOURCE_STORAGE,
55,3,arcriff_temple_childhood_room_event_008a,0x8A,137,0x46E;0x46F,0x46F,INFERRED_FROM_0x415_META_PATTERN,117227,117.227,audio/extracted/gr3_rendered_events/stream_008a.flac,PASS,아크리프 신전의 어린 시절 방에서 유키와 알피나의 대화,DISC1_RUNTIME_PROVEN_DISC2_UNKNOWN,DATA/01090702.MDZ,0x46E,RUNTIME_SAVESTATE_PROVEN_SLOT1_GLOBAL_DUAL_SLOT,MANUAL_AUDIO_DUAL_CHANNEL_REVIEW,REVIEWED_CONTEXT,REVIEWED_60HZ_FULL_STREAM,PREPARE_ONLY_PENDING,2026-09-06 캡처에서 slot 1 request 0x046E resolved 0x046F stream 0x8A progress 1667 ticks를 확인. 자막 타이머 0은 기존 슬롯 디스패치 누락 증거. 기존 누락 구간 12.10~44.55초 10큐를 추가해 총 23큐로 완성.
56,3,arcriff_temple_ritual_watch_event_008b,0x8B,138,0x470;0x471,0x471,INFERRED_FROM_0x415_META_PATTERN,68096,68.096,audio/extracted/gr3_rendered_events/stream_008b.flac,PASS,,COMMON_ARCHIVE_RUNTIME_UNKNOWN,,,PENDING_RUNTIME_MAPPING,AUTO_TRANSCRIBED_REVIEW,PENDING_TRANSLATION,PENDING_CUES,PENDING_RESOURCE_STORAGE,
57,2,arcriff_temple_ritual_grau_event_008c,0x8C,139,0x472;0x473,0x473,INFERRED_FROM_0x415_META_PATTERN,59584,59.584,audio/extracted/gr3_rendered_events/stream_008c.flac,PASS,,COMMON_ARCHIVE_RUNTIME_UNKNOWN,,,PENDING_RUNTIME_MAPPING,AUTO_LOW_CONFIDENCE_REVIEW,PENDING_TRANSLATION,PENDING_CUES,PENDING_RESOURCE_STORAGE,
58,3,arcriff_temple_ritual_alfina_event_008d,0x8D,140,0x474;0x475,0x475,INFERRED_FROM_0x415_META_PATTERN,117525,117.525,audio/extracted/gr3_rendered_events/stream_008d.flac,PASS,,COMMON_ARCHIVE_RUNTIME_UNKNOWN,,,PENDING_RUNTIME_MAPPING,AUTO_TRANSCRIBED_REVIEW,PENDING_TRANSLATION,PENDING_CUES,PENDING_RESOURCE_STORAGE,
59,3,arcriff_temple_collapse_dunkel_warning_event_008e,0x8E,141,0x47A;0x47B,0x47B,INFERRED_FROM_0x415_META_PATTERN,61376,61.376,audio/extracted/gr3_rendered_events/stream_008e.flac,PASS,아크리프 신전 붕괴 후 듄켈의 경고,DISC1_RUNTIME_PROVEN_DISC2_UNKNOWN,DATA/00243500.MDZ,0x47A,RUNTIME_SPU_PROVEN_REVIEWED_CUES,MANUAL_AUDIO_SCENE_REVIEW,DRAFT_CONTEXT_REVIEWED,REVIEWED_60HZ_DRAFT,PREPARE_ONLY_PENDING,PCSX2 slot 8에서 EE request 0x047A와 active SPU2 voice가 GR3_STR 0x8E archive bytes에 일치함. slot 1의 0x0032→0x0033은 stopped/resident 상태라 현재 대사에서 제외.
60,2,raflid_ulf_randoto_plan_event_008f,0x8F,142,0x482;0x483,0x483,INFERRED_FROM_0x415_META_PATTERN,56597,56.597,audio/extracted/gr3_rendered_events/stream_008f.flac,PASS,라플리드 마을에서 울이 란도토행을 제안,DISC1_RUNTIME_PROVEN_DISC2_UNKNOWN,DATA/00217000.MDZ,0x482,RUNTIME_SPU_PROVEN_REVIEWED_CUES,MANUAL_AUDIO_SCENE_REVIEW,DRAFT_CONTEXT_REVIEWED,REVIEWED_60HZ_DRAFT,PREPARE_ONLY_PENDING,PCSX2 slot 6에서 slot 1 request 0x0482→resolved 0x0483과 active SPU2 voices 8/9가 GR3_STR 0x8F archive bytes에 일치함. 화면의 0x053E/0xC5는 stopped resident voice라 현재 대사에서 제외.
61,2,gr3_stream_0090,0x90,143,0x484;0x485,0x485,INFERRED_FROM_0x415_META_PATTERN,45397,45.397,audio/extracted/gr3_rendered_events/stream_0090.flac,PASS,그리프의 경고와 에메리우스의 선언이 이어지는 기억 장면,DISC1_RUNTIME_PROVEN_DISC2_UNKNOWN,DATA/01110802.MDZ,0x484,RUNTIME_SLOT0_REQUEST_RESOLVED_CONFIRMED,MANUAL_AUDIO_THREE_CHANNEL_REVIEW,REVIEWED_CONTEXT,REVIEWED_60HZ_FULL_STREAM,PREPARE_ONLY_PENDING,2026-09-07 사용자 캡처에서 slot 0 request/resolved 0x0484 stream 0x90 progress 743 ticks를 확인. timer 0은 기존 미등록 이벤트였기 때문. 45.397초 전체를 mix/left/right Whisper small로 교차 검수하고 실제 발화 5큐를 등록함.
62,1,inn_alfina_kitchen_work_event_0091,0x91,144,0x486;0x487,0x487,INFERRED_FROM_0x415_META_PATTERN,29269,29.269,audio/extracted/gr3_rendered_events/stream_0091.flac,PASS,여관 주방에서 허드렛일을 하는 알피나,DISC1_RUNTIME_PROVEN_DISC2_UNKNOWN,DATA/01111201.MDZ,0x486,RUNTIME_REQUEST_SLOT_SCENE_AUDIO_CONFIRMED_REVIEWED_CUES,MANUAL_AUDIO_SCENE_REVIEW,DRAFT_CONTEXT_REVIEWED,REVIEWED_60HZ_DRAFT,PREPARE_ONLY_PENDING,PCSX2 AA7AC8CC slot 5에서 표시와 slot 0 request/resolved가 모두 0x0486이고 GR3_STR 0x91에 대응함. 화면과 0x91 대사가 여관 주방 작업 장면에 일치함. 구 SPU2 core layout이라 ACTIVE_SPU_MATCH는 주장하지 않음. slot 1 0x001E→0x001F는 keybit 0x806 계열로 제외.
63,3,raflid_shiba_return_schmidt_event_0092,0x92,145,0x488;0x489,0x489,INFERRED_FROM_0x415_META_PATTERN,73173,73.173,audio/extracted/gr3_rendered_events/stream_0092.flac,PASS,시바를 타고 라플리드에 돌아와 슈미트와 재회,DISC1_RUNTIME_PROVEN_DISC2_UNKNOWN,DATA/00216000.MDZ,0x488,RUNTIME_REQUEST_SLOT_SCENE_AUDIO_CONFIRMED_REVIEWED_CUES,MANUAL_AUDIO_SCENE_REVIEW,DRAFT_CONTEXT_REVIEWED,REVIEWED_60HZ_DRAFT,PREPARE_ONLY_PENDING,PCSX2 AA7AC8CC slot 6에서 slot 1 request 0x0488→resolved 0x0489가 GR3_STR 0x92에 대응하고 화면·실제 대사가 귀환 및 슈미트 재회 장면과 일치함. 구 SPU2 core layout이라 ACTIVE_SPU_MATCH는 주장하지 않음. 표시·slot0 0x0486/0x91은 이전 여관 장면의 상주 스트림으로 제외.
64,3,raflid_inn_yuki_finds_alfina_event_0093,0x93,146,0x48C;0x48D,0x48D,INFERRED_FROM_0x415_META_PATTERN,76160,76.160,audio/extracted/gr3_rendered_events/stream_0093.flac,PASS,라플리드 여관에서 유키와 울이 회복한 알피나를 찾음,DISC1_RUNTIME_PROVEN_DISC2_UNKNOWN,DATA/00214100.MDZ,0x48C,RUNTIME_USER_PROBE_SCENE_AUDIO_CONFIRMED_REVIEWED_CUES,MANUAL_AUDIO_SCENE_REVIEW,DRAFT_CONTEXT_REVIEWED,REVIEWED_60HZ_DRAFT,PREPARE_ONLY_PENDING,사용자 probe의 DATA/00214100.MDZ 및 표시·slot0 0x048C/0x93과 정적 인덱스가 일치하고 원본 FLAC이 동일 일본어 장면 영상과 상관도 0.9670으로 일치함. 로컬 AA7AC8CC slot 7 파일은 이전 0xD4 장면이라 SAVESTATE_ACTIVE_SPU_MATCH는 주장하지 않음. slot1 0x0026→0x0027은 별도 비대사 요청으로 제외.
65,3,flight_to_dragon_valley_event_0094,0x94,147,0x48E;0x48F,0x48F,INFERRED_FROM_0x415_META_PATTERN,113493,113.493,audio/extracted/gr3_rendered_events/stream_0094.flac,PASS,비룡의 계곡으로 향하는 첫 비행,DISC1_RUNTIME_PROVEN_DISC2_UNKNOWN,DATA/01120102.MDZ,0x48E,RUNTIME_DUAL_SLOT_SCENE_AUDIO_CONFIRMED_FULL_AUDIO_REVIEWED_COMPLETE_CUES,FULL_AUDIO_MANUAL_SCENE_REVIEW,FULL_AUDIO_CONTEXT_REVIEWED,REVIEWED_60HZ_COMPLETE,PREPARE_ONLY_PASS,PCSX2 EACDE22A slot 5에서 DATA/01120102.MDZ와 slot1 request 0x048E→resolved 0x048F/stream 0x94가 58.05초 진행 중이며 표시값도 0x048F/0x94로 일치했다. 같은 시점 subtitle timer는 0이어서 미디스패치를 확인했다. 전체 113.493초를 mix/left/right로 재검수해 기존 소음 오판을 폐기하고 14.32~79.18초의 실제 대사 14큐를 복구했다. 기존 후반 4큐와 합쳐 총 18큐이며 runtime 주소 0x00213550/0x002135DC를 모두 명시했다. prepare-only에서 두 슬롯 dispatch row와 18큐 패킹을 검증했다.
66,3,dragon_valley_missing_guards_flight_event_0095,0x95,148,0x490;0x491,0x491,INFERRED_FROM_0x415_META_PATTERN,116480,116.480,audio/extracted/gr3_rendered_events/stream_0095.flac,PASS,비룡의 계곡에서 보초가 사라진 것을 알아챔,DISC1_RUNTIME_PROVEN_DISC2_UNKNOWN,DATA/00270100.MDZ,0x490,RUNTIME_DUAL_SLOT_SCENE_AUDIO_CONFIRMED_FULL_AUDIO_REVIEWED_COMPLETE_CUES,MANUAL_FULL_AUDIO_CHANNEL_REVIEW,HUMAN_CONTEXT_REVIEWED,REVIEWED_COMPLETE_60HZ_CUES,PREPARE_ONLY_PASS,PCSX2 EACDE22A slot 6에서 현재 음성은 slot0 request/resolved 0x0490/stream 0x95이며 27.75초 진행 중이었다. 표시·slot1의 0x048F/0x94는 113.05초에서 끝난 직전 스트림 잔존값이다. 116.48초 전체를 혼합·좌·우 채널과 표적 구간으로 재검수해 기존 3큐를 16큐로 확장했고 실제 대사는 9.1~99.3초에 분포한다. 포효·비명·비행 소음과 반복 토큰 환각은 제외했다. 두 안정 요청 슬롯 0x00213550/0x002135DC를 모두 등록했으며 ISO는 생성하지 않았다.
67,3,wind_shrine_drak_audience_event_0096,0x96,149,0x492;0x493,0x493,INFERRED_FROM_0x415_META_PATTERN,104981,104.981,audio/extracted/gr3_rendered_events/stream_0096.flac,PASS,바람의 성지에서 울 일행이 드라크를 알현,DISC1_RUNTIME_PROVEN_DISC2_UNKNOWN,DATA/01120301.MDZ,0x492,RUNTIME_REQUEST_SLOT_SCENE_AUDIO_CONFIRMED_REVIEWED_CUES,MANUAL_AUDIO_SCENE_REVIEW,DRAFT_CONTEXT_REVIEWED,REVIEWED_60HZ_DRAFT,PREPARE_ONLY_PASS,PCSX2 AA7AC8CC slot 3에서 현재 MDZ와 표시·slot0 request/resolved가 모두 0x0492/0x96으로 일치함. slot0 진행값 887 ticks(14.783초)가 울의 첫 대사 14.140~20.500초와 일치. slot1 0x0038→0x0039는 keybit 0x817이라 제외. 구 SPU2 layout이라 ACTIVE_SPU_MATCH는 주장하지 않음. 기존 ドラク 반복 전사는 환각으로 폐기하고 동일 일본어 영상 캡션과 원음으로 실제 대사 17큐를 복원.
68,4,wind_shrine_drak_orb_event_0097,0x97,150,0x494;0x495,0x495,INFERRED_FROM_0x415_META_PATTERN,129173,129.173,audio/extracted/gr3_rendered_events/stream_0097.flac,PASS,비룡왕 드라크와 대화,DISC1_RUNTIME_PROVEN_DISC2_UNKNOWN,DATA/01120501.MDZ,0x494,RUNTIME_REQUEST_SLOT_SCENE_AUDIO_CONFIRMED_REVIEWED_CUES,MANUAL_AUDIO_SCENE_REVIEW,DRAFT_CONTEXT_REVIEWED,REVIEWED_60HZ_DRAFT,PREPARE_ONLY_PASS,PCSX2 AA7AC8CC slot 4에서 현재 MDZ는 DATA/01120501.MDZ이고 실제 대화는 slot0 request/resolved 0x0494/stream 0x97이다. slot0 진행값 1185 ticks(19.750초)가 알피나의 인사 18.200~24.500초와 일치하고 상태저장 화면에도 알피나가 보인다. 표시·slot1 0x0038→0x0039는 keybit 0x817이라 제외. 구 SPU2 layout이라 ACTIVE_SPU_MATCH는 주장하지 않음. 동일 일본어 영상 원음과 +138.89초로 정렬하고 실제 대사 12큐를 복원.
69,3,bakula_village_ruiri_argument_event_0098,0x98,151,0x4A6;0x4A7,0x4A7,INFERRED_FROM_0x415_META_PATTERN,104981,104.981,audio/extracted/gr3_rendered_events/stream_0098.flac,PASS,바쿠라 촌락 루이리와 주민들의 언쟁,DISC1_RUNTIME_PROVEN_DISC2_UNKNOWN,DATA/01140201.MDZ,0x4A6,RUNTIME_REQUEST_SLOT_SCENE_AUDIO_CONFIRMED_REVIEWED_CUES,MANUAL_AUDIO_SCENE_REVIEW,DRAFT_CONTEXT_REVIEWED,REVIEWED_60HZ_DRAFT,PREPARE_ONLY_PASS,PCSX2 5B659BED slot 10에서 현재 MDZ는 DATA/01140201.MDZ이고 실제 대화는 slot0 request/resolved 0x04A6/stream 0x98이다. slot0 진행값 1009 ticks(16.817초)가 루이리의 두 번째 대사 14.420~18.500초와 일치하고 상태저장 화면도 바쿠라 주민 언쟁 장면이다. 표시·slot1 0x003E→0x003F는 keybit 0x819라 제외. 구 SPU2 layout이라 ACTIVE_SPU_MATCH는 주장하지 않음. 기존 전반 30초 반복 환각을 폐기하고 실제 대사 15큐를 복원.
70,4,bakula_chief_tent_dahna_event_0099,0x99,152,0x4A8;0x4A9,0x4A9,INFERRED_FROM_0x415_META_PATTERN,164864,164.864,audio/extracted/gr3_rendered_events/stream_0099.flac,PASS,바쿠라 족장의 텐트에서 다나와 첫 대면,DISC1_RUNTIME_PROVEN_DISC2_UNKNOWN,DATA/00360100.MDZ,0x4A8,RUNTIME_REQUEST_SLOT_SCENE_AUDIO_CONFIRMED_REVIEWED_CUES,MANUAL_AUDIO_SCENE_REVIEW,DRAFT_CONTEXT_REVIEWED,REVIEWED_60HZ_DRAFT,PREPARE_ONLY_PASS,PCSX2 5B659BED slot 9에서 현재 MDZ는 DATA/00360100.MDZ이고 실제 대화는 slot0 request/resolved 0x04A8/stream 0x99이다. slot0 진행값 1801 ticks(30.017초)가 다나의 자기소개 25.000~30.820초와 일치하고 상태저장 화면에도 다나가 말하는 모습이 보인다. 표시·slot1 0x003E→0x003F는 keybit 0x819라 제외. 구 SPU2 layout이라 ACTIVE_SPU_MATCH는 주장하지 않음. 기존 반복 私 자동 전사를 폐기하고 실제 대사 19큐를 복원.
71,3,gr3_stream_009a,0x9A,153,0x4AA;0x4AB,0x4AB,INFERRED_FROM_0x415_META_PATTERN,99307,99.307,audio/extracted/gr3_rendered_events/stream_009a.flac,PASS,,COMMON_ARCHIVE_RUNTIME_UNKNOWN,,,PENDING_RUNTIME_MAPPING,AUTO_TRANSCRIBED_REVIEW,PENDING_TRANSLATION,PENDING_CUES,PENDING_RESOURCE_STORAGE,
72,2,gr3_stream_009b,0x9B,154,0x4AE;0x4AF,0x4AE,RUNTIME_REQUEST_SLOT_AND_ACTIVE_SPU_MATCH,54357,54.357,audio/extracted/gr3_rendered_events/stream_009b.flac,PASS,성수 요우트를 공격하려는 코넬·비올레타 저지,DISC1_RUNTIME_PROVEN_DISC2_UNKNOWN,DATA/00397700.MDZ,0x4AE,RUNTIME_ACTIVE_SPU_MATCH_SCENE_AUDIO_CONFIRMED_REVIEWED_CUES,MANUAL_AUDIO_SCENE_REVIEW,DRAFT_CONTEXT_REVIEWED,REVIEWED_60HZ_DRAFT,PREPARE_ONLY_PASS,PCSX2 AB792ED0 slot 10에서 slot0 request/resolved 0x04AE가 stream 0x9B이며 active core0 voice 0/1의 시작 바이트가 원본 stream payload와 각각 64바이트 일치. 표시·slot1 0x0048→0x0049는 자막 키에서 제외. 실제 9개 발화를 재분할·번역해 cue로 등록. prepare-only 누적 빌드 58 events/651 cues PASS.
73,3,bakula_kornell_violetta_defeat_event_009c,0x9C,155,0x4B0;0x4B1,0x4B0,RUNTIME_REQUEST_SLOT_AND_ACTIVE_SPU_MATCH,96917,96.917,audio/extracted/gr3_rendered_events/stream_009c.flac,PASS,비올레타와 코넬 패배,DISC1_RUNTIME_PROVEN_DISC2_UNKNOWN,DATA/00390500.MDZ,0x4B0,RUNTIME_ACTIVE_SPU_MATCH_SCENE_AUDIO_CONFIRMED_REVIEWED_CUES,MANUAL_AUDIO_SCENE_REVIEW,DRAFT_CONTEXT_REVIEWED,REVIEWED_60HZ_DRAFT,PREPARE_ONLY_PASS,"State slot 1 confirms slot0 0x4B0/stream 0x9C; both active core0 SPU2 voices byte-match the stream. Five voiced cues reviewed; grunts/noise excluded. Prepare-only cumulative package PASS: 59 events, 656 cues, 595 glyphs."
74,3,bakula_yout_guidance_event_009d,0x9D,156,0x4B2;0x4B3,0x4B2,RUNTIME_REQUEST_SLOT_AND_ACTIVE_SPU_MATCH,100949,100.949,audio/extracted/gr3_rendered_events/stream_009d.flac,PASS,비올레타와 코넬 퇴각 후 신수 요우토와 대화,DISC1_RUNTIME_PROVEN_DISC2_UNKNOWN,DATA/00390500.MDZ,0x4B2,RUNTIME_ACTIVE_SPU_MATCH_SCENE_AUDIO_CONFIRMED_REVIEWED_CUES,MANUAL_AUDIO_SCENE_REVIEW,DRAFT_CONTEXT_REVIEWED,REVIEWED_60HZ_DRAFT,PREPARE_ONLY_PASS,"State slot 2 confirms slot0 0x4B2/stream 0x9D; both active core0 SPU2 voices byte-match the stream. Fifteen voiced cues reviewed; echoed speech cross-checked against resource text and scene context. Prepare-only cumulative package PASS: 60 events, 671 cues, 597 glyphs."
75,3,bakula_hell_asel_departure_ruiri_event_009e,0x9E,157,0x4B4;0x4B5,0x4B4,RUNTIME_REQUEST_SLOT_AND_ACTIVE_SPU_MATCH,109909,109.909,audio/extracted/gr3_rendered_events/stream_009e.flac,PASS,헬 아셀로 가기 전 다나와 루이리의 화해,DISC1_RUNTIME_PROVEN_DISC2_UNKNOWN,DATA/00330300.MDZ,0x4B4,RUNTIME_ACTIVE_SPU_MATCH_SCENE_AUDIO_CONFIRMED_REVIEWED_CUES,MANUAL_AUDIO_SCENE_REVIEW,DRAFT_CONTEXT_REVIEWED,REVIEWED_60HZ_DRAFT,PREPARE_ONLY_PASS,"State slot 3 confirms display and slot0 0x4B4/stream 0x9E; both active core0 SPU2 voices byte-match the stream. Nineteen voiced cues reviewed; initial 0-12s non-dialogue removed. Prepare-only cumulative package PASS: 61 events, 690 cues, 598 glyphs."
76,3,bakula_hell_asel_gate_event_009f,0x9F,158,0x4B6;0x4B7,0x4B7,RUNTIME_REQUEST_SLOT_AND_ACTIVE_SPU_MATCH,84224,84.224,audio/extracted/gr3_rendered_events/stream_009f.flac,PASS,족장의 증표를 끼우고 헬 아셀로 진입,DISC1_RUNTIME_PROVEN_DISC2_UNKNOWN,DATA/00330400.MDZ,0x4B7,RUNTIME_ACTIVE_SPU_MATCH_SCENE_AUDIO_CONFIRMED_REVIEWED_CUES,MANUAL_AUDIO_SCENE_REVIEW,DRAFT_CONTEXT_REVIEWED,REVIEWED_60HZ_DRAFT,PREPARE_ONLY_PASS,"State slot 4 confirms display 0x4B7 and slot1 request 0x4B6/resolved 0x4B7 for stream 0x9F; both active core0 SPU2 voices byte-match the stream. Thirteen voiced cues reviewed; initial 0-6s non-dialogue removed. Prepare-only cumulative package PASS: 62 events, 703 cues, 599 glyphs."
77,3,flight_with_miranda_event_00a0,0xA0,159,0x4BA;0x4BB,0x4BB,INFERRED_FROM_0x415_META_PATTERN,75861,75.861,audio/extracted/gr3_rendered_events/stream_00a0.flac,PASS,,COMMON_ARCHIVE_RUNTIME_UNKNOWN,,,PENDING_RUNTIME_MAPPING,AUTO_LOW_CONFIDENCE_REVIEW,PENDING_TRANSLATION,PENDING_CUES,PENDING_RESOURCE_STORAGE,
78,4,moonlight_camp_continuation_event_00a1,0xA1,160,0x4BC;0x4BD,0x4BD,INFERRED_FROM_0x415_META_PATTERN,173973,173.973,audio/extracted/gr3_rendered_events/stream_00a1.flac,PASS,안포그 숲 달빛 대화 후반,DISC1_RUNTIME_PROVEN_DISC2_UNKNOWN,DATA/00061100.MDZ,0x4BC,RUNTIME_SAVESTATE_PROVEN_DUAL_SLOT_DIRECT_CONTINUATION,NEEDS_AUDIO_REVIEW,DRAFT_CONTEXT_REVIEWED,DIRECT_CUES_60HZ_DRAFT,PREPARE_ONLY_PENDING,"Older state CC624658 proves live 0x4BC/0x4BD stream 0xA1 in slot0 while stale ended 0x420/0x421 remains in slot1. New state CC62465A slot 2 proves the rotation can reverse: stale ended 0x420 remains in slot0 while live 0x4BC/0x4BD stream 0xA1 is in slot1 at 157 ticks. The observed timer-to-audio offsets differ (3310 versus 3133 ticks), so the fragile chained schedule was replaced by a direct dual-slot 0xA1 event with its own local cue times."
79,1,gr3_stream_00a4,0xA4,163,0x4C8;0x4C9,0x4C9,INFERRED_FROM_0x415_META_PATTERN,17621,17.621,audio/extracted/gr3_rendered_events/stream_00a4.flac,PASS,,COMMON_ARCHIVE_RUNTIME_UNKNOWN,,,PENDING_RUNTIME_MAPPING,AUTO_LOW_CONFIDENCE_REVIEW,PENDING_TRANSLATION,PENDING_CUES,PENDING_RESOURCE_STORAGE,
80,1,gr3_stream_00a5,0xA5,164,0x4CA;0x4CB,0x4CB,INFERRED_FROM_0x415_META_PATTERN,29717,29.717,audio/extracted/gr3_rendered_events/stream_00a5.flac,PASS,,COMMON_ARCHIVE_RUNTIME_UNKNOWN,,,PENDING_RUNTIME_MAPPING,AUTO_LOW_CONFIDENCE_REVIEW,PENDING_TRANSLATION,PENDING_CUES,PENDING_RESOURCE_STORAGE,
81,1,gr3_stream_00a6,0xA6,165,0x4CC;0x4CD,0x4CD,INFERRED_FROM_0x415_META_PATTERN,11349,11.349,audio/extracted/gr3_rendered_events/stream_00a6.flac,PASS,,COMMON_ARCHIVE_RUNTIME_UNKNOWN,,,PENDING_RUNTIME_MAPPING,AUTO_LOW_CONFIDENCE_REVIEW,PENDING_TRANSLATION,PENDING_CUES,PENDING_RESOURCE_STORAGE,
82,4,gr3_stream_00a7,0xA7,166,0x4CE;0x4CF,0x4CF,INFERRED_FROM_0x415_META_PATTERN,210411,210.411,audio/extracted/gr3_rendered_events/stream_00a7.flac,PASS,,COMMON_ARCHIVE_RUNTIME_UNKNOWN,,,PENDING_RUNTIME_MAPPING,AUTO_TRANSCRIBED_REVIEW,PENDING_TRANSLATION,PENDING_CUES,PENDING_RESOURCE_STORAGE,
83,4,gr3_stream_00a8,0xA8,167,0x4D2;0x4D3,0x4D3,INFERRED_FROM_0x415_META_PATTERN,149632,149.632,audio/extracted/gr3_rendered_events/stream_00a8.flac,PASS,,COMMON_ARCHIVE_RUNTIME_UNKNOWN,,,PENDING_RUNTIME_MAPPING,AUTO_TRANSCRIBED_REVIEW,PENDING_TRANSLATION,PENDING_CUES,PENDING_RESOURCE_STORAGE,
84,4,gr3_stream_00a9,0xA9,168,0x4D6;0x4D7,0x4D7,INFERRED_FROM_0x415_META_PATTERN,128277,128.277,audio/extracted/gr3_rendered_events/stream_00a9.flac,PASS,,COMMON_ARCHIVE_RUNTIME_UNKNOWN,,,PENDING_RUNTIME_MAPPING,AUTO_TRANSCRIBED_REVIEW,PENDING_TRANSLATION,PENDING_CUES,PENDING_RESOURCE_STORAGE,
85,2,gr3_stream_00aa,0xAA,169,0x4DA;0x4DB,0x4DB,INFERRED_FROM_0x415_META_PATTERN,30315,30.315,audio/extracted/gr3_rendered_events/stream_00aa.flac,PASS,,COMMON_ARCHIVE_RUNTIME_UNKNOWN,,,PENDING_RUNTIME_MAPPING,AUTO_TRANSCRIBED_REVIEW,PENDING_TRANSLATION,PENDING_CUES,PENDING_RESOURCE_STORAGE,
86,4,gr3_stream_00ab,0xAB,170,0x4DC;0x4DD,0x4DD,INFERRED_FROM_0x415_META_PATTERN,178752,178.752,audio/extracted/gr3_rendered_events/stream_00ab.flac,PASS,,COMMON_ARCHIVE_RUNTIME_UNKNOWN,,,PENDING_RUNTIME_MAPPING,AUTO_TRANSCRIBED_REVIEW,PENDING_TRANSLATION,PENDING_CUES,PENDING_RESOURCE_STORAGE,
87,4,gr3_stream_00ac,0xAC,171,0x4DE;0x4DF,0x4DF,INFERRED_FROM_0x415_META_PATTERN,130517,130.517,audio/extracted/gr3_rendered_events/stream_00ac.flac,PASS,,COMMON_ARCHIVE_RUNTIME_UNKNOWN,,,PENDING_RUNTIME_MAPPING,AUTO_TRANSCRIBED_REVIEW,PENDING_TRANSLATION,PENDING_CUES,PENDING_RESOURCE_STORAGE,
88,3,gr3_stream_00ad,0xAD,172,0x4E0;0x4E1,0x4E1,INFERRED_FROM_0x415_META_PATTERN,104235,104.235,audio/extracted/gr3_rendered_events/stream_00ad.flac,PASS,,COMMON_ARCHIVE_RUNTIME_UNKNOWN,,,PENDING_RUNTIME_MAPPING,AUTO_TRANSCRIBED_REVIEW,PENDING_TRANSLATION,PENDING_CUES,PENDING_RESOURCE_STORAGE,
89,2,gr3_stream_00ae,0xAE,173,0x4E2;0x4E3,0x4E3,INFERRED_FROM_0x415_META_PATTERN,40320,40.320,audio/extracted/gr3_rendered_events/stream_00ae.flac,PASS,,COMMON_ARCHIVE_RUNTIME_UNKNOWN,,,PENDING_RUNTIME_MAPPING,AUTO_TRANSCRIBED_REVIEW,PENDING_TRANSLATION,PENDING_CUES,PENDING_RESOURCE_STORAGE,
90,3,gr3_stream_00af,0xAF,174,0x4E4;0x4E5,0x4E5,INFERRED_FROM_0x415_META_PATTERN,76160,76.160,audio/extracted/gr3_rendered_events/stream_00af.flac,PASS,,COMMON_ARCHIVE_RUNTIME_UNKNOWN,,,PENDING_RUNTIME_MAPPING,AUTO_TRANSCRIBED_REVIEW,PENDING_TRANSLATION,PENDING_CUES,PENDING_RESOURCE_STORAGE,
91,3,gr3_stream_00b0,0xB0,175,0x4E6;0x4E7,0x4E7,INFERRED_FROM_0x415_META_PATTERN,101696,101.696,audio/extracted/gr3_rendered_events/stream_00b0.flac,PASS,,COMMON_ARCHIVE_RUNTIME_UNKNOWN,,,PENDING_RUNTIME_MAPPING,AUTO_TRANSCRIBED_REVIEW,PENDING_TRANSLATION,PENDING_CUES,PENDING_RESOURCE_STORAGE,
92,3,gr3_stream_00b1,0xB1,176,0x4E8;0x4E9,0x4E9,INFERRED_FROM_0x415_META_PATTERN,99904,99.904,audio/extracted/gr3_rendered_events/stream_00b1.flac,PASS,,COMMON_ARCHIVE_RUNTIME_UNKNOWN,,,PENDING_RUNTIME_MAPPING,AUTO_TRANSCRIBED_REVIEW,PENDING_TRANSLATION,PENDING_CUES,PENDING_RESOURCE_STORAGE,
93,2,gr3_stream_00b2,0xB2,177,0x4EC;0x4ED,0x4ED,INFERRED_FROM_0x415_META_PATTERN,44501,44.501,audio/extracted/gr3_rendered_events/stream_00b2.flac,PASS,,COMMON_ARCHIVE_RUNTIME_UNKNOWN,,,PENDING_RUNTIME_MAPPING,AUTO_TRANSCRIBED_REVIEW,PENDING_TRANSLATION,PENDING_CUES,PENDING_RESOURCE_STORAGE,
94,2,gr3_stream_00b3,0xB3,178,0x4EE;0x4EF,0x4EF,INFERRED_FROM_0x415_META_PATTERN,44352,44.352,audio/extracted/gr3_rendered_events/stream_00b3.flac,PASS,,COMMON_ARCHIVE_RUNTIME_UNKNOWN,,,PENDING_RUNTIME_MAPPING,AUTO_TRANSCRIBED_REVIEW,PENDING_TRANSLATION,PENDING_CUES,PENDING_RESOURCE_STORAGE,
95,4,gr3_stream_00b4,0xB4,179,0x4F0;0x4F1,0x4F1,INFERRED_FROM_0x415_META_PATTERN,124843,124.843,audio/extracted/gr3_rendered_events/stream_00b4.flac,PASS,,COMMON_ARCHIVE_RUNTIME_UNKNOWN,,,PENDING_RUNTIME_MAPPING,AUTO_TRANSCRIBED_REVIEW,PENDING_TRANSLATION,PENDING_CUES,PENDING_RESOURCE_STORAGE,
96,4,gr3_stream_00b5,0xB5,180,0x4F4;0x4F5,0x4F5,INFERRED_FROM_0x415_META_PATTERN,136789,136.789,audio/extracted/gr3_rendered_events/stream_00b5.flac,PASS,,COMMON_ARCHIVE_RUNTIME_UNKNOWN,,,PENDING_RUNTIME_MAPPING,AUTO_TRANSCRIBED_REVIEW,PENDING_TRANSLATION,PENDING_CUES,PENDING_RESOURCE_STORAGE,
97,4,gr3_stream_00b6,0xB6,181,0x4F6;0x4F7,0x4F7,INFERRED_FROM_0x415_META_PATTERN,122155,122.155,audio/extracted/gr3_rendered_events/stream_00b6.flac,PASS,,COMMON_ARCHIVE_RUNTIME_UNKNOWN,,,PENDING_RUNTIME_MAPPING,AUTO_LOW_CONFIDENCE_REVIEW,PENDING_TRANSLATION,PENDING_CUES,PENDING_RESOURCE_STORAGE,
98,4,gr3_stream_00b7,0xB7,182,0x4F8;0x4F9,0x4F9,INFERRED_FROM_0x415_META_PATTERN,244160,244.160,audio/extracted/gr3_rendered_events/stream_00b7.flac,PASS,,COMMON_ARCHIVE_RUNTIME_UNKNOWN,,,PENDING_RUNTIME_MAPPING,AUTO_TRANSCRIBED_REVIEW,PENDING_TRANSLATION,PENDING_CUES,PENDING_RESOURCE_STORAGE,
99,2,gr3_stream_00b8,0xB8,183,0x4FA;0x4FB,0x4FB,INFERRED_FROM_0x415_META_PATTERN,43307,43.307,audio/extracted/gr3_rendered_events/stream_00b8.flac,PASS,,COMMON_ARCHIVE_RUNTIME_UNKNOWN,,,PENDING_RUNTIME_MAPPING,AUTO_TRANSCRIBED_REVIEW,PENDING_TRANSLATION,PENDING_CUES,PENDING_RESOURCE_STORAGE,
100,2,gr3_stream_00b9,0xB9,184,0x4FC;0x4FD,0x4FD,INFERRED_FROM_0x415_META_PATTERN,40171,40.171,audio/extracted/gr3_rendered_events/stream_00b9.flac,PASS,,COMMON_ARCHIVE_RUNTIME_UNKNOWN,,,PENDING_RUNTIME_MAPPING,AUTO_TRANSCRIBED_REVIEW,PENDING_TRANSLATION,PENDING_CUES,PENDING_RESOURCE_STORAGE,
101,3,gr3_stream_00ba,0xBA,185,0x4FE;0x4FF,0x4FF,INFERRED_FROM_0x415_META_PATTERN,75712,75.712,audio/extracted/gr3_rendered_events/stream_00ba.flac,PASS,,COMMON_ARCHIVE_RUNTIME_UNKNOWN,,,PENDING_RUNTIME_MAPPING,AUTO_LOW_CONFIDENCE_REVIEW,PENDING_TRANSLATION,PENDING_CUES,PENDING_RESOURCE_STORAGE,
102,3,gr3_stream_00bb,0xBB,186,0x500;0x501,0x501,INFERRED_FROM_0x415_META_PATTERN,99755,99.755,audio/extracted/gr3_rendered_events/stream_00bb.flac,PASS,,COMMON_ARCHIVE_RUNTIME_UNKNOWN,,,PENDING_RUNTIME_MAPPING,AUTO_TRANSCRIBED_REVIEW,PENDING_TRANSLATION,PENDING_CUES,PENDING_RESOURCE_STORAGE,
103,2,gr3_stream_00bc,0xBC,187,0x502;0x503,0x503,INFERRED_FROM_0x415_META_PATTERN,44053,44.053,audio/extracted/gr3_rendered_events/stream_00bc.flac,PASS,,COMMON_ARCHIVE_RUNTIME_UNKNOWN,,,PENDING_RUNTIME_MAPPING,AUTO_TRANSCRIBED_REVIEW,PENDING_TRANSLATION,PENDING_CUES,PENDING_RESOURCE_STORAGE,
104,3,gr3_stream_00bd,0xBD,188,0x504;0x505,0x505,INFERRED_FROM_0x415_META_PATTERN,74816,74.816,audio/extracted/gr3_rendered_events/stream_00bd.flac,PASS,,COMMON_ARCHIVE_RUNTIME_UNKNOWN,,,PENDING_RUNTIME_MAPPING,AUTO_LOW_CONFIDENCE_REVIEW,PENDING_TRANSLATION,PENDING_CUES,PENDING_RESOURCE_STORAGE,
105,3,gr3_stream_00be,0xBE,189,0x506;0x507,0x507,INFERRED_FROM_0x415_META_PATTERN,80192,80.192,audio/extracted/gr3_rendered_events/stream_00be.flac,PASS,,COMMON_ARCHIVE_RUNTIME_UNKNOWN,,,PENDING_RUNTIME_MAPPING,AUTO_TRANSCRIBED_REVIEW,PENDING_TRANSLATION,PENDING_CUES,PENDING_RESOURCE_STORAGE,
106,2,gr3_stream_00bf,0xBF,190,0x50A;0x50B,0x50B,INFERRED_FROM_0x415_META_PATTERN,59733,59.733,audio/extracted/gr3_rendered_events/stream_00bf.flac,PASS,,COMMON_ARCHIVE_RUNTIME_UNKNOWN,,,PENDING_RUNTIME_MAPPING,AUTO_LOW_CONFIDENCE_REVIEW,PENDING_TRANSLATION,PENDING_CUES,PENDING_RESOURCE_STORAGE,
107,1,gr3_stream_00c0,0xC0,191,0x510;0x511,0x511,INFERRED_FROM_0x415_META_PATTERN,28373,28.373,audio/extracted/gr3_rendered_events/stream_00c0.flac,PASS,,COMMON_ARCHIVE_RUNTIME_UNKNOWN,,,PENDING_RUNTIME_MAPPING,AUTO_TRANSCRIBED_REVIEW,PENDING_TRANSLATION,PENDING_CUES,PENDING_RESOURCE_STORAGE,
108,2,gr3_stream_00c1,0xC1,192,0x512;0x513,0x513,INFERRED_FROM_0x415_META_PATTERN,32704,32.704,audio/extracted/gr3_rendered_events/stream_00c1.flac,PASS,,COMMON_ARCHIVE_RUNTIME_UNKNOWN,,,PENDING_RUNTIME_MAPPING,AUTO_TRANSCRIBED_REVIEW,PENDING_TRANSLATION,PENDING_CUES,PENDING_RESOURCE_STORAGE,
109,3,gr3_stream_00c2,0xC2,193,0x516;0x517,0x517,INFERRED_FROM_0x415_META_PATTERN,94379,94.379,audio/extracted/gr3_rendered_events/stream_00c2.flac,PASS,,COMMON_ARCHIVE_RUNTIME_UNKNOWN,,,PENDING_RUNTIME_MAPPING,AUTO_TRANSCRIBED_REVIEW,PENDING_TRANSLATION,PENDING_CUES,PENDING_RESOURCE_STORAGE,
110,3,arcriff_temple_balcony_fate_event_00c3,0xC3,194,0x538;0x539,0x539,INFERRED_FROM_0x415_META_PATTERN,83477,83.477,audio/extracted/gr3_rendered_events/stream_00c3.flac,PASS,,COMMON_ARCHIVE_RUNTIME_UNKNOWN,,,PENDING_RUNTIME_MAPPING,AUTO_TRANSCRIBED_REVIEW,PENDING_TRANSLATION,PENDING_CUES,PENDING_RESOURCE_STORAGE,
111,4,gr3_stream_00c4,0xC4,195,0x53A;0x53B,0x53B,INFERRED_FROM_0x415_META_PATTERN,159787,159.787,audio/extracted/gr3_rendered_events/stream_00c4.flac,PASS,,COMMON_ARCHIVE_RUNTIME_UNKNOWN,,,PENDING_RUNTIME_MAPPING,AUTO_TRANSCRIBED_REVIEW,PENDING_TRANSLATION,PENDING_CUES,PENDING_RESOURCE_STORAGE,
112,1,raflid_yuki_ulf_reunion_event_00c5,0xC5,196,0x53E;0x53F,0x53F,INFERRED_FROM_0x415_META_PATTERN,21504,21.504,audio/extracted/gr3_rendered_events/stream_00c5.flac,PASS,라플리드 마을에서 유키와 울의 재회,DISC1_RUNTIME_PROVEN_DISC2_UNKNOWN,DATA/01110701.MDZ,0x53E,RUNTIME_SPU_PROVEN_REVIEWED_CUES,MANUAL_AUDIO_SCENE_REVIEW,DRAFT_CONTEXT_REVIEWED,REVIEWED_60HZ_DRAFT,PREPARE_ONLY_PENDING,PCSX2 slot 5에서 EE request 0x053E와 active SPU2 voice가 GR3_STR 0xC5 archive bytes에 일치함. slot 1의 0x0026→0x0027은 stopped/resident 상태라 현재 대사에서 제외.
113,3,gr3_stream_00c6,0xC6,197,0x540;0x541,0x541,INFERRED_FROM_0x415_META_PATTERN,100053,100.053,audio/extracted/gr3_rendered_events/stream_00c6.flac,PASS,,COMMON_ARCHIVE_RUNTIME_UNKNOWN,,,PENDING_RUNTIME_MAPPING,AUTO_LOW_CONFIDENCE_REVIEW,PENDING_TRANSLATION,PENDING_CUES,PENDING_RESOURCE_STORAGE,
114,1,herb_garage_lotts_event_00c7,0xC7,198,0x57C;0x57D,0x57D,INFERRED_FROM_0x415_META_PATTERN,16277,16.277,audio/extracted/gr3_rendered_events/stream_00c7.flac,PASS,,COMMON_ARCHIVE_RUNTIME_UNKNOWN,,,PENDING_RUNTIME_MAPPING,AUTO_LOW_CONFIDENCE_REVIEW,PENDING_TRANSLATION,PENDING_CUES,PENDING_RESOURCE_STORAGE,
115,3,sabatar_departure_yuki_alonso_dream_event_00c8,0xC8,199,0x57E;0x57F,0x57F,INFERRED_FROM_0x415_META_PATTERN,109760,109.760,audio/extracted/gr3_rendered_events/stream_00c8.flac,PASS,사바타르 항구를 떠난 뒤 유키와 알론소의 꿈에 관한 대화,DISC1_RUNTIME_PROVEN_DISC2_UNKNOWN,DATA/00150100.MDZ,0x57E,RUNTIME_SAVESTATE_PROVEN_DUAL_SLOT_REQUEST_PROGRESS_SYNC_REVIEWED_CUES,MANUAL_AUDIO_TARGETED_REVIEW,DRAFT_CONTEXT_REVIEWED,REVIEWED_60HZ_TARGETED_EARLY_SECTION,PREPARE_ONLY_PENDING,과거 slot 1 req 0x57E/resolved 0x57F에서 GR3_STR 0xC8 archive bytes가 active SPU2 voice와 일치함. 2026-09-02 17:37 캡처는 slot 0 req/resolved 0x57E progress 954 ticks인데 기존 private subtitle timer는 814 ticks로 140 ticks(2.333초) 지연됨. GR3SUB 재적재 지연이 원인이므로 전체 외부 렌더러를 matched request progress+event bias 직결 방식으로 변경. Whisper small 독립 3회 합의와 사용자 실기 피드백으로 9.2~29.5초의 누락된 5개 대사를 추가했고 기존 첫 cue는 29.5초부터 분리함.
116,1,gr3_stream_00c9,0xC9,200,0x580;0x581,0x581,INFERRED_FROM_0x415_META_PATTERN,12544,12.544,audio/extracted/gr3_rendered_events/stream_00c9.flac,PASS,,COMMON_ARCHIVE_RUNTIME_UNKNOWN,,,PENDING_RUNTIME_MAPPING,AUTO_LOW_CONFIDENCE_REVIEW,PENDING_TRANSLATION,PENDING_CUES,PENDING_RESOURCE_STORAGE,
117,1,gr3_stream_00ca,0xCA,201,0x582;0x583,0x583,INFERRED_FROM_0x415_META_PATTERN,6571,6.571,audio/extracted/gr3_rendered_events/stream_00ca.flac,PASS,,COMMON_ARCHIVE_RUNTIME_UNKNOWN,,,PENDING_RUNTIME_MAPPING,AUTO_LOW_CONFIDENCE_REVIEW,PENDING_TRANSLATION,PENDING_CUES,PENDING_RESOURCE_STORAGE,
118,1,gr3_stream_00cb,0xCB,202,0x584;0x585,0x585,INFERRED_FROM_0x415_META_PATTERN,27776,27.776,audio/extracted/gr3_rendered_events/stream_00cb.flac,PASS,,COMMON_ARCHIVE_RUNTIME_UNKNOWN,,,PENDING_RUNTIME_MAPPING,AUTO_LOW_CONFIDENCE_REVIEW,PENDING_TRANSLATION,PENDING_CUES,PENDING_RESOURCE_STORAGE,
119,1,gr3_stream_00cc,0xCC,203,0x586;0x587;0x614;0x615,0x587;0x615,INFERRED_FROM_0x415_META_PATTERN,21056,21.056,audio/extracted/gr3_rendered_events/stream_00cc.flac,PASS,,COMMON_ARCHIVE_RUNTIME_UNKNOWN,,,PENDING_RUNTIME_MAPPING,AUTO_LOW_CONFIDENCE_REVIEW,PENDING_TRANSLATION,PENDING_CUES,PENDING_RESOURCE_STORAGE,
120,3,birth_realm_arrival_yuki_alfina_event_00cd,0xCD,204,0x588;0x589,0x589,INFERRED_FROM_0x415_META_PATTERN,80341,80.341,audio/extracted/gr3_rendered_events/stream_00cd.flac,PASS,,COMMON_ARCHIVE_RUNTIME_UNKNOWN,,,PENDING_RUNTIME_MAPPING,AUTO_TRANSCRIBED_REVIEW,PENDING_TRANSLATION,PENDING_CUES,PENDING_RESOURCE_STORAGE,
121,1,birth_realm_return_randoto_event_00ce,0xCE,205,0x58A;0x58B,0x58B,INFERRED_FROM_0x415_META_PATTERN,20309,20.309,audio/extracted/gr3_rendered_events/stream_00ce.flac,PASS,,COMMON_ARCHIVE_RUNTIME_UNKNOWN,,,PENDING_RUNTIME_MAPPING,AUTO_LOW_CONFIDENCE_REVIEW,PENDING_TRANSLATION,PENDING_CUES,PENDING_RESOURCE_STORAGE,
122,1,mendi_miranda_alonso_market_date_event_00cf,0xCF,206,0x58E;0x58F,0x58F,INFERRED_FROM_0x415_META_PATTERN,28075,28.075,audio/extracted/gr3_rendered_events/stream_00cf.flac,PASS,미란다와 알론소의 시장 데이트,DISC1_RUNTIME_PROVEN_DISC2_UNKNOWN,DATA/01080303.MDZ,0x58E,RUNTIME_SLOT1_REQUEST_RESOLVED_SCENE_AUDIO_CONFIRMED_REVIEWED_CUES,MANUAL_AUDIO_THREE_CHANNEL_REVIEW,REVIEWED_CONTEXT,REVIEWED_60HZ_FULL_STREAM,PREPARE_ONLY_PENDING,"2026-09-04 slot1 캡처에서 DATA/01080303.MDZ, request 0x058E, resolved/display 0x058F, stream 0xCF, progress 323 ticks(5.383초)를 확인. slot0 0x24는 비음성 계열이며 subtitle timer 0은 미등록 상태를 입증함. 전체 28.075초 FLAC을 좌·우·혼합 채널 Whisper-small로 독립 검수해 6큐를 작성했고 23.3초 뒤에는 추가 대사가 없음."
123,1,gr3_stream_00d0,0xD0,207,0x590;0x591,0x591,INFERRED_FROM_0x415_META_PATTERN,22699,22.699,audio/extracted/gr3_rendered_events/stream_00d0.flac,PASS,,COMMON_ARCHIVE_RUNTIME_UNKNOWN,,,PENDING_RUNTIME_MAPPING,AUTO_LOW_CONFIDENCE_REVIEW,PENDING_TRANSLATION,PENDING_CUES,PENDING_RESOURCE_STORAGE,
124,1,gr3_stream_00d1,0xD1,208,0x592;0x593,0x593,INFERRED_FROM_0x415_META_PATTERN,23296,23.296,audio/extracted/gr3_rendered_events/stream_00d1.flac,PASS,,COMMON_ARCHIVE_RUNTIME_UNKNOWN,,,PENDING_RUNTIME_MAPPING,AUTO_LOW_CONFIDENCE_REVIEW,PENDING_TRANSLATION,PENDING_CUES,PENDING_RESOURCE_STORAGE,
125,2,inn_alfina_recovery_work_event_00d2,0xD2,209,0x594;0x595,0x595,INFERRED_FROM_0x415_META_PATTERN,32704,32.704,audio/extracted/gr3_rendered_events/stream_00d2.flac,PASS,여관에서 회복한 알피나가 일을 돕겠다고 나서는 장면,DISC1_RUNTIME_PROVEN_DISC2_UNKNOWN,DATA/00180500.MDZ,0x594,RUNTIME_REQUEST_SLOT_SCENE_AUDIO_CONFIRMED_REVIEWED_CUES,MANUAL_AUDIO_SCENE_REVIEW,DRAFT_CONTEXT_REVIEWED,REVIEWED_60HZ_DRAFT,PREPARE_ONLY_PENDING,PCSX2 AA7AC8CC slot 4에서 slot 1 request 0x0594→resolved 0x0595가 GR3_STR 0xD2에 대응하고 화면·실제 대사가 여관 장면과 일치함. 이 savestate의 구 SPU2 core layout은 active ADSR voice 판정을 지원하지 않아 ACTIVE_SPU_MATCH로 과장하지 않음. 표시 0x0484/0x90은 장면 불일치로 제외.
126,1,gr3_stream_00d3,0xD3,210,0x596;0x597;0x61A;0x61B,0x597;0x61B,INFERRED_FROM_0x415_META_PATTERN,26581,26.581,audio/extracted/gr3_rendered_events/stream_00d3.flac,PASS,,COMMON_ARCHIVE_RUNTIME_UNKNOWN,,,PENDING_RUNTIME_MAPPING,AUTO_LOW_CONFIDENCE_REVIEW,PENDING_TRANSLATION,PENDING_CUES,PENDING_RESOURCE_STORAGE,
127,2,raflid_schmidt_surprise_plane_event_00d4,0xD4,211,0x598;0x599,0x599,INFERRED_FROM_0x415_META_PATTERN,32256,32.256,audio/extracted/gr3_rendered_events/stream_00d4.flac,PASS,라플리드 비행장에서 슈미트가 개조한 비행기를 공개,DISC1_RUNTIME_PROVEN_DISC2_UNKNOWN,DATA/01111301.MDZ,0x598,RUNTIME_REQUEST_SLOT_SCENE_AUDIO_CONFIRMED_REVIEWED_CUES,MANUAL_AUDIO_SCENE_REVIEW,DRAFT_CONTEXT_REVIEWED,REVIEWED_60HZ_DRAFT,PREPARE_ONLY_PENDING,PCSX2 AA7AC8CC slot 7에서 slot 1 request 0x0598→resolved 0x0599가 GR3_STR 0xD4에 대응하고 상태저장 화면·원본 FLAC·동일 일본어 플레이 영상이 정확히 일치함. 구 SPU2 core layout이라 ACTIVE_SPU_MATCH는 주장하지 않음. slot0 0x00A0은 keybit stream 0x80B로 제외.
128,2,hell_asel_drak_emelious_event_00d5,0xD5,212,0x59C;0x59D,0x59D,RUNTIME_REQUEST_SLOT_AND_ACTIVE_SPU_MATCH,44949,44.949,audio/extracted/gr3_rendered_events/stream_00d5.flac,PASS,헬 아셀 진입과 교차 편집되는 드라크와 에메리우스의 대치,DISC1_RUNTIME_PROVEN_DISC2_UNKNOWN,DATA/01150401.MDZ,0x59C,RUNTIME_SLOT1_ACTIVE_SPU_MATCH_TRIGGER_CORRECTED_REVIEWED_CUES,MANUAL_AUDIO_SCENE_REVIEW,DRAFT_CONTEXT_REVIEWED,REVIEWED_60HZ_DRAFT,PREPARE_ONLY_PASS,PCSX2 AB792ED0 slot 5에서 slot 1 request 0x059C→resolved/display 0x059D가 GR3_STR 0xD5에 대응하고 active SPU2 voice 8/9가 원본 payload offset 0x5E810/0x5F010과 각각 일치함. 런타임 trigger는 transient resolved/display 0x059D가 아니라 stable request 0x059C로 교정했으며 누적 manifest는 request slot 0/1 양쪽을 허용한다. slot 0의 당시 0x003C와 display 0x092D는 비대상으로 제외. 기존 반복 이름 자동 전사는 환각으로 폐기하고 드라크와 에메리우스의 실제 대사 5큐만 채택. v0.1.5 기준 전체 누적 prepare-only 62 normal events/701 cues + 0x9B sidecar 1 event/9 cues PASS.
129,1,gr3_stream_00d6,0xD6,213,0x59E;0x59F,0x59F,INFERRED_FROM_0x415_META_PATTERN,13739,13.739,audio/extracted/gr3_rendered_events/stream_00d6.flac,PASS,,COMMON_ARCHIVE_RUNTIME_UNKNOWN,,,PENDING_RUNTIME_MAPPING,AUTO_LOW_CONFIDENCE_REVIEW,PENDING_TRANSLATION,PENDING_CUES,PENDING_RESOURCE_STORAGE,
130,2,gr3_stream_00d7,0xD7,214,0x5A0;0x5A1,0x5A1,INFERRED_FROM_0x415_META_PATTERN,41813,41.813,audio/extracted/gr3_rendered_events/stream_00d7.flac,PASS,,COMMON_ARCHIVE_RUNTIME_UNKNOWN,,,PENDING_RUNTIME_MAPPING,AUTO_LOW_CONFIDENCE_REVIEW,PENDING_TRANSLATION,PENDING_CUES,PENDING_RESOURCE_STORAGE,
131,3,gr3_stream_00d8,0xD8,215,0x5A2;0x5A3,0x5A3,INFERRED_FROM_0x415_META_PATTERN,80341,80.341,audio/extracted/gr3_rendered_events/stream_00d8.flac,PASS,,COMMON_ARCHIVE_RUNTIME_UNKNOWN,,,PENDING_RUNTIME_MAPPING,AUTO_TRANSCRIBED_REVIEW,PENDING_TRANSLATION,PENDING_CUES,PENDING_RESOURCE_STORAGE,
132,2,gr3_stream_00d9,0xD9,216,0x5A4;0x5A5,0x5A5,INFERRED_FROM_0x415_META_PATTERN,31808,31.808,audio/extracted/gr3_rendered_events/stream_00d9.flac,PASS,,COMMON_ARCHIVE_RUNTIME_UNKNOWN,,,PENDING_RUNTIME_MAPPING,AUTO_TRANSCRIBED_REVIEW,PENDING_TRANSLATION,PENDING_CUES,PENDING_RESOURCE_STORAGE,
133,1,gr3_stream_00da,0xDA,217,0x5A6;0x5A7;0x61E;0x61F,0x5A7;0x61F,INFERRED_FROM_0x415_META_PATTERN,15083,15.083,audio/extracted/gr3_rendered_events/stream_00da.flac,PASS,,COMMON_ARCHIVE_RUNTIME_UNKNOWN,,,PENDING_RUNTIME_MAPPING,AUTO_LOW_CONFIDENCE_REVIEW,PENDING_TRANSLATION,PENDING_CUES,PENDING_RESOURCE_STORAGE,
134,1,gr3_stream_00db,0xDB,218,0x5A8;0x5A9,0x5A9,INFERRED_FROM_0x415_META_PATTERN,18965,18.965,audio/extracted/gr3_rendered_events/stream_00db.flac,PASS,,COMMON_ARCHIVE_RUNTIME_UNKNOWN,,,PENDING_RUNTIME_MAPPING,AUTO_LOW_CONFIDENCE_REVIEW,PENDING_TRANSLATION,PENDING_CUES,PENDING_RESOURCE_STORAGE,
135,1,gr3_stream_00dc,0xDC,219,0x5AC;0x5AD,0x5AD,INFERRED_FROM_0x415_META_PATTERN,19563,19.563,audio/extracted/gr3_rendered_events/stream_00dc.flac,PASS,,COMMON_ARCHIVE_RUNTIME_UNKNOWN,,,PENDING_RUNTIME_MAPPING,AUTO_LOW_CONFIDENCE_REVIEW,PENDING_TRANSLATION,PENDING_CUES,PENDING_RESOURCE_STORAGE,
136,1,gr3_stream_00dd,0xDD,220,0x5AE;0x5AF,0x5AF,INFERRED_FROM_0x415_META_PATTERN,12245,12.245,audio/extracted/gr3_rendered_events/stream_00dd.flac,PASS,,COMMON_ARCHIVE_RUNTIME_UNKNOWN,,,PENDING_RUNTIME_MAPPING,AUTO_LOW_CONFIDENCE_REVIEW,PENDING_TRANSLATION,PENDING_CUES,PENDING_RESOURCE_STORAGE,
137,1,gr3_stream_00de,0xDE,221,0x5B0;0x5B1;0x61C;0x61D,0x5B1;0x61D,INFERRED_FROM_0x415_META_PATTERN,21355,21.355,audio/extracted/gr3_rendered_events/stream_00de.flac,PASS,,COMMON_ARCHIVE_RUNTIME_UNKNOWN,,,PENDING_RUNTIME_MAPPING,AUTO_LOW_CONFIDENCE_REVIEW,PENDING_TRANSLATION,PENDING_CUES,PENDING_RESOURCE_STORAGE,
138,1,gr3_stream_00df,0xDF,222,0x5B4;0x5B5,0x5B5,INFERRED_FROM_0x415_META_PATTERN,24192,24.192,audio/extracted/gr3_rendered_events/stream_00df.flac,PASS,,COMMON_ARCHIVE_RUNTIME_UNKNOWN,,,PENDING_RUNTIME_MAPPING,AUTO_TRANSCRIBED_REVIEW,PENDING_TRANSLATION,PENDING_CUES,PENDING_RESOURCE_STORAGE,
139,1,gr3_stream_00e0,0xE0,223,0x5B6;0x5B7,0x5B7,INFERRED_FROM_0x415_META_PATTERN,20757,20.757,audio/extracted/gr3_rendered_events/stream_00e0.flac,PASS,,COMMON_ARCHIVE_RUNTIME_UNKNOWN,,,PENDING_RUNTIME_MAPPING,AUTO_LOW_CONFIDENCE_REVIEW,PENDING_TRANSLATION,PENDING_CUES,PENDING_RESOURCE_STORAGE,
140,2,gr3_stream_00e1,0xE1,224,0x5BA;0x5BB,0x5BB,INFERRED_FROM_0x415_META_PATTERN,59285,59.285,audio/extracted/gr3_rendered_events/stream_00e1.flac,PASS,,COMMON_ARCHIVE_RUNTIME_UNKNOWN,,,PENDING_RUNTIME_MAPPING,AUTO_LOW_CONFIDENCE_REVIEW,PENDING_TRANSLATION,PENDING_CUES,PENDING_RESOURCE_STORAGE,
141,2,gr3_stream_00e2,0xE2,225,0x5BC;0x5BD,0x5BD,INFERRED_FROM_0x415_META_PATTERN,35243,35.243,audio/extracted/gr3_rendered_events/stream_00e2.flac,PASS,,COMMON_ARCHIVE_RUNTIME_UNKNOWN,,,PENDING_RUNTIME_MAPPING,AUTO_LOW_CONFIDENCE_REVIEW,PENDING_TRANSLATION,PENDING_CUES,PENDING_RESOURCE_STORAGE,
142,1,gr3_stream_00e3,0xE3,226,0x5C0;0x5C1,0x5C1,INFERRED_FROM_0x415_META_PATTERN,17323,17.323,audio/extracted/gr3_rendered_events/stream_00e3.flac,PASS,,COMMON_ARCHIVE_RUNTIME_UNKNOWN,,,PENDING_RUNTIME_MAPPING,AUTO_LOW_CONFIDENCE_REVIEW,PENDING_TRANSLATION,PENDING_CUES,PENDING_RESOURCE_STORAGE,
143,1,gr3_stream_00e4,0xE4,227,0x5C2;0x5C3,0x5C3,INFERRED_FROM_0x415_META_PATTERN,28373,28.373,audio/extracted/gr3_rendered_events/stream_00e4.flac,PASS,,COMMON_ARCHIVE_RUNTIME_UNKNOWN,,,PENDING_RUNTIME_MAPPING,AUTO_LOW_CONFIDENCE_REVIEW,PENDING_TRANSLATION,PENDING_CUES,PENDING_RESOURCE_STORAGE,
144,1,gr3_stream_00e5,0xE5,228,0x5DC;0x5DD,0x5DD,INFERRED_FROM_0x415_META_PATTERN,17173,17.173,audio/extracted/gr3_rendered_events/stream_00e5.flac,PASS,,COMMON_ARCHIVE_RUNTIME_UNKNOWN,,,PENDING_RUNTIME_MAPPING,AUTO_TRANSCRIBED_REVIEW,PENDING_TRANSLATION,PENDING_CUES,PENDING_RESOURCE_STORAGE,
145,1,gr3_stream_00e6,0xE6,229,0x5DE;0x5DF,0x5DF,INFERRED_FROM_0x415_META_PATTERN,19413,19.413,audio/extracted/gr3_rendered_events/stream_00e6.flac,PASS,,COMMON_ARCHIVE_RUNTIME_UNKNOWN,,,PENDING_RUNTIME_MAPPING,AUTO_TRANSCRIBED_REVIEW,PENDING_TRANSLATION,PENDING_CUES,PENDING_RESOURCE_STORAGE,
146,1,gr3_stream_00e7,0xE7,230,0x5E0;0x5E1,0x5E1,INFERRED_FROM_0x415_META_PATTERN,6720,6.720,audio/extracted/gr3_rendered_events/stream_00e7.flac,PASS,,COMMON_ARCHIVE_RUNTIME_UNKNOWN,,,PENDING_RUNTIME_MAPPING,AUTO_TRANSCRIBED_REVIEW,PENDING_TRANSLATION,PENDING_CUES,PENDING_RESOURCE_STORAGE,
147,1,gr3_stream_00e8,0xE8,231,0x5E2;0x5E3,0x5E3,INFERRED_FROM_0x415_META_PATTERN,6421,6.421,audio/extracted/gr3_rendered_events/stream_00e8.flac,PASS,,COMMON_ARCHIVE_RUNTIME_UNKNOWN,,,PENDING_RUNTIME_MAPPING,AUTO_TRANSCRIBED_REVIEW,PENDING_TRANSLATION,PENDING_CUES,PENDING_RESOURCE_STORAGE,
148,1,gr3_stream_00e9,0xE9,232,0x5E4;0x5E5,0x5E5,INFERRED_FROM_0x415_META_PATTERN,3584,3.584,audio/extracted/gr3_rendered_events/stream_00e9.flac,PASS,,COMMON_ARCHIVE_RUNTIME_UNKNOWN,,,PENDING_RUNTIME_MAPPING,AUTO_LOW_CONFIDENCE_REVIEW,PENDING_TRANSLATION,PENDING_CUES,PENDING_RESOURCE_STORAGE,
149,1,gr3_stream_00ea,0xEA,233,0x5E6;0x5E7,0x5E7,INFERRED_FROM_0x415_META_PATTERN,4629,4.629,audio/extracted/gr3_rendered_events/stream_00ea.flac,PASS,,COMMON_ARCHIVE_RUNTIME_UNKNOWN,,,PENDING_RUNTIME_MAPPING,AUTO_LOW_CONFIDENCE_REVIEW,PENDING_TRANSLATION,PENDING_CUES,PENDING_RESOURCE_STORAGE,
150,1,gr3_stream_00eb,0xEB,234,0x5E8;0x5E9,0x5E9,INFERRED_FROM_0x415_META_PATTERN,3883,3.883,audio/extracted/gr3_rendered_events/stream_00eb.flac,PASS,,COMMON_ARCHIVE_RUNTIME_UNKNOWN,,,PENDING_RUNTIME_MAPPING,AUTO_LOW_CONFIDENCE_REVIEW,PENDING_TRANSLATION,PENDING_CUES,PENDING_RESOURCE_STORAGE,
151,1,gr3_stream_00ec,0xEC,235,0x5EA;0x5EB,0x5EB,INFERRED_FROM_0x415_META_PATTERN,17024,17.024,audio/extracted/gr3_rendered_events/stream_00ec.flac,PASS,,COMMON_ARCHIVE_RUNTIME_UNKNOWN,,,PENDING_RUNTIME_MAPPING,AUTO_LOW_CONFIDENCE_REVIEW,PENDING_TRANSLATION,PENDING_CUES,PENDING_RESOURCE_STORAGE,
152,1,gr3_stream_00ed,0xED,236,0x5EC;0x5ED,0x5ED,INFERRED_FROM_0x415_META_PATTERN,20608,20.608,audio/extracted/gr3_rendered_events/stream_00ed.flac,PASS,,COMMON_ARCHIVE_RUNTIME_UNKNOWN,,,PENDING_RUNTIME_MAPPING,AUTO_LOW_CONFIDENCE_REVIEW,PENDING_TRANSLATION,PENDING_CUES,PENDING_RESOURCE_STORAGE,
153,1,gr3_stream_00ee,0xEE,237,0x5EE;0x5EF,0x5EF,INFERRED_FROM_0x415_META_PATTERN,3136,3.136,audio/extracted/gr3_rendered_events/stream_00ee.flac,PASS,,COMMON_ARCHIVE_RUNTIME_UNKNOWN,,,PENDING_RUNTIME_MAPPING,AUTO_LOW_CONFIDENCE_REVIEW,PENDING_TRANSLATION,PENDING_CUES,PENDING_RESOURCE_STORAGE,
154,1,gr3_stream_00ef,0xEF,238,0x5F0;0x5F1,0x5F1,INFERRED_FROM_0x415_META_PATTERN,3136,3.136,audio/extracted/gr3_rendered_events/stream_00ef.flac,PASS,,COMMON_ARCHIVE_RUNTIME_UNKNOWN,,,PENDING_RUNTIME_MAPPING,AUTO_LOW_CONFIDENCE_REVIEW,PENDING_TRANSLATION,PENDING_CUES,PENDING_RESOURCE_STORAGE,
155,1,gr3_stream_00f0,0xF0,239,0x5F2;0x5F3,0x5F3,INFERRED_FROM_0x415_META_PATTERN,2688,2.688,audio/extracted/gr3_rendered_events/stream_00f0.flac,PASS,,COMMON_ARCHIVE_RUNTIME_UNKNOWN,,,PENDING_RUNTIME_MAPPING,AUTO_LOW_CONFIDENCE_REVIEW,PENDING_TRANSLATION,PENDING_CUES,PENDING_RESOURCE_STORAGE,
156,1,gr3_stream_00f1,0xF1,240,0x5F4;0x5F5,0x5F5,INFERRED_FROM_0x415_META_PATTERN,2688,2.688,audio/extracted/gr3_rendered_events/stream_00f1.flac,PASS,,COMMON_ARCHIVE_RUNTIME_UNKNOWN,,,PENDING_RUNTIME_MAPPING,AUTO_LOW_CONFIDENCE_REVIEW,PENDING_TRANSLATION,PENDING_CUES,PENDING_RESOURCE_STORAGE,
157,1,gr3_stream_00f2,0xF2,241,0x5F6;0x5F7,0x5F7,INFERRED_FROM_0x415_META_PATTERN,11051,11.051,audio/extracted/gr3_rendered_events/stream_00f2.flac,PASS,,COMMON_ARCHIVE_RUNTIME_UNKNOWN,,,PENDING_RUNTIME_MAPPING,AUTO_TRANSCRIBED_REVIEW,PENDING_TRANSLATION,PENDING_CUES,PENDING_RESOURCE_STORAGE,
158,1,gr3_stream_00f3,0xF3,242,0x5F8;0x5F9,0x5F9,INFERRED_FROM_0x415_META_PATTERN,14187,14.187,audio/extracted/gr3_rendered_events/stream_00f3.flac,PASS,,COMMON_ARCHIVE_RUNTIME_UNKNOWN,,,PENDING_RUNTIME_MAPPING,AUTO_LOW_CONFIDENCE_REVIEW,PENDING_TRANSLATION,PENDING_CUES,PENDING_RESOURCE_STORAGE,
159,1,gr3_stream_00f4,0xF4,243,0x5FA;0x5FB,0x5FB,INFERRED_FROM_0x415_META_PATTERN,8811,8.811,audio/extracted/gr3_rendered_events/stream_00f4.flac,PASS,,COMMON_ARCHIVE_RUNTIME_UNKNOWN,,,PENDING_RUNTIME_MAPPING,AUTO_TRANSCRIBED_REVIEW,PENDING_TRANSLATION,PENDING_CUES,PENDING_RESOURCE_STORAGE,
160,1,gr3_stream_00f5,0xF5,244,0x5FC;0x5FD,0x5FD,INFERRED_FROM_0x415_META_PATTERN,3883,3.883,audio/extracted/gr3_rendered_events/stream_00f5.flac,PASS,,COMMON_ARCHIVE_RUNTIME_UNKNOWN,,,PENDING_RUNTIME_MAPPING,AUTO_LOW_CONFIDENCE_REVIEW,PENDING_TRANSLATION,PENDING_CUES,PENDING_RESOURCE_STORAGE,
161,1,gr3_stream_00f6,0xF6,245,0x5FE;0x5FF,0x5FF,INFERRED_FROM_0x415_META_PATTERN,3733,3.733,audio/extracted/gr3_rendered_events/stream_00f6.flac,PASS,,COMMON_ARCHIVE_RUNTIME_UNKNOWN,,,PENDING_RUNTIME_MAPPING,AUTO_LOW_CONFIDENCE_REVIEW,PENDING_TRANSLATION,PENDING_CUES,PENDING_RESOURCE_STORAGE,
162,1,gr3_stream_00f7,0xF7,246,0x600;0x601,0x601,INFERRED_FROM_0x415_META_PATTERN,14187,14.187,audio/extracted/gr3_rendered_events/stream_00f7.flac,PASS,,COMMON_ARCHIVE_RUNTIME_UNKNOWN,,,PENDING_RUNTIME_MAPPING,AUTO_LOW_CONFIDENCE_REVIEW,PENDING_TRANSLATION,PENDING_CUES,PENDING_RESOURCE_STORAGE,
163,1,gr3_stream_00f9,0xF9,248,0x624;0x625,0x625,INFERRED_FROM_0x415_META_PATTERN,21952,21.952,audio/extracted/gr3_rendered_events/stream_00f9.flac,PASS,,COMMON_ARCHIVE_RUNTIME_UNKNOWN,,,PENDING_RUNTIME_MAPPING,AUTO_TRANSCRIBED_REVIEW,PENDING_TRANSLATION,PENDING_CUES,PENDING_RESOURCE_STORAGE,
164,1,gr3_stream_00fa,0xFA,249,0x62E;0x62F,0x62F,INFERRED_FROM_0x415_META_PATTERN,16427,16.427,audio/extracted/gr3_rendered_events/stream_00fa.flac,PASS,,COMMON_ARCHIVE_RUNTIME_UNKNOWN,,,PENDING_RUNTIME_MAPPING,AUTO_LOW_CONFIDENCE_REVIEW,PENDING_TRANSLATION,PENDING_CUES,PENDING_RESOURCE_STORAGE,
165,1,gr3_stream_00fb,0xFB,250,0x630;0x631,0x631,INFERRED_FROM_0x415_META_PATTERN,14784,14.784,audio/extracted/gr3_rendered_events/stream_00fb.flac,PASS,,COMMON_ARCHIVE_RUNTIME_UNKNOWN,,,PENDING_RUNTIME_MAPPING,AUTO_LOW_CONFIDENCE_REVIEW,PENDING_TRANSLATION,PENDING_CUES,PENDING_RESOURCE_STORAGE,
166,1,gr3_stream_00fc,0xFC,251,0x632;0x633,0x633,INFERRED_FROM_0x415_META_PATTERN,9259,9.259,audio/extracted/gr3_rendered_events/stream_00fc.flac,PASS,,COMMON_ARCHIVE_RUNTIME_UNKNOWN,,,PENDING_RUNTIME_MAPPING,AUTO_TRANSCRIBED_REVIEW,PENDING_TRANSLATION,PENDING_CUES,PENDING_RESOURCE_STORAGE,
167,1,gr3_stream_00fd,0xFD,252,0x634;0x635;0x682;0x683;0x684;0x685;0x6D0;0x6D1,0x635;0x683;0x685;0x6D1,INFERRED_FROM_0x415_META_PATTERN,12245,12.245,audio/extracted/gr3_rendered_events/stream_00fd.flac,PASS,,COMMON_ARCHIVE_RUNTIME_UNKNOWN,,,PENDING_RUNTIME_MAPPING,AUTO_LOW_CONFIDENCE_REVIEW,PENDING_TRANSLATION,PENDING_CUES,PENDING_RESOURCE_STORAGE,
168,1,gr3_stream_00fe,0xFE,253,0x636;0x637;0x638;0x639,0x637;0x639,INFERRED_FROM_0x415_META_PATTERN,14485,14.485,audio/extracted/gr3_rendered_events/stream_00fe.flac,PASS,,COMMON_ARCHIVE_RUNTIME_UNKNOWN,,,PENDING_RUNTIME_MAPPING,AUTO_LOW_CONFIDENCE_REVIEW,PENDING_TRANSLATION,PENDING_CUES,PENDING_RESOURCE_STORAGE,
169,1,gr3_stream_00ff,0xFF,254,0x63A;0x63B;0x63E;0x63F;0x642;0x643;0x646;0x647;0x65A;0x65B;0x65E;0x65F;0x662;0x663;0x666;0x667;0x66E;0x66F;0x672;0x673;0x676;0x677;0x67A;0x67B,0x63B;0x63F;0x643;0x647;0x65B;0x65F;0x663;0x667;0x66F;0x673;0x677;0x67B,INFERRED_FROM_0x415_META_PATTERN,3733,3.733,audio/extracted/gr3_rendered_events/stream_00ff.flac,PASS,,COMMON_ARCHIVE_RUNTIME_UNKNOWN,,,PENDING_RUNTIME_MAPPING,AUTO_LOW_CONFIDENCE_REVIEW,PENDING_TRANSLATION,PENDING_CUES,PENDING_RESOURCE_STORAGE,
170,1,gr3_stream_0100,0x100,255,0x63C;0x63D;0x640;0x641;0x644;0x645;0x648;0x649;0x65C;0x65D;0x660;0x661;0x664;0x665;0x668;0x669;0x670;0x671;0x674;0x675;0x678;0x679;0x67C;0x67D,0x63D;0x641;0x645;0x649;0x65D;0x661;0x665;0x669;0x671;0x675;0x679;0x67D,INFERRED_FROM_0x415_META_PATTERN,3733,3.733,audio/extracted/gr3_rendered_events/stream_0100.flac,PASS,,COMMON_ARCHIVE_RUNTIME_UNKNOWN,,,PENDING_RUNTIME_MAPPING,AUTO_LOW_CONFIDENCE_REVIEW,PENDING_TRANSLATION,PENDING_CUES,PENDING_RESOURCE_STORAGE,
171,1,gr3_stream_0101,0x101,256,0x64A;0x64B;0x64C;0x64D;0x64E;0x64F,0x64B;0x64D;0x64F,INFERRED_FROM_0x415_META_PATTERN,3883,3.883,audio/extracted/gr3_rendered_events/stream_0101.flac,PASS,,COMMON_ARCHIVE_RUNTIME_UNKNOWN,,,PENDING_RUNTIME_MAPPING,AUTO_LOW_CONFIDENCE_REVIEW,PENDING_TRANSLATION,PENDING_CUES,PENDING_RESOURCE_STORAGE,
172,1,gr3_stream_0102,0x102,257,0x650;0x651,0x651,INFERRED_FROM_0x415_META_PATTERN,10603,10.603,audio/extracted/gr3_rendered_events/stream_0102.flac,PASS,,COMMON_ARCHIVE_RUNTIME_UNKNOWN,,,PENDING_RUNTIME_MAPPING,AUTO_TRANSCRIBED_REVIEW,PENDING_TRANSLATION,PENDING_CUES,PENDING_RESOURCE_STORAGE,
173,1,gr3_stream_0103,0x103,258,0x652;0x653,0x653,INFERRED_FROM_0x415_META_PATTERN,10603,10.603,audio/extracted/gr3_rendered_events/stream_0103.flac,PASS,,COMMON_ARCHIVE_RUNTIME_UNKNOWN,,,PENDING_RUNTIME_MAPPING,AUTO_TRANSCRIBED_REVIEW,PENDING_TRANSLATION,PENDING_CUES,PENDING_RESOURCE_STORAGE,
174,1,gr3_stream_0104,0x104,259,0x654;0x655,0x655,INFERRED_FROM_0x415_META_PATTERN,28672,28.672,audio/extracted/gr3_rendered_events/stream_0104.flac,PASS,,COMMON_ARCHIVE_RUNTIME_UNKNOWN,,,PENDING_RUNTIME_MAPPING,AUTO_LOW_CONFIDENCE_REVIEW,PENDING_TRANSLATION,PENDING_CUES,PENDING_RESOURCE_STORAGE,
175,1,gr3_stream_0105,0x105,260,0x686;0x687;0x69A;0x69B;0x69C;0x69D,0x687;0x69B;0x69D,INFERRED_FROM_0x415_META_PATTERN,8811,8.811,audio/extracted/gr3_rendered_events/stream_0105.flac,PASS,,COMMON_ARCHIVE_RUNTIME_UNKNOWN,,,PENDING_RUNTIME_MAPPING,AUTO_LOW_CONFIDENCE_REVIEW,PENDING_TRANSLATION,PENDING_CUES,PENDING_RESOURCE_STORAGE,
176,1,gr3_stream_0106,0x106,261,0x690;0x691;0x696;0x697;0x698;0x699,0x691;0x697;0x699,INFERRED_FROM_0x415_META_PATTERN,2987,2.987,audio/extracted/gr3_rendered_events/stream_0106.flac,PASS,,COMMON_ARCHIVE_RUNTIME_UNKNOWN,,,PENDING_RUNTIME_MAPPING,AUTO_LOW_CONFIDENCE_REVIEW,PENDING_TRANSLATION,PENDING_CUES,PENDING_RESOURCE_STORAGE,
177,1,gr3_stream_0107,0x107,262,0x6B2;0x6B3,0x6B3,INFERRED_FROM_0x415_META_PATTERN,13888,13.888,audio/extracted/gr3_rendered_events/stream_0107.flac,PASS,,COMMON_ARCHIVE_RUNTIME_UNKNOWN,,,PENDING_RUNTIME_MAPPING,AUTO_LOW_CONFIDENCE_REVIEW,PENDING_TRANSLATION,PENDING_CUES,PENDING_RESOURCE_STORAGE,
178,1,gr3_stream_0108,0x108,263,0x6B4;0x6B5,0x6B5,INFERRED_FROM_0x415_META_PATTERN,14336,14.336,audio/extracted/gr3_rendered_events/stream_0108.flac,PASS,,COMMON_ARCHIVE_RUNTIME_UNKNOWN,,,PENDING_RUNTIME_MAPPING,AUTO_TRANSCRIBED_REVIEW,PENDING_TRANSLATION,PENDING_CUES,PENDING_RESOURCE_STORAGE,
179,1,gr3_stream_0109,0x109,264,0x6B6;0x6B7;0x772;0x773,0x6B7;0x773,INFERRED_FROM_0x415_META_PATTERN,14336,14.336,audio/extracted/gr3_rendered_events/stream_0109.flac,PASS,,COMMON_ARCHIVE_RUNTIME_UNKNOWN,,,PENDING_RUNTIME_MAPPING,AUTO_LOW_CONFIDENCE_REVIEW,PENDING_TRANSLATION,PENDING_CUES,PENDING_RESOURCE_STORAGE,
180,1,gr3_stream_010a,0x10A,265,0x6B8;0x6B9;0x6BA;0x6BB;0x6BC;0x6BD,0x6B9;0x6BB;0x6BD,INFERRED_FROM_0x415_META_PATTERN,4032,4.032,audio/extracted/gr3_rendered_events/stream_010a.flac,PASS,,COMMON_ARCHIVE_RUNTIME_UNKNOWN,,,PENDING_RUNTIME_MAPPING,AUTO_LOW_CONFIDENCE_REVIEW,PENDING_TRANSLATION,PENDING_CUES,PENDING_RESOURCE_STORAGE,
181,1,gr3_stream_010b,0x10B,266,0x6BE;0x6BF,0x6BF,INFERRED_FROM_0x415_META_PATTERN,15531,15.531,audio/extracted/gr3_rendered_events/stream_010b.flac,PASS,,COMMON_ARCHIVE_RUNTIME_UNKNOWN,,,PENDING_RUNTIME_MAPPING,AUTO_LOW_CONFIDENCE_REVIEW,PENDING_TRANSLATION,PENDING_CUES,PENDING_RESOURCE_STORAGE,
182,1,gr3_stream_010c,0x10C,267,0x6C2;0x6C3,0x6C3,INFERRED_FROM_0x415_META_PATTERN,12096,12.096,audio/extracted/gr3_rendered_events/stream_010c.flac,PASS,,COMMON_ARCHIVE_RUNTIME_UNKNOWN,,,PENDING_RUNTIME_MAPPING,AUTO_TRANSCRIBED_REVIEW,PENDING_TRANSLATION,PENDING_CUES,PENDING_RESOURCE_STORAGE,
183,1,gr3_stream_010d,0x10D,268,0x6C4;0x6C5,0x6C5,INFERRED_FROM_0x415_META_PATTERN,14187,14.187,audio/extracted/gr3_rendered_events/stream_010d.flac,PASS,,COMMON_ARCHIVE_RUNTIME_UNKNOWN,,,PENDING_RUNTIME_MAPPING,AUTO_LOW_CONFIDENCE_REVIEW,PENDING_TRANSLATION,PENDING_CUES,PENDING_RESOURCE_STORAGE,
184,1,gr3_stream_010e,0x10E,269,0x6C6;0x6C7;0x6D2;0x6D3,0x6C7;0x6D3,INFERRED_FROM_0x415_META_PATTERN,14187,14.187,audio/extracted/gr3_rendered_events/stream_010e.flac,PASS,,COMMON_ARCHIVE_RUNTIME_UNKNOWN,,,PENDING_RUNTIME_MAPPING,AUTO_LOW_CONFIDENCE_REVIEW,PENDING_TRANSLATION,PENDING_CUES,PENDING_RESOURCE_STORAGE,
185,1,gr3_stream_010f,0x10F,270,0x6C8;0x6C9;0x6CC;0x6CD,0x6C9;0x6CD,INFERRED_FROM_0x415_META_PATTERN,11051,11.051,audio/extracted/gr3_rendered_events/stream_010f.flac,PASS,,COMMON_ARCHIVE_RUNTIME_UNKNOWN,,,PENDING_RUNTIME_MAPPING,AUTO_LOW_CONFIDENCE_REVIEW,PENDING_TRANSLATION,PENDING_CUES,PENDING_RESOURCE_STORAGE,
186,1,gr3_stream_0110,0x110,271,0x6CA;0x6CB;0x6CE;0x6CF,0x6CB;0x6CF,INFERRED_FROM_0x415_META_PATTERN,11051,11.051,audio/extracted/gr3_rendered_events/stream_0110.flac,PASS,,COMMON_ARCHIVE_RUNTIME_UNKNOWN,,,PENDING_RUNTIME_MAPPING,AUTO_LOW_CONFIDENCE_REVIEW,PENDING_TRANSLATION,PENDING_CUES,PENDING_RESOURCE_STORAGE,
187,1,gr3_stream_0111,0x111,272,0x6D4;0x6D5,0x6D5,INFERRED_FROM_0x415_META_PATTERN,16277,16.277,audio/extracted/gr3_rendered_events/stream_0111.flac,PASS,,COMMON_ARCHIVE_RUNTIME_UNKNOWN,,,PENDING_RUNTIME_MAPPING,AUTO_LOW_CONFIDENCE_REVIEW,PENDING_TRANSLATION,PENDING_CUES,PENDING_RESOURCE_STORAGE,
188,1,gr3_stream_0112,0x112,273,0x6D6;0x6D7,0x6D7,INFERRED_FROM_0x415_META_PATTERN,7317,7.317,audio/extracted/gr3_rendered_events/stream_0112.flac,PASS,,COMMON_ARCHIVE_RUNTIME_UNKNOWN,,,PENDING_RUNTIME_MAPPING,AUTO_LOW_CONFIDENCE_REVIEW,PENDING_TRANSLATION,PENDING_CUES,PENDING_RESOURCE_STORAGE,
189,1,gr3_stream_0113,0x113,274,0x6E0;0x6E1;0x6E2;0x6E3,0x6E1;0x6E3,INFERRED_FROM_0x415_META_PATTERN,11051,11.051,audio/extracted/gr3_rendered_events/stream_0113.flac,PASS,,COMMON_ARCHIVE_RUNTIME_UNKNOWN,,,PENDING_RUNTIME_MAPPING,AUTO_LOW_CONFIDENCE_REVIEW,PENDING_TRANSLATION,PENDING_CUES,PENDING_RESOURCE_STORAGE,
190,1,gr3_stream_0114,0x114,275,0x6F4;0x6F5;0x72A;0x72B;0x72C;0x72D;0x734;0x735;0x736;0x737;0x738;0x739;0x73A;0x73B;0x73C;0x73D;0x73E;0x73F;0x776;0x777;0x778;0x779;0x780;0x781;0x782;0x783,0x6F5;0x72B;0x72D;0x735;0x737;0x739;0x73B;0x73D;0x73F;0x777;0x779;0x781;0x783,INFERRED_FROM_0x415_META_PATTERN,5675,5.675,audio/extracted/gr3_rendered_events/stream_0114.flac,PASS,,COMMON_ARCHIVE_RUNTIME_UNKNOWN,,,PENDING_RUNTIME_MAPPING,AUTO_LOW_CONFIDENCE_REVIEW,PENDING_TRANSLATION,PENDING_CUES,PENDING_RESOURCE_STORAGE,
191,1,gr3_stream_0115,0x115,276,0x726;0x727;0x728;0x729;0x7A8;0x7A9,0x727;0x729;0x7A9,INFERRED_FROM_0x415_META_PATTERN,5675,5.675,audio/extracted/gr3_rendered_events/stream_0115.flac,PASS,,COMMON_ARCHIVE_RUNTIME_UNKNOWN,,,PENDING_RUNTIME_MAPPING,AUTO_LOW_CONFIDENCE_REVIEW,PENDING_TRANSLATION,PENDING_CUES,PENDING_RESOURCE_STORAGE,
192,1,gr3_stream_0116,0x116,277,0x72E;0x72F;0x730;0x731;0x76C;0x76D;0x76E;0x76F,0x72F;0x731;0x76D;0x76F,INFERRED_FROM_0x415_META_PATTERN,2091,2.091,audio/extracted/gr3_rendered_events/stream_0116.flac,PASS,,COMMON_ARCHIVE_RUNTIME_UNKNOWN,,,PENDING_RUNTIME_MAPPING,AUTO_LOW_CONFIDENCE_REVIEW,PENDING_TRANSLATION,PENDING_CUES,PENDING_RESOURCE_STORAGE,
193,1,gr3_stream_0117,0x117,278,0x732;0x733,0x733,INFERRED_FROM_0x415_META_PATTERN,11499,11.499,audio/extracted/gr3_rendered_events/stream_0117.flac,PASS,,COMMON_ARCHIVE_RUNTIME_UNKNOWN,,,PENDING_RUNTIME_MAPPING,AUTO_TRANSCRIBED_REVIEW,PENDING_TRANSLATION,PENDING_CUES,PENDING_RESOURCE_STORAGE,
194,1,gr3_stream_0118,0x118,279,0x770;0x771,0x771,INFERRED_FROM_0x415_META_PATTERN,7467,7.467,audio/extracted/gr3_rendered_events/stream_0118.flac,PASS,,COMMON_ARCHIVE_RUNTIME_UNKNOWN,,,PENDING_RUNTIME_MAPPING,AUTO_LOW_CONFIDENCE_REVIEW,PENDING_TRANSLATION,PENDING_CUES,PENDING_RESOURCE_STORAGE,
195,1,gr3_stream_0119,0x119,280,0x774;0x775,0x775,INFERRED_FROM_0x415_META_PATTERN,5675,5.675,audio/extracted/gr3_rendered_events/stream_0119.flac,PASS,,COMMON_ARCHIVE_RUNTIME_UNKNOWN,,,PENDING_RUNTIME_MAPPING,AUTO_LOW_CONFIDENCE_REVIEW,PENDING_TRANSLATION,PENDING_CUES,PENDING_RESOURCE_STORAGE,
196,1,gr3_stream_011a,0x11A,281,0x77A;0x77B,0x77B,INFERRED_FROM_0x415_META_PATTERN,5824,5.824,audio/extracted/gr3_rendered_events/stream_011a.flac,PASS,,COMMON_ARCHIVE_RUNTIME_UNKNOWN,,,PENDING_RUNTIME_MAPPING,AUTO_LOW_CONFIDENCE_REVIEW,PENDING_TRANSLATION,PENDING_CUES,PENDING_RESOURCE_STORAGE,
197,1,gr3_stream_011b,0x11B,282,0x77C;0x77D;0x77E;0x77F,0x77D;0x77F,INFERRED_FROM_0x415_META_PATTERN,6421,6.421,audio/extracted/gr3_rendered_events/stream_011b.flac,PASS,,COMMON_ARCHIVE_RUNTIME_UNKNOWN,,,PENDING_RUNTIME_MAPPING,AUTO_LOW_CONFIDENCE_REVIEW,PENDING_TRANSLATION,PENDING_CUES,PENDING_RESOURCE_STORAGE,
198,1,gr3_stream_011c,0x11C,283,0x786;0x787,0x787,INFERRED_FROM_0x415_META_PATTERN,5227,5.227,audio/extracted/gr3_rendered_events/stream_011c.flac,PASS,,COMMON_ARCHIVE_RUNTIME_UNKNOWN,,,PENDING_RUNTIME_MAPPING,AUTO_LOW_CONFIDENCE_REVIEW,PENDING_TRANSLATION,PENDING_CUES,PENDING_RESOURCE_STORAGE,
199,1,gr3_stream_011d,0x11D,284,0x788;0x789,0x789,INFERRED_FROM_0x415_META_PATTERN,8512,8.512,audio/extracted/gr3_rendered_events/stream_011d.flac,PASS,,COMMON_ARCHIVE_RUNTIME_UNKNOWN,,,PENDING_RUNTIME_MAPPING,AUTO_LOW_CONFIDENCE_REVIEW,PENDING_TRANSLATION,PENDING_CUES,PENDING_RESOURCE_STORAGE,
200,1,gr3_stream_011e,0x11E,285,0x78A;0x78B,0x78B,INFERRED_FROM_0x415_META_PATTERN,2688,2.688,audio/extracted/gr3_rendered_events/stream_011e.flac,PASS,,COMMON_ARCHIVE_RUNTIME_UNKNOWN,,,PENDING_RUNTIME_MAPPING,AUTO_LOW_CONFIDENCE_REVIEW,PENDING_TRANSLATION,PENDING_CUES,PENDING_RESOURCE_STORAGE,
201,1,gr3_stream_011f,0x11F,286,0x78C;0x78D;0x78E;0x78F,0x78D;0x78F,INFERRED_FROM_0x415_META_PATTERN,11797,11.797,audio/extracted/gr3_rendered_events/stream_011f.flac,PASS,,COMMON_ARCHIVE_RUNTIME_UNKNOWN,,,PENDING_RUNTIME_MAPPING,AUTO_TRANSCRIBED_REVIEW,PENDING_TRANSLATION,PENDING_CUES,PENDING_RESOURCE_STORAGE,
202,1,gr3_stream_0120,0x120,287,0x790;0x791,0x791,INFERRED_FROM_0x415_META_PATTERN,11349,11.349,audio/extracted/gr3_rendered_events/stream_0120.flac,PASS,,COMMON_ARCHIVE_RUNTIME_UNKNOWN,,,PENDING_RUNTIME_MAPPING,AUTO_LOW_CONFIDENCE_REVIEW,PENDING_TRANSLATION,PENDING_CUES,PENDING_RESOURCE_STORAGE,
203,1,gr3_stream_0121,0x121,288,0x792;0x793,0x793,INFERRED_FROM_0x415_META_PATTERN,4928,4.928,audio/extracted/gr3_rendered_events/stream_0121.flac,PASS,,COMMON_ARCHIVE_RUNTIME_UNKNOWN,,,PENDING_RUNTIME_MAPPING,AUTO_LOW_CONFIDENCE_REVIEW,PENDING_TRANSLATION,PENDING_CUES,PENDING_RESOURCE_STORAGE,
