event_id,stream_key,entry_index,sample_ids,duration_ms,sample_rate,channels,source_offset,size_bytes,source_stream_sha256,decoded_pcm_sha256,decoded_frames_per_channel,audio_path,audio_size_bytes,audio_sha256,extraction_status,notes
gr3_stream_0038,0x38,55,0x2BC;0x2BD,8064,24000,2,0x95B0800,223232,fdc60336f58949e9d0343d729a27b7d2d3919a687d5cd4c9955f31d551483427,213c569a8573cb5e07afeb0b6907a65ca2313015ec878f1d14c2f323745112c2,193536,audio/extracted/gr3_rendered_events/stream_0038.flac,242392,715fd83a67528b429b9638b20bda891a7d3472d963ec9d67d9511b53f1699f1e,PASS,Incremental stereo PSX ADPCM decode; lossless review audio.
gr3_stream_0039,0x39,56,0x2BE;0x2BF,7765,24000,2,0x95E7000,215040,d9939315c537f128250c04a05d7e4ec1db267a807bb9f09539df7af9bf931b5d,99eb36bb596e9f52bd76fe5479cc5722377fddc1ea41cb078f9ca9f66403aaca,186368,audio/extracted/gr3_rendered_events/stream_0039.flac,241768,8129f017d9a6c1d03efb1dc9a63257220da9fac028229d4b0f1da95c5c2ebc78,PASS,Incremental stereo PSX ADPCM decode; lossless review audio.
gr3_stream_004f,0x4F,78,0x39C;0x39D,65259,24000,2,0xD2E3000,1792000,c5135f281a06fc230a2af72e97fb58e2f099535e35702c5827d95205db19e1c0,c56b63abf4ac573570337f19ea9a58893793cc98ec96d255f749813d517b9809,1566208,audio/extracted/gr3_rendered_events/stream_004f.flac,2031247,f8f67f7fb340dc3d89a82fd73b588d108c3546e4830169e824c6bd27a9244332,PASS,Incremental stereo PSX ADPCM decode; lossless review audio.
gr3_stream_0053,0x53,82,0x3EC;0x3ED,61376,24000,2,0xDDFF000,1685504,65430881424706b8d57b69f2c982e6c1eea25b449580c0d8ed6672b2f7d8a1a1,4e8fdc3d3342ba42378a998931a9436cd2eec3d98f3c1c3372d64195e0190705,1473024,audio/extracted/gr3_rendered_events/stream_0053.flac,4458376,128e0a32c2c16ae02b60d89a84629d8111782be5894509fcb9b1e1b943543c21,PASS,Incremental stereo PSX ADPCM decode; lossless review audio.
gr3_stream_0054,0x54,83,0x3EE;0x3EF,22997,24000,2,0xDF9A800,632832,a5c1106c3ba274bd1aa5cb262b138e0f5413124b71e532555bd9dfa2a8b1f76c,89746891bd921cb4f79f5fa30d1a87695981e56e6d592a2fa2617f9289325ef6,551936,audio/extracted/gr3_rendered_events/stream_0054.flac,1153665,fba4271ba10679fb865200a909c303d1a92c556407fe1b17407f2dc583f5fdbf,PASS,Incremental stereo PSX ADPCM decode; lossless review audio.
gr3_stream_0055,0x55,84,0x3F0;0x3F1,23296,24000,2,0xE035000,641024,d97ea8bb19ac4f15720c4b9e05b9109364181c554946ccefbfbf34a2050d681b,5c1798b26a20a0104fd3dd5a9eb6797d78a89e91c5d77c6119e8cbf24e80e1b2,559104,audio/extracted/gr3_rendered_events/stream_0055.flac,1525403,3b5c30393a7fbf6615c954f8b64aaad14d3de1424f0a4022f4bdfa9ba20053df,PASS,Incremental stereo PSX ADPCM decode; lossless review audio.
gr3_stream_0056,0x56,85,0x3F2;0x3F3,137536,24000,2,0xE0D1800,3774464,4944157a8213acc8e746cfd6cdcbe7d32afbd4981ca126c902118b7c43396881,f85fefee480d5b8fcde091c67f05e912b1cf48b2dbf518bd47d515b12cce7632,3300864,audio/extracted/gr3_rendered_events/stream_0056.flac,6150193,62fd3dbbc90ee81484e1cb1d9d1a978348727a321d81757649fa7a638ebc091d,PASS,Incremental stereo PSX ADPCM decode; lossless review audio.
gr3_stream_0057,0x57,86,0x3F4;0x3F5,138283,24000,2,0xE46B000,3794944,c4ffe1727a28d07b675b2e8b1c007d5da2a6d2cce61b80b7b2e7111d5ef13e77,e3e4f91be91cc71f1cba9c201a5a9189a4e45e13305335ba57dfd0b8adf5bf71,3318784,audio/extracted/gr3_rendered_events/stream_0057.flac,6798897,96d08361e011295817f259bfda9e4fea3e3d4f08dc0c20d3711c2cb79c6f0aaf,PASS,Incremental stereo PSX ADPCM decode; lossless review audio.
gr3_stream_0058,0x58,87,0x3F6;0x3F7,142613,24000,2,0xE809800,3913728,43fb7179a9ec20b1086cb70d330a2c529272f49f3cc447e05a3d00691726ff41,1da273e03750ddf820ce0abb4f3335bdcaea4302df5b31ba7e9c3aaec8385a29,3422720,audio/extracted/gr3_rendered_events/stream_0058.flac,9678524,52f39420ba272f3308271a26b2913d254a0609bdbb310aaf6c5059297f220ff1,PASS,Incremental stereo PSX ADPCM decode; lossless review audio.
gr3_stream_0059,0x59,88,0x3F8;0x3F9,142613,24000,2,0xEBC5000,3913728,e2ed2ceef799066b09c7e9b4d235182cc2d61ec75150f201eb5605536c09c8e1,e171165e7b316020a0d818475d43e0bf936e75c2d06a7a4b983c88ab241827c1,3422720,audio/extracted/gr3_rendered_events/stream_0059.flac,10189524,dae3dd575357f7100a2584bd0385d9bd535aaa3cb1238d09de44f5587342c7c9,PASS,Incremental stereo PSX ADPCM decode; lossless review audio.
gr3_stream_005a,0x5A,89,0x3FA;0x3FB,47040,24000,2,0xEF80800,1292288,dc882f88cfffbcbade50eb85c7f368cd539a7340d66acd4551bb3f49ef05ecab,213a3b3d43dea48abf3f5a8ae4c996eadbabafcea4b39dcbac557e61f421336f,1128960,audio/extracted/gr3_rendered_events/stream_005a.flac,3168106,fa24909078a2d24c958a115a660dadffb6159c0eac67a755b1d26235257b8b47,PASS,Incremental stereo PSX ADPCM decode; lossless review audio.
gr3_stream_005b,0x5B,90,0x3FC;0x3FD,100501,24000,2,0xF0BC000,2758656,ea687298ec418accd816ac49c77cbeefd8123a1938a6a328bb5d250cf0b52ba8,eb3bfee4fd2c170bffee0d8b08620522fb6d9e09d4597cbb09a0a8fb74e477cc,2412032,audio/extracted/gr3_rendered_events/stream_005b.flac,6222998,42ebd548f9650759e185ec71743589fa0f4a1759dd5244ab5b1d02812131ed66,PASS,Incremental stereo PSX ADPCM decode; lossless review audio.
gr3_stream_005c,0x5C,91,0x3FE;0x3FF,70784,24000,2,0xF35D800,1943552,798bb77247eacb69bdeb614dacb7cba6db8f20af6a65d7a50198dc309e28adf8,c9975325b992cd8da057f4a50f4a6305282291278ed0ca465b0d6dfee4795e54,1698816,audio/extracted/gr3_rendered_events/stream_005c.flac,4665069,4597fcc61ed916a6a3d99404556395f6cea5b3a771e37b7ede6acf34e4b6f847,PASS,Incremental stereo PSX ADPCM decode; lossless review audio.
gr3_stream_0061,0x61,96,0x408;0x409,136341,24000,2,0xF598800,3741696,27d88454999a5b8ac04ceb7d3e655bcb4a32001e9cc817ca58fcdb56dbffd353,8ca8faad13f90e067a99831b96104dbd4f2a1f62b3805faa632062b12a62501a,3272192,audio/extracted/gr3_rendered_events/stream_0061.flac,8347613,856d39101deb963ff3e11b5de2ef84857f407b620503b0731ffa56ef8fbd7a20,PASS,Incremental stereo PSX ADPCM decode; lossless review audio.
gr3_stream_0062,0x62,97,0x40C;0x40D,23595,24000,2,0xF92A000,649216,2c74b36700a8694306a6fa4d2278a2f339ef64106eef5f860000b396b1267351,2cfa4017b51c95f7546d8c806c777f0cde6d158537e385922861942df2777ee7,566272,audio/extracted/gr3_rendered_events/stream_0062.flac,1301640,aa4fc8467c035b1938a18d96fe5d4d34d541bec1150404d5bcde2e94bedfb576,PASS,Incremental stereo PSX ADPCM decode; lossless review audio.
gr3_stream_0063,0x63,98,0x414;0x415,183531,24000,2,0xF9C8800,5036032,039f522bd892d3abe41e04abe1a2a2d73513d523e41a9e7310212dd746087bea,51cf3e8eba6b7aaa56130150b76d3b247a99c49d59355571975b40589992870a,4404736,audio/extracted/gr3_rendered_events/stream_0063.flac,8082880,c96cebd7f25d72adea05ecc48580f2dc215bccbf787697f8efb1ad869090f326,PASS,Incremental stereo PSX ADPCM decode; lossless review audio.
gr3_stream_0064,0x64,99,0x416;0x417,95424,24000,2,0xFE96000,2619392,93abdd147bb61343387b8d3301ec8d1cf391e5d1880d9bfd6d092f81d7963659,5eba6d11a434122d71f6e34c17cb570f9e03b9ca503b121fab167555c0ee7c83,2290176,audio/extracted/gr3_rendered_events/stream_0064.flac,6273018,94a04020777171025fb60da20c8a5158a2d27e8c64c46416cc4e13c10012c42f,PASS,Incremental stereo PSX ADPCM decode; lossless review audio.
gr3_stream_0065,0x65,100,0x418;0x419,67051,24000,2,0x10115800,1841152,9a7771487c959400ee046b9419e7912ff2449a7e1d047ae8b63c399dbc93374a,d3cb5457aa4430cd958f67caae2420e61f75b24c10c1684c96fd9cf1d05d7730,1609216,audio/extracted/gr3_rendered_events/stream_0065.flac,3473527,88b902c928401abe57e6e23d4d098c0e5508bc75509231ce5c87e7461a17898f,PASS,Incremental stereo PSX ADPCM decode; lossless review audio.
gr3_stream_0066,0x66,101,0x41C;0x41D,125440,24000,2,0x102D7000,3442688,fe19c0701cb21bf1894c1700e191bd3ca3666263584b4aae970bd548fde5d377,e79e894986cfdcb716d22991999b487875a87035eeffe3410e58c8066b489985,3010560,audio/extracted/gr3_rendered_events/stream_0066.flac,8776247,e5be939f6f45939b3da5a76b03ac6758520dd1153af432c128d1bd2e92ae56a3,PASS,Incremental stereo PSX ADPCM decode; lossless review audio.
gr3_stream_0067,0x67,102,0x420;0x421,54507,24000,2,0x1061F800,1497088,8c00c4554f2697d95173105a2f124da7565c8f8793e6eb9f9c77ab8309d0b0f9,21be602632a41e0428946c0e038d91969cd457ed3d772035afd855d4eea23719,1308160,audio/extracted/gr3_rendered_events/stream_0067.flac,3470613,746e5ccbb7d174451189b0091acbcc7af69af76b8b01e1509417b24358e384f4,PASS,Incremental stereo PSX ADPCM decode; lossless review audio.
gr3_stream_0068,0x68,103,0x422;0x423,55701,24000,2,0x1078D000,1529856,e4bdf7a0c90c6cde0e80f1168491441b0c69a990444d7d4231393866b22aba0b,5ec9ecc99debafa6de7cb4cd1b084e113747ff9cd09dda187964af5b651923de,1336832,audio/extracted/gr3_rendered_events/stream_0068.flac,3691604,d8d6a605d678aca114e983d6aab595457533170611cdcfc57c05da38cc5008a0,PASS,Incremental stereo PSX ADPCM decode; lossless review audio.
gr3_stream_0069,0x69,104,0x424;0x425,45248,24000,2,0x10902800,1243136,7020d68c7af85f6cd4e059e2b9674f605de936288f92c5fc691019e29eca874a,18880fb448f56838d5815dbfcd16cc926de7dff45900a0deafdece993896edf3,1085952,audio/extracted/gr3_rendered_events/stream_0069.flac,3033958,d11369a6c3f1b3fd9971e1fb41d257eab531d2b2982b5aef33b30092be89f033,PASS,Incremental stereo PSX ADPCM decode; lossless review audio.
gr3_stream_006a,0x6A,105,0x426;0x427,232512,24000,2,0x10A32000,6379520,e276ab587e6c46fc7ebe24380d9ad2629d4c69fd4eccea44ac2cb79a493e0551,ff6c10c94edd52d4b50d20fbf8c6b843a43ccb97cda608d1d2591ee62a1da884,5580288,audio/extracted/gr3_rendered_events/stream_006a.flac,14554513,289834bb83735273b5f6568fee666f94ec4522cca27d80fb58a32305af737a0d,PASS,Incremental stereo PSX ADPCM decode; lossless review audio.
gr3_stream_006b,0x6B,106,0x428;0x429,76757,24000,2,0x11047800,2107392,12ed83e66dad489f6fb5a48f1ef64e32ace7a4c1e02753c114851b6ba69f18d7,a9ce16c9c807900dd9a6f3b376a14fcc0a531c160e3ba9686832391242b99760,1842176,audio/extracted/gr3_rendered_events/stream_006b.flac,5079945,f373c1b4437d02d46f6da3c498ab699504eecb9130539718706dcb4a78d53afd,PASS,Incremental stereo PSX ADPCM decode; lossless review audio.
gr3_stream_006c,0x6C,107,0x42A;0x42B,29269,24000,2,0x1124A000,804864,cdfa2e67ab892b4a9bc2a95f69e5cddb4f50845f81614aad5994b73ba939ab2f,49369650f0488ec82689ed3671836282bc79d89c097fbedbc714baaa565e8f0e,702464,audio/extracted/gr3_rendered_events/stream_006c.flac,1933138,7340536e06fe8c9136057527cd851d83add9a9eabcfd2c4af0a151163213edef,PASS,Incremental stereo PSX ADPCM decode; lossless review audio.
gr3_stream_006d,0x6D,108,0x42C;0x42D,123648,24000,2,0x1130E800,3393536,15eccdbb25b050611ebecdb8e9fe377d3173562af93298a17be019847b9c75ac,1e1ba7a62531a5c30ddf84bf427f92ca10e7845ca0a6d112a7b740c7f165d223,2967552,audio/extracted/gr3_rendered_events/stream_006d.flac,7325435,0ebdf32b00828ac3914f39853575e269ef8b87e9aec5cac6231be304b6b33a5e,PASS,Incremental stereo PSX ADPCM decode; lossless review audio.
gr3_stream_006e,0x6E,109,0x42E;0x42F,173973,24000,2,0x1164B000,4773888,9f153f922735154c37320d77c4156bd6eab816d8f15e35b97127689410ef5d15,9b7ee35a80a89f855f6c63b352e585a5b9752982bc3640e24a6be92539c5ab72,4175360,audio/extracted/gr3_rendered_events/stream_006e.flac,8690433,ed131cd290d5db4b22da211951ba54677a8d0de9a7c4365e13360331ce4ce338,PASS,Incremental stereo PSX ADPCM decode; lossless review audio.
gr3_stream_006f,0x6F,110,0x430;0x431,99755,24000,2,0x11AD8800,2738176,e172eebe8e412ef108735a6fda4c6bd7e57a464e7a4c2e2bfb1c5a290c7aece9,40d77fd950f8db47eb46b4a1e01b377a6d9f296aad4b7ffae56226fc6c6b79a4,2394112,audio/extracted/gr3_rendered_events/stream_006f.flac,6262124,3733f32b316e109e46d0b8f264f508790c06caaa284a559da15968955e28e12d,PASS,Incremental stereo PSX ADPCM decode; lossless review audio.
gr3_stream_0070,0x70,111,0x432;0x433,222357,24000,2,0x11D75000,6100992,2b7be7062ed85d149e3cc187c645e044c452a0bfd9396d8c4b79f3275a908b13,1a9f4a31b9a386a5e5b82f252a289cdab6f8e314de4c04cfd967ec38ac3b8f49,5336576,audio/extracted/gr3_rendered_events/stream_0070.flac,11522421,b2153cebf3db0807047de5938259f0a7925f1a0dcf6581198cee519696d33924,PASS,Incremental stereo PSX ADPCM decode; lossless review audio.
gr3_stream_0071,0x71,112,0x434;0x435,52267,24000,2,0x12346800,1435648,8abfdbbca746f9f2ebb912038d932461ffa72b786ec244ffcf080f2dcb248dc6,c0b1393a6d8cc3286e1dc6ee853109bf3c8902bce056a271217aea6c42708f17,1254400,audio/extracted/gr3_rendered_events/stream_0071.flac,3197887,8fe3c9adb619c05f1416de9dd54bb90782c555ac10f729190bbd251dee8fb7ee,PASS,Incremental stereo PSX ADPCM decode; lossless review audio.
gr3_stream_0072,0x72,113,0x436;0x437,26731,24000,2,0x124A5000,735232,a41b210b87ab6fa0e4aa4a5769ce95a74af43714499f09c9302a42dafee62cda,c65985eaaca81e6deff38a3669d9fe203b58dd6496ec70da9fbc8a94de81f2a4,641536,audio/extracted/gr3_rendered_events/stream_0072.flac,1594359,2f0366dc3ff835a29288ad278ac96c95b834d36c0026001b4e8d87b7159ae9f6,PASS,Incremental stereo PSX ADPCM decode; lossless review audio.
gr3_stream_0073,0x73,114,0x438;0x439,152619,24000,2,0x12558800,4188160,b47290a1043a49939e70c782224ca757afbc064d015fe4bb066044738a68cb71,d86f166e1d90dcdc0a64bc9b49d4d67ea7c681a241062cbb9788aa9e121543ad,3662848,audio/extracted/gr3_rendered_events/stream_0073.flac,8506216,97d9ac0a069e80166458dc4d595d43210a3337955ba5dbef82fc9bbcea70dfbd,PASS,Incremental stereo PSX ADPCM decode; lossless review audio.
gr3_stream_0074,0x74,115,0x43A;0x43B,209664,24000,2,0x12957000,5752832,8771e90b59bea152ab41f75ff48849cdd5ff892f7f1f4af597c1443b3ac47a36,f2716f49e76cd6c1939390d96cfa6dcd0d0d6396b9848857576523ff3b21cfc9,5031936,audio/extracted/gr3_rendered_events/stream_0074.flac,1564595,d42d8cbe2f912b8af0dd7ff2c7f9fa528798acb4aa22099716d965eb19d08b1a,PASS,Incremental stereo PSX ADPCM decode; lossless review audio.
gr3_stream_0075,0x75,116,0x440;0x441,36139,24000,2,0x12ED3800,993280,0a71e6ab8ed342caa3397fed58e449ae243c45af060124a872f345bd4d8251f0,a8eeaefd13d45ea342bf8657af7be424e2ec1e373922eb84c533734d0c9b834b,867328,audio/extracted/gr3_rendered_events/stream_0075.flac,2462063,7e832f15ca8cdece717be7c6a9d5ea94d5d00871af54c62fb62d1cafc64a2fc8,PASS,Incremental stereo PSX ADPCM decode; lossless review audio.
gr3_stream_0076,0x76,117,0x442;0x443,138731,24000,2,0x12FC6000,3807232,473e5e147ea9927c33ecec88a365b7d487944cd87fe99c9a13f90b5f7c645d1c,4abfb0e8fe7880aad6e30bd6a7570a56eacb4c74ea2df690861b37add82e9aaa,3329536,audio/extracted/gr3_rendered_events/stream_0076.flac,9433734,0f36f0cd620c47ba6f7c996bd412b6a5d6e1b1a6558a7954fe749003c31ee5cc,PASS,Incremental stereo PSX ADPCM decode; lossless review audio.
gr3_stream_0077,0x77,118,0x444;0x445,85867,24000,2,0x13367800,2357248,fb83581425bbfbc9d09fd9adb2e30d64f70895b16239da5da27bdbd86386992c,4c9038be638e7f68fe8a8336953cd24615972ddeb6cba65b0367e533e4df0601,2060800,audio/extracted/gr3_rendered_events/stream_0077.flac,5768547,3ada35159dcdbe5e6288aebb7b19dbe0fd46ca03296477439b4efeab0cf49994,PASS,Incremental stereo PSX ADPCM decode; lossless review audio.
gr3_stream_0078,0x78,119,0x446;0x447,147541,24000,2,0x135A7000,4048896,9fc802d1b8377022dea2e029a2b764cf26a90c53d57056a413eb5016a9a14da7,0ca99a3a53b4c52cab51c75260cf05f342ea29b112eadebad4d06aded199cbe5,3540992,audio/extracted/gr3_rendered_events/stream_0078.flac,10018221,522dfb5f6bf14bead5437272bf8d8b426799bae3af89eb474aed689e8d521edf,PASS,Incremental stereo PSX ADPCM decode; lossless review audio.
gr3_stream_0079,0x79,120,0x448;0x449,143360,24000,2,0x13983800,3934208,0d5495d6b4970c5a7db9a1546e7525d03147c53a553648d246b4ddb3d817f347,38bc5e812137e48956340d4c09c0a5013459ee9109332f3666419c36bb7c1def,3440640,audio/extracted/gr3_rendered_events/stream_0079.flac,10594326,53b227dba86b7e847e36964f487ab838819605dc0425d6ad499c4b56e7828e96,PASS,Incremental stereo PSX ADPCM decode; lossless review audio.
gr3_stream_007a,0x7A,121,0x44C;0x44D,94827,24000,2,0x13D44000,2603008,380ccf4fb1dc7894ac24d4c74747d6036fd639906bdd2f3ec896c7c9ace04b2d,8eddb1268ce93d9f2db4303aa8e673b54b874eb2758770ec0187558b8ad21708,2275840,audio/extracted/gr3_rendered_events/stream_007a.flac,4753114,b309bcd4d2a5f45056fd3fc8c8e083990d280f9be1f9bfa7e511cf44795c734e,PASS,Incremental stereo PSX ADPCM decode; lossless review audio.
gr3_stream_007b,0x7B,122,0x44E;0x44F,131413,24000,2,0x13FBF800,3606528,474b8a0489b73a4edd3640139d50a4109b8e403f2f7a9bac20771375ff51fbc8,163e4807b474e20065d0bceaf724ac6fd16422c4204fb5bb1f065c49f14cf474,3153920,audio/extracted/gr3_rendered_events/stream_007b.flac,7793191,5e74c6180acdaf8b5be0ea0ac8a6e85c1df129aeaadea293e4255b45d4a7005e,PASS,Incremental stereo PSX ADPCM decode; lossless review audio.
gr3_stream_007c,0x7C,123,0x450;0x451,96768,24000,2,0x14330000,2656256,06ed8217774e55e0801fab4ccc7d5cb78d026f06c9d1a00c3172899a620f58d7,894bcb470bc5e6523c57a14dedb68b5bfb0f6402c288bd0e54bd47737b1b6b1c,2322432,audio/extracted/gr3_rendered_events/stream_007c.flac,5618925,cf37545be12c59b4996e63205c091c991f6c6c2c82276e7cc0a958962f9b5ee5,PASS,Incremental stereo PSX ADPCM decode; lossless review audio.
gr3_stream_007d,0x7D,124,0x452;0x453,126037,24000,2,0x145B8800,3459072,45d946f9f12b695ded77840955149350d69d2f52a7565c1311c36b82542341f2,bcb81ca8b0074a896965769b36de38298d0cbbee9a5fb215523a3e9f910f83d6,3024896,audio/extracted/gr3_rendered_events/stream_007d.flac,8422800,0500c13e44f8cd10ca255290babc38c814b6e08904ad8557fca857e37f2f4f9b,PASS,Incremental stereo PSX ADPCM decode; lossless review audio.
gr3_stream_007e,0x7E,125,0x454;0x455,173227,24000,2,0x14905000,4753408,bce81aef373fc7e1be9880e30459a865ce59b956dfd06292300706867047965b,384719d1bddc7f42bfa6a3cd420f3af9b1d15b29414363b4113fd8d855012ca6,4157440,audio/extracted/gr3_rendered_events/stream_007e.flac,9041808,3046c6281c4a3a6ecc4f7972c5a423b79b769f22d118c9e1dcc7b04e674d6039,PASS,Incremental stereo PSX ADPCM decode; lossless review audio.
gr3_stream_007f,0x7F,126,0x456;0x457,42709,24000,2,0x14D8D800,1173504,c20fecea3e437c9d460dcd1d53504afb6e211b5862acbb876155cf7efa64dc0a,a0d1e3885aef09476d3521470455e560bd7db50f76fa2b9ec3c69e5623a46e6a,1025024,audio/extracted/gr3_rendered_events/stream_007f.flac,2807497,323ca13fd5da1e25920c2c46249a120360cecb1fc3489e0775ffd454ed05ef24,PASS,Incremental stereo PSX ADPCM decode; lossless review audio.
gr3_stream_0080,0x80,127,0x458;0x459,115136,24000,2,0x14EAC000,3160064,73b7e6b25a9d27840cb2c51627fe864c4bdb59ff5cf81a2e9be7d5a9ab53d9ac,a76b2ef1f7b2f9a3b2deb9c03cc6c296a05db8a110ea8bc827bb520b2ec80e45,2763264,audio/extracted/gr3_rendered_events/stream_0080.flac,6478744,4cf82f83e22666bd56164afd81eb80712ed7fedc2e1a8cc01274d2f2bad3e75e,PASS,Incremental stereo PSX ADPCM decode; lossless review audio.
gr3_stream_0081,0x81,128,0x45A;0x45B,38528,24000,2,0x151AF800,1058816,85be8efde1edf6de7d470cf1f46add0b48f85ae7e0f0fe7e0008192a80a1da54,b2986dc1ca539f553049ae6e104fe66eb45f0a2ab9ac6fa404da5e2d165dae51,924672,audio/extracted/gr3_rendered_events/stream_0081.flac,2007938,599a2f9f4159417eab9f18329ff64ab31c48b5896a12b406c6c429ee207a3e47,PASS,Incremental stereo PSX ADPCM decode; lossless review audio.
gr3_stream_0082,0x82,129,0x45C;0x45D,43755,24000,2,0x152B2000,1202176,497c551ab28c31e9e3d974c78f7e0f22f65bc6c96ba21fa50ec3ca14a6a42f71,1d835f9d3668e0136b9fa67da28e10c1baabda3dcdd585b18f9f1a30664f4d69,1050112,audio/extracted/gr3_rendered_events/stream_0082.flac,2049077,60a2b6f40f6b350774fc941dc856c0f8cd139a914a9f6da7c3a84543359f2fb1,PASS,Incremental stereo PSX ADPCM decode; lossless review audio.
gr3_stream_0083,0x83,130,0x45E;0x45F,52416,24000,2,0x153D7800,1439744,957011e3c9bfc53be895d46c192d1020f52c03b4f4975846dad5eb75b0aab28a,6bac2933ed90defaa4f6b624f6fc37ac66fd96a8146afbc7b048a35289fdfa31,1257984,audio/extracted/gr3_rendered_events/stream_0083.flac,2845390,b556ea274faaf4db2cf4838579c250af31e8c6e00cebef6bdd76f3353db6d9b2,PASS,Incremental stereo PSX ADPCM decode; lossless review audio.
gr3_stream_0084,0x84,131,0x460;0x461,104683,24000,2,0x15537000,2873344,7d81ef507a0db5f390d18f3e7a53ef5eaea0d9bedc7cc91826846c11ce24127e,e563e3f7a0d4c2fc99a41c9a8e67d1b51e8479772470fdaab04c156ac51bd0fe,2512384,audio/extracted/gr3_rendered_events/stream_0084.flac,6164905,66b60d59deac51a4c20429a01d3b8a969fcb762fbae3e407c3296962387d3d9a,PASS,Incremental stereo PSX ADPCM decode; lossless review audio.
gr3_stream_0085,0x85,132,0x462;0x463,155456,24000,2,0x157F4800,4265984,30a9988720594d9f0ff501b5453ab4406365df55d1915a2f3aa5d06ba6df8c0e,5a837aa48c6478738fa38e5595b23a9a15bdd62abfdc402f27ff797e3c98127e,3730944,audio/extracted/gr3_rendered_events/stream_0085.flac,10298084,6f85dcf5fa4ebd6398a9a35aea444e03121ae06eeddb75067d7c88906d4ced60,PASS,Incremental stereo PSX ADPCM decode; lossless review audio.
gr3_stream_0086,0x86,133,0x466;0x467,69291,24000,2,0x15C06000,1902592,e237bbeb66a9c944be75fa021a029d9401ad2061e717de7a6d0036dbe6d0a6ea,4f61fdda1037ebab7bd59a202eaba5a5b6342084574fd59d6120f54ce8418713,1662976,audio/extracted/gr3_rendered_events/stream_0086.flac,4726646,713d752046c5f8c5473fd32bd0bbd7ce56e9580e56e6275a0779512572751129,PASS,Incremental stereo PSX ADPCM decode; lossless review audio.
gr3_stream_0087,0x87,134,0x468;0x469,268949,24000,2,0x15DD6800,7378944,ab6ecdda778cad90077bb335178e58a791ec1f073b6b8acd6de5c4004270479e,938cf790f1ec9723432baecbbfd890f8eec47533fcbaf1d8b9be0d9bc6c3b9b4,6454784,audio/extracted/gr3_rendered_events/stream_0087.flac,17844345,b5ef1ff34ad3df289be1c443c621e1f2127b48f2828cb0aee8bb18b424036152,PASS,Incremental stereo PSX ADPCM decode; lossless review audio.
gr3_stream_0088,0x88,135,0x46A;0x46B,150528,24000,2,0x164E0000,4130816,0c60dfc2c852dd06f9b92e06d57680f9461fee916cce59ff8ea2339b03ecae1f,4893346d44fce976b4f555d727c8777e34f10482631fe47fff13d9478e7882f6,3612672,audio/extracted/gr3_rendered_events/stream_0088.flac,10229819,41e43d2a7e8f7c948470d95d85904f0476105bf142f50c90bede235b5adf51af,PASS,Incremental stereo PSX ADPCM decode; lossless review audio.
gr3_stream_0089,0x89,136,0x46C;0x46D,54059,24000,2,0x168D0800,1484800,1d0e7c3716b6f9d50e74524b210da4b7e6c481804cbdd6734d47051e8ecd1e89,caddd743e61f9b6eca50caf367c5d98805f028bc596dc386635c963300a28cb5,1297408,audio/extracted/gr3_rendered_events/stream_0089.flac,3457300,12828aae1940525ca17b4d93dba96da8c764b4f8dcd1bb344f0e977c691995f5,PASS,Incremental stereo PSX ADPCM decode; lossless review audio.
gr3_stream_008a,0x8A,137,0x46E;0x46F,117227,24000,2,0x16A3B000,3217408,1308bf0ca6e2bac53349db366c5327eed9f6a0646cadced9f5c64cfe93428f69,5140301aa0dd7fff9e6e6597e2ff696940e26738365e539fd9c4f5b8504fbc42,2813440,audio/extracted/gr3_rendered_events/stream_008a.flac,6079088,ad749c140a6973e06469081d3b5c3f6c3db4f5adef2d816ab2f5c0cb6766fb29,PASS,Incremental stereo PSX ADPCM decode; lossless review audio.
gr3_stream_008b,0x8B,138,0x470;0x471,68096,24000,2,0x16D4C800,1869824,186fcc65562e17986e7b401427f18331be21ee14f553d0eb16266f084b34dcd2,08610fbad0c7625b6bf63d9934d06e46c197ad9da87c05375c2c034c5c140837,1634304,audio/extracted/gr3_rendered_events/stream_008b.flac,4448180,b36688d59c2f0cd2359b0453acda4ad30b133561da81e126f374e0ca62567331,PASS,Incremental stereo PSX ADPCM decode; lossless review audio.
gr3_stream_008c,0x8C,139,0x472;0x473,59584,24000,2,0x16F15000,1636352,d55dd8cc87deb9a328e14a39bd4f6169ff117f4a9df431025ba2345d592b0ac0,b41026b08e99adbb04d51c5e9c8f1198099e46de7a55e33289fa95c67ca07b9a,1430016,audio/extracted/gr3_rendered_events/stream_008c.flac,2858872,2b038934c2375aaa8d7b1e5e545c98cc81a33c35d64395d6d46bff8b90aac11b,PASS,Incremental stereo PSX ADPCM decode; lossless review audio.
gr3_stream_008d,0x8D,140,0x474;0x475,117525,24000,2,0x170A4800,3225600,cb4c5fa70df17def25fe9fff6b2c95298efb9d2e533d7520e1b8d87f075372c8,3a7d6d24174872af606d6b37bbc8cdcd86faac919f92dfeeb1273cb5971cf22e,2820608,audio/extracted/gr3_rendered_events/stream_008d.flac,7353698,e2162dc2f578c59764f41d4dda944622de509f0c4fc330c752c46c9fd20ac33b,PASS,Incremental stereo PSX ADPCM decode; lossless review audio.
gr3_stream_008e,0x8E,141,0x47A;0x47B,61376,24000,2,0x173B8000,1685504,37d17a07ea4c1344b5fdb1f94646b59ee3227f052a80c37e24c4649ca63cf4bc,45864b3c8e5e04e820335cff728f7a25c5def626de570b3a051e926247f09edc,1473024,audio/extracted/gr3_rendered_events/stream_008e.flac,3756603,507fefc926f31ef68649e8eb235122a202ce47b89c8f2d0900597303b0929735,PASS,Incremental stereo PSX ADPCM decode; lossless review audio.
gr3_stream_008f,0x8F,142,0x482;0x483,56597,24000,2,0x17553800,1554432,a73fcad5926e463153407fc4e9895be13e09ea593c335a80440b9fd0c1fdfcb4,221f2a5108378e428fd53e320b8c8442b9e35da2b4e9afdc72faa130e917282d,1358336,audio/extracted/gr3_rendered_events/stream_008f.flac,3788245,fc8e0ab1692e5db013eba304bc7c6c888039cb872e289d0ba3afc1e1c08820af,PASS,Incremental stereo PSX ADPCM decode; lossless review audio.
gr3_stream_0090,0x90,143,0x484;0x485,45397,24000,2,0x176CF000,1247232,49f869a3e97a624ab9b7abc04024630ecd5e6aa4a2b9003b14f2e92aedb3fe7f,9c855c9dd1d355e7bb8b32dbac92a2a531e2301b8492a7e7c9aa3b8141edd089,1089536,audio/extracted/gr3_rendered_events/stream_0090.flac,2724955,8a7b3ba417a53d32cfbf25c6007978dd9ea70b82944759cc7c29f27170df2621,PASS,Incremental stereo PSX ADPCM decode; lossless review audio.
gr3_stream_0091,0x91,144,0x486;0x487,29269,24000,2,0x177FF800,804864,e41d9113737e1126f2f5c56c290791eb3ab8f2ede75eb1636c192ec9ab6127ca,e5d77215a1b7e1803e8f9bfabc3672dc46c440754b26a4a3a9f97ed0a6613c04,702464,audio/extracted/gr3_rendered_events/stream_0091.flac,1894989,5899321ed3202a48b38dfe39ea1496c9e6fb527c0ce509605d3e68c7d38a5787,PASS,Incremental stereo PSX ADPCM decode; lossless review audio.
gr3_stream_0092,0x92,145,0x488;0x489,73173,24000,2,0x178C4000,2009088,d11ad04741e07eaccfb7a52bdc5c6c3967b05988576b9c98ddae9a471390edfe,1d9bf76d88ebc7ff652c69759d5227a029a1ca083e54ce78ec1b22800791e012,1756160,audio/extracted/gr3_rendered_events/stream_0092.flac,4491648,5a1242b4d49db32efbf37f3bd955c1c9fb51af88f10587c0cf65d8cc9b8e90d3,PASS,Incremental stereo PSX ADPCM decode; lossless review audio.
gr3_stream_0093,0x93,146,0x48C;0x48D,76160,24000,2,0x17AAE800,2091008,136eeee9fb4cb779e7f8f165f92820635e26b96891bbd95d06bb74fd0821bd1f,223721ebe6b412ace25e99bfabdf89e157a818c8385bf83c2c6c1bc307bf686d,1827840,audio/extracted/gr3_rendered_events/stream_0093.flac,4415596,7c17dc9cda801682aac778350d326ea9e1d8acafe4a87752a95d3e53b35cf3c2,PASS,Incremental stereo PSX ADPCM decode; lossless review audio.
gr3_stream_0094,0x94,147,0x48E;0x48F,113493,24000,2,0x17CAD000,3115008,a8e2ee241d88edab34f6c7441bd8fcb20d8453dd5cbe525b8c681ed29799f49a,7e946cca8a814dfcc11b82d79737a7c12488e34e86126e6d2faa11ce9d0ca1c7,2723840,audio/extracted/gr3_rendered_events/stream_0094.flac,8194280,2f587fadb5d3e58c352a888130749f9fc92f0a2ad24d3f219adce29e9631ec6f,PASS,Incremental stereo PSX ADPCM decode; lossless review audio.
gr3_stream_0095,0x95,148,0x490;0x491,116480,24000,2,0x17FA5800,3196928,1097a075941de662d11cb30f9a197b8461e665416d9d365505dd7dd609fc8e56,a866d31502e66d2cedcbb920bf671c2781e6ea560020b8db62f8ba342ebbda42,2795520,audio/extracted/gr3_rendered_events/stream_0095.flac,8053058,23adeb4e6c5202a21d0cabbddcbe54f29e008f6bdcce666704de5c7fe6681484,PASS,Incremental stereo PSX ADPCM decode; lossless review audio.
gr3_stream_0096,0x96,149,0x492;0x493,104981,24000,2,0x182B2000,2881536,f7c7f1b8bef8c811dcd5ef4b5503805e6b9b14d1e81d6d3c9449c7afa7f8f40e,3454a5b801f455b793865607a1d830247919794014963ee1341862ca9f56397e,2519552,audio/extracted/gr3_rendered_events/stream_0096.flac,6775488,0a1ec317359a93999c51850644a8e5a0be234199a1621eb48a1640777491178d,PASS,Incremental stereo PSX ADPCM decode; lossless review audio.
gr3_stream_0097,0x97,150,0x494;0x495,129173,24000,2,0x18571800,3545088,958ed4f562130dfdadab5da7a53100cada7a0cba8e2b832f72ba179f981ac361,1005e1a445f50253521753c241e84eedd7ea7e7d63139a2a2172721dbfc166d0,3100160,audio/extracted/gr3_rendered_events/stream_0097.flac,8290951,d0d2c8e1460c8fd4380351e890d767bb4c7182474e523d35b8e2294afcff2786,PASS,Incremental stereo PSX ADPCM decode; lossless review audio.
gr3_stream_0098,0x98,151,0x4A6;0x4A7,104981,24000,2,0x188D3000,2881536,4576807ff41a12790eb890549075e19d0fc058b33ed3231ef24928a1f04956d9,3e4d2fc3c17408875b021cd5f44cc41385f03f0e9424f1b3a939a88d78f89697,2519552,audio/extracted/gr3_rendered_events/stream_0098.flac,5940096,768d448e69ac910c5829690c8f0a2fd04f241434c8969391fe38cd6295509379,PASS,Incremental stereo PSX ADPCM decode; lossless review audio.
gr3_stream_0099,0x99,152,0x4A8;0x4A9,164864,24000,2,0x18B92800,4524032,b21b10b19d917a9cacc17a267852aa4373d80993a81f47c8bbba6348c9b30cf0,c35ebba86be2442d55b1f4a938be156b72fdd8faa809088a2c2cd1e2486b095b,3956736,audio/extracted/gr3_rendered_events/stream_0099.flac,7410469,dd5f88bc45f49c3b281a90edc16475140c9429e89d398ab023f352d24e440724,PASS,Incremental stereo PSX ADPCM decode; lossless review audio.
gr3_stream_009a,0x9A,153,0x4AA;0x4AB,99307,24000,2,0x18FE3000,2725888,0da1a7f294393b9f2b60cecf59dc44c8daf684f75a8b1bee0eb33310d2502342,4057eb661b84a57dc8b8042f3305045b6e7027b3238b021f13325cd34120c6a9,2383360,audio/extracted/gr3_rendered_events/stream_009a.flac,5610398,86d3211c58ce6afe7bb29be7983712f2ba6fdefd9251ce782319aa2a465335bf,PASS,Incremental stereo PSX ADPCM decode; lossless review audio.
gr3_stream_009b,0x9B,154,0x4AE;0x4AF,54357,24000,2,0x1927C800,1492992,874be2e656da4eb0e96efd42ec9376848857058d267cac6cd1b20a056236c7e5,ebd7493e480eb88188ba60234c8c8bad28f4ae7c2ae5377549db0472ed1813ac,1304576,audio/extracted/gr3_rendered_events/stream_009b.flac,3627161,42108d7a026f2126b37f830605401fd474e6266d2fb07f52085370591fbc983b,PASS,Incremental stereo PSX ADPCM decode; lossless review audio.
gr3_stream_009c,0x9C,155,0x4B0;0x4B1,96917,24000,2,0x193E9000,2660352,b237cf332e61a920391a17144cdfa0b7e4284e04333a1135a910291c4b91e014,6e5decd9efc9b7391bfe86e98b3c26ac1a9941d80201834a506aab95cd1fd8bf,2326016,audio/extracted/gr3_rendered_events/stream_009c.flac,6529285,0d6b81d8dc47fe2501156a555490650640e127f6b028906f66ae7e09cea8f47d,PASS,Incremental stereo PSX ADPCM decode; lossless review audio.
gr3_stream_009d,0x9D,156,0x4B2;0x4B3,100949,24000,2,0x19672800,2770944,d917b19bcbf18a69087f1c1d222bf3e44ef6aebe986d2570dc6149d4ec860ec5,ee3f8cadd46f743734fbb7f6ea8819cc2c1420449a92741806c17eceb9bacb9a,2422784,audio/extracted/gr3_rendered_events/stream_009d.flac,5828993,d9fc1ae0d1759f9304c2c5bf790e6fc9ea04b8796f855951254ed28c413066b6,PASS,Incremental stereo PSX ADPCM decode; lossless review audio.
gr3_stream_009e,0x9E,157,0x4B4;0x4B5,109909,24000,2,0x19917000,3016704,2d3d9af411e5773488dfe011735b576754b08a99d0c70ef36afb93f52d32ff6f,420b2b3958e5f7950fff1557d466ce6a02ed1ac176f04f5227059bb886f131d6,2637824,audio/extracted/gr3_rendered_events/stream_009e.flac,5524040,fda71174ca67aaf7b8efddb49c5b7ce09c918642b6e54cdc653cbec4e460513a,PASS,Incremental stereo PSX ADPCM decode; lossless review audio.
gr3_stream_009f,0x9F,158,0x4B6;0x4B7,84224,24000,2,0x19BF7800,2312192,7dbfde27d0fee2239008fe4028ab43b984f5b33351964c94fe09ae83c0e3db7b,a916a68d96112f6f0b5d3fdfe658a18009dc40e69b2272f38bf21a8cb178bfeb,2021376,audio/extracted/gr3_rendered_events/stream_009f.flac,4685984,9cbcd092bd2c8fd52b16681ed6af63357ed89772093d9f45cceb0e9d4212cdc1,PASS,Incremental stereo PSX ADPCM decode; lossless review audio.
gr3_stream_00a0,0xA0,159,0x4BA;0x4BB,75861,24000,2,0x19E2C000,2082816,d15a992e3660a9bcc480714cc3ec621145756ec0742b942736858e952f396831,20fb7fe92698d51f18c00b3884305bc1652a2a99f40cca7ab4f25b5c25dbe55c,1820672,audio/extracted/gr3_rendered_events/stream_00a0.flac,5291452,52c422f48f088a1a161360ea2b6bcc3b2df16ccf5ed7064ad66ce8ccf653b4fe,PASS,Incremental stereo PSX ADPCM decode; lossless review audio.
gr3_stream_00a1,0xA1,160,0x4BC;0x4BD,173973,24000,2,0x1A028800,4773888,e98845d3742196c1f592db89aac8ff15843e718425802fa8ccd7fd0c6149014a,66fa8e35497ff946c0fe61a18869da802a6f1866552c1a9d99d0404af8f43330,4175360,audio/extracted/gr3_rendered_events/stream_00a1.flac,10503007,bf446da751d33fffc4adfb63b22dc4f3c8e7419a2245c4e314ad4f5f337d5524,PASS,Incremental stereo PSX ADPCM decode; lossless review audio.
gr3_stream_00a4,0xA4,163,0x4C8;0x4C9,17621,24000,2,0x1A67E000,485376,758390b3b69b5bde16caa45c604ed96c234957f662eab3736fd6368baddbda9c,c0166e24b14b93851c5eeb1cf73597eca613a47a60e6ab2c96e22e93dc3c531f,422912,audio/extracted/gr3_rendered_events/stream_00a4.flac,1091031,5c517ec51bdc9f5da4d64d583e4dc10c542f54506665ea687d1cad213b398968,PASS,Incremental stereo PSX ADPCM decode; lossless review audio.
gr3_stream_00a5,0xA5,164,0x4CA;0x4CB,29717,24000,2,0x1A6F4800,817152,4472239a2c553855c6ebf33fc229adbc6a1e5684080e75079af4d3c439675279,901fd23dabf0fc74254b7fa68d8a076a29acda37471d8956553649bdc3c4eeae,713216,audio/extracted/gr3_rendered_events/stream_00a5.flac,2113352,a1cb6bad69cdc64003eb238b9727903ad3e7e8e819ca56980eda71ee18bc0647,PASS,Incremental stereo PSX ADPCM decode; lossless review audio.
gr3_stream_00a6,0xA6,165,0x4CC;0x4CD,11349,24000,2,0x1A7BC000,313344,52bc75df5b8d3252dcbe7883c44fd63aa0887fade9dbbbc47b88b9f2cc4e6642,6d8f77e436c17cdaf8cb99ac22257cb5cf19600a6a7e20738c99bd22503be3d6,272384,audio/extracted/gr3_rendered_events/stream_00a6.flac,415064,54711c12f20036e3fb9470cd47fdf4d8f58cd5a47b9bec7f2c642e238f2ef578,PASS,Incremental stereo PSX ADPCM decode; lossless review audio.
gr3_stream_00a7,0xA7,166,0x4CE;0x4CF,210411,24000,2,0x1A808800,5773312,d9c73ba0eb5733f770867f5d7e56af56a4d811ec7cc7e5969b6a344b3e8ab09e,bda68423aee4c86f2d6137160ae8cf687382c2ff9249541bd5979bb33afd5845,5049856,audio/extracted/gr3_rendered_events/stream_00a7.flac,13862344,2aec775561ad338ebeddd4f44e46258164b79d265b297e9a11e1321b28ec1338,PASS,Incremental stereo PSX ADPCM decode; lossless review audio.
gr3_stream_00a8,0xA8,167,0x4D2;0x4D3,149632,24000,2,0x1AD8A000,4106240,16efc010da46369dbee597d09bea85461bafff53754d50a0d5a75227ed3cfaba,3a9345241ba73cba6db939b6f2178d8c0ddb44b50d476ea76ad0dcb6922a9cda,3591168,audio/extracted/gr3_rendered_events/stream_00a8.flac,8199593,5afafd7191b19eafbd88c12b0e4d0a48f19d72d88fc4904269d3c01b0776b900,PASS,Incremental stereo PSX ADPCM decode; lossless review audio.
gr3_stream_00a9,0xA9,168,0x4D6;0x4D7,128277,24000,2,0x1B174800,3520512,5157738b3baca3e68a75295e2bbb08ad2f1be74fbfcb62a912692689e3955fbf,2e090f4da30da495b1618dec9fca2442376b31d8bea3dd51dfe178ee9248c2c0,3078656,audio/extracted/gr3_rendered_events/stream_00a9.flac,7572865,f7ecf011ebaa70b63174cf64126c29d32be19c213912dcca593870f1e772cd9f,PASS,Incremental stereo PSX ADPCM decode; lossless review audio.
gr3_stream_00aa,0xAA,169,0x4DA;0x4DB,30315,24000,2,0x1B4D0000,833536,1eacd5010f8ef00444a71612b5f1dd4668661c3216421945f06b953e78e2ac75,701b93009c97cd122e5da11e9cf2079dcf71cfb847bededc2af322d7ad4386a4,727552,audio/extracted/gr3_rendered_events/stream_00aa.flac,1565314,b5526bfe3d94cbe03f822e98148eae7ff289c87d62e0e79f601100de121f33ac,PASS,Incremental stereo PSX ADPCM decode; lossless review audio.
gr3_stream_00ab,0xAB,170,0x4DC;0x4DD,178752,24000,2,0x1B59B800,4904960,658e0d4738c681f45a5c82e84e3d79e2d9d27d0edb43310dfee9f345d785b7f8,dedafb08e2e7ba71ec0320d0c3af019bb7a282f2eb2681079b87a364c6dcc2d3,4290048,audio/extracted/gr3_rendered_events/stream_00ab.flac,9776291,a3c8debadf864d0584836cffd5977eb0112645fb2ab0bfed2e73d7130247aca2,PASS,Incremental stereo PSX ADPCM decode; lossless review audio.
gr3_stream_00ac,0xAC,171,0x4DE;0x4DF,130517,24000,2,0x1BA49000,3581952,943f4ff89c45608c3a6f08f9d9bbdd660cddf03b8b07fa65afb28f7154ea1bf4,78ea972f42e9c50bc2bfef200fcb71f24e3d28ef4996b4ab7805af8612359eff,3132416,audio/extracted/gr3_rendered_events/stream_00ac.flac,7085980,dbb245b7970da5f75ef600eb530cfbbc446633a61118b5c0cd76c979e68676ab,PASS,Incremental stereo PSX ADPCM decode; lossless review audio.
gr3_stream_00ad,0xAD,172,0x4E0;0x4E1,104235,24000,2,0x1BDB3800,2861056,a664991f3b332c752072b9f3ed2bf24bd02cc112d7efa2b169fc1c52467c0880,92f5930e56891c697eb6a5fcf3f0b253bfbe472ccfd0f53840b4957101ae0cf0,2501632,audio/extracted/gr3_rendered_events/stream_00ad.flac,5118945,b5319f905ad4f981238322d9a065433343e5c224b31d2114b6267fa3d3b66298,PASS,Incremental stereo PSX ADPCM decode; lossless review audio.
gr3_stream_00ae,0xAE,173,0x4E2;0x4E3,40320,24000,2,0x1C06E000,1107968,19579285a44e8493496fa505fdc0d302737bba4b6132b14381071e83d0e9f29b,fabdfec617a25519fb6fc88129ba699982dbcad1851301cc02c0546e0c49f334,967680,audio/extracted/gr3_rendered_events/stream_00ae.flac,2156154,ffdb650d845b0e5753441d4df953cc6afb8bfe4555bba5206ab582dd15b8463d,PASS,Incremental stereo PSX ADPCM decode; lossless review audio.
gr3_stream_00af,0xAF,174,0x4E4;0x4E5,76160,24000,2,0x1C17C800,2091008,a93ff961cb14100d99e23b022d604ff768812f015d00fb821a13502c16229a44,559ea5288ab60a40eab71530da6a36a42028ea103aa0cbdff665e5e24f334607,1827840,audio/extracted/gr3_rendered_events/stream_00af.flac,5015025,a3b31e3b9a522c35b5a7862ba5d5d56661f2fd79a46ea7c92915caa58616d646,PASS,Incremental stereo PSX ADPCM decode; lossless review audio.
gr3_stream_00b0,0xB0,175,0x4E6;0x4E7,101696,24000,2,0x1C37B000,2791424,ec2beb998e0b8d2194656b3c7a079a1bc62bda7eb8c3f7ff97cd8d2e13b990c8,231d43d3e95377edc75b4ddaf58505839c702b3ce8f252dd9cbd193043ff4dfd,2440704,audio/extracted/gr3_rendered_events/stream_00b0.flac,6252742,3d598886a78215a960f8cddc1f987c101770945846b501ffd55bc2b4a67a9fe4,PASS,Incremental stereo PSX ADPCM decode; lossless review audio.
gr3_stream_00b1,0xB1,176,0x4E8;0x4E9,99904,24000,2,0x1C624800,2742272,b83805243fb0372c33b467bbe8a57dbf5b0b3fbc88f8751fcbe7657c583e1fcb,1a89203d946caf2c119c0e96b722533e2bf7c1b4e7d9cdca55d5b73f92f59c20,2397696,audio/extracted/gr3_rendered_events/stream_00b1.flac,6249469,4f294cd5db5629c032099a8a017c482ca2e11f49e5962f16a5132ac52752a550,PASS,Incremental stereo PSX ADPCM decode; lossless review audio.
gr3_stream_00b2,0xB2,177,0x4EC;0x4ED,44501,24000,2,0x1C8C2000,1222656,1c99839758905447e1484c3f37d8a7bf4900b9aa461b2b0d1b35270718400a0f,4495541519d9ef48d0bd3cd997fb3350a55c47a7abc9673cf3317cd484ad88be,1068032,audio/extracted/gr3_rendered_events/stream_00b2.flac,2746128,dfe8783a16e518d59db74bd869676a7da91f7482ad9044ba86c6b669d08f4063,PASS,Incremental stereo PSX ADPCM decode; lossless review audio.
gr3_stream_00b3,0xB3,178,0x4EE;0x4EF,44352,24000,2,0x1C9EC800,1218560,770c046a8da9d1448841c7d64d679f598c76c7b82866e22dd0b70d9ca94d8f87,c9eaf00982d014d36fc6cce50cbcc5b028a9403d5d02cae48a14a96047dfd7c3,1064448,audio/extracted/gr3_rendered_events/stream_00b3.flac,3011669,fb2bffb85b1ca7d8ee0c47ff387d18ec51fcad44430911263bf8f01672603ae7,PASS,Incremental stereo PSX ADPCM decode; lossless review audio.
gr3_stream_00b4,0xB4,179,0x4F0;0x4F1,124843,24000,2,0x1CB16000,3426304,d15a910c28317b26ea09d04f334b5cae8803d699192fa7ba16f93e63bbb752a0,fb7eb0d8cd0889e177b28bfe74fb1189d8c9aca98cd33b877d045d4bdd938a86,2996224,audio/extracted/gr3_rendered_events/stream_00b4.flac,1724761,be4ac659f5cbb7917943565a2b53894f085046c1e8bc4af2fdfad9d4b8b0960b,PASS,Incremental stereo PSX ADPCM decode; lossless review audio.
gr3_stream_00b5,0xB5,180,0x4F4;0x4F5,136789,24000,2,0x1CE5A800,3753984,18487837243cdd2e66852b0f3d0dd2af7abae58ed1ccedc5e05c8610cd3b35dd,dfcd97904a6ce58b2fc661705977cfbe4a7c6b4ae96b92581f069ceea0c6ed50,3282944,audio/extracted/gr3_rendered_events/stream_00b5.flac,1775483,4ac584e769626108a385ae0f011ce9a2774f259b00bea14feed3da5750f6646e,PASS,Incremental stereo PSX ADPCM decode; lossless review audio.
gr3_stream_00b6,0xB6,181,0x4F6;0x4F7,122155,24000,2,0x1D1EF000,3352576,dfee29dbcadeb7521c362f2ca26ea5c0644406f9af374e89700e9de8709d1510,a3e6a9d45a7d18f4b37004b6ec09b99281e4c160e3c6c26f975461e34152162a,2931712,audio/extracted/gr3_rendered_events/stream_00b6.flac,7717573,b6b337e8d20bc720a75550304db9d702eb09210777e1a97ef01582dc22679379,PASS,Incremental stereo PSX ADPCM decode; lossless review audio.
gr3_stream_00b7,0xB7,182,0x4F8;0x4F9,244160,24000,2,0x1D521800,6699008,7ecba551ac6d5ef56f3deb19316fd454616f491ee62ec500088422a1d184f49f,a6d81f26e7f49d75f83ba66da16e077415a0e3cd814cc30ab5152fd54126e32b,5859840,audio/extracted/gr3_rendered_events/stream_00b7.flac,11535017,fc758e8cc886416360e017d5de55407ac301e421bd2a505c33a8d31b830435b1,PASS,Incremental stereo PSX ADPCM decode; lossless review audio.
gr3_stream_00b8,0xB8,183,0x4FA;0x4FB,43307,24000,2,0x1DB85000,1189888,66ffa0a67bc6bfef7ba0a95fdb79e57dd801bbd2c08c9581bb6040c2dab5e101,b2178d6c266dde70d2e9a7aad501bd085a7850b8cea77d75263f54eec349c460,1039360,audio/extracted/gr3_rendered_events/stream_00b8.flac,2743964,cc0ebc3572b6cf9494fce29f7c0171d8b94063a9754f4a25dda4f36eccefa49e,PASS,Incremental stereo PSX ADPCM decode; lossless review audio.
gr3_stream_00b9,0xB9,184,0x4FC;0x4FD,40171,24000,2,0x1DCA7800,1103872,c43fba524d5a6cde0f1917892075ac047597e379c77518464b9e654457268b94,af38fc239358ffc6f00c492f5a043b0efd9a288e64d031fd15ee92143b44edf4,964096,audio/extracted/gr3_rendered_events/stream_00b9.flac,898938,d05831f289485b18219044744499ca4c469e77ff3d07e84c297640d6972bec36,PASS,Incremental stereo PSX ADPCM decode; lossless review audio.
gr3_stream_00ba,0xBA,185,0x4FE;0x4FF,75712,24000,2,0x1DDB5000,2078720,424de043b563be5f4455275de6d93359547de7c57e246450017aae734f6aad9d,d5e556cab1fd69a5ed9db1882b575a0aca1cead254999ff046a0de884753164d,1817088,audio/extracted/gr3_rendered_events/stream_00ba.flac,3553265,53bda20be5529ebbfefca8b02e565cfef59d15f4ed112648fbe96491bc9fb163,PASS,Incremental stereo PSX ADPCM decode; lossless review audio.
gr3_stream_00bb,0xBB,186,0x500;0x501,99755,24000,2,0x1DFB0800,2738176,f865c6ec1fbcbf8d7305a1e95c9d1cc9189fe03861ba05685e50f306c3cfdbe4,2b6ad5df310222735ba60d35883e681c106ce591a43bef7e19de96780b5af484,2394112,audio/extracted/gr3_rendered_events/stream_00bb.flac,5835224,295990d48b31445656cbbe9f1e97205a4417076b288a3018dec5ac411da6f372,PASS,Incremental stereo PSX ADPCM decode; lossless review audio.
gr3_stream_00bc,0xBC,187,0x502;0x503,44053,24000,2,0x1E24D000,1210368,6852d30d15244b8481539fe2f70d9b6c3428b34733b3513524f90f9dfb85ed41,1184b5cc134cd574f7f3074e105b4ebd67ec2e16866a505543fa57f85b047a78,1057280,audio/extracted/gr3_rendered_events/stream_00bc.flac,2637012,0b96e0df9d71f972afbec8891ed700ff794879dbc6a04755718fc8753b2980ba,PASS,Incremental stereo PSX ADPCM decode; lossless review audio.
gr3_stream_00bd,0xBD,188,0x504;0x505,74816,24000,2,0x1E374800,2054144,b7b72f70111632e4da9504d47b9a074bd8ac96537f99cd68dd89e0924c06015b,86c9b0a4522c95cdab2e05370ac54b1b18f9259127b34ad23c2784d71d8a9acd,1795584,audio/extracted/gr3_rendered_events/stream_00bd.flac,4696693,bdbc5d0e10f70b67bc57ef919dc9ca525572213b79453ae8e2fb068af0de1b05,PASS,Incremental stereo PSX ADPCM decode; lossless review audio.
gr3_stream_00be,0xBE,189,0x506;0x507,80192,24000,2,0x1E56A000,2201600,b082c3c47eecc464f3fa98999020679b545b273dd553597662a014e04d1510ca,601a9dc7d20dbacd43e724e8379e339d2c4c85e52ce948190c2759f6c7c00081,1924608,audio/extracted/gr3_rendered_events/stream_00be.flac,1561550,67367bb02abf495aebc1ea152a1e776c917e537d87f8b4d16445aea130a9864d,PASS,Incremental stereo PSX ADPCM decode; lossless review audio.
gr3_stream_00bf,0xBF,190,0x50A;0x50B,59733,24000,2,0x1E783800,1640448,4b798fadee7c5f80f642c981660247ae9db4c39662cb1f036db898147be11a5b,c9615f4988e90bb1cc4d4b031073e1d4d1f7d479305f6e3ff401d3ecd30f4fae,1433600,audio/extracted/gr3_rendered_events/stream_00bf.flac,4032125,f93731735d6aa8460bf87f0629d3c7e48557454979a538b00641a41a7c16c02d,PASS,Incremental stereo PSX ADPCM decode; lossless review audio.
gr3_stream_00c0,0xC0,191,0x510;0x511,28373,24000,2,0x1E914000,780288,8b1dc1733a022f8d44478117609b89ee5d624165d44e1597aa6565b2afc4929f,cce6a1dbd7a9178826059b1aa6d7d70136633ad13a82ae6b00b0e7ae5170ef8b,680960,audio/extracted/gr3_rendered_events/stream_00c0.flac,1889178,f8ffc2324b3d7e9d7029856a7abff3dc647e742f2dbc7c5a0461d47f4556f456,PASS,Incremental stereo PSX ADPCM decode; lossless review audio.
gr3_stream_00c1,0xC1,192,0x512;0x513,32704,24000,2,0x1E9D2800,899072,30361f9e7021b72d25a4d07dea59878c7e132b9e4860c64e7b6fc1794881cf78,29e3927696f2e2deee7b1d6e0b668ae5b5db18eccefe0d7a5aa7e268faff046a,784896,audio/extracted/gr3_rendered_events/stream_00c1.flac,276299,3d0e836c53d32c97baabf11c7d48441efa1ddd6af202936dd15f20858d8e053f,PASS,Incremental stereo PSX ADPCM decode; lossless review audio.
gr3_stream_00c2,0xC2,193,0x516;0x517,94379,24000,2,0x1EAAE000,2590720,6e6ab9d99af9ceb3d1616941d842a0b29e57b70b0f1197c6111a8f0cfbbc0f40,c6e1dfb093a4a29201e6d533eabfca1149c445cee6a3414426b779a4d0e82149,2265088,audio/extracted/gr3_rendered_events/stream_00c2.flac,6349941,882df03acb405a46b67481450a77db95e26acd5680ad04af648d572262db01a8,PASS,Incremental stereo PSX ADPCM decode; lossless review audio.
gr3_stream_00c3,0xC3,194,0x538;0x539,83477,24000,2,0x1ED26800,2291712,ddc4fa1d70ac237b9dd905d58e29b5f3c5cea86fed546e28847270ede5e90912,2edec412d08de1efcfc1001b40a02b1da2b084d09efffa7a6417fb3ff4afe45c,2003456,audio/extracted/gr3_rendered_events/stream_00c3.flac,5442748,c70e64b48f34b0f9ca06342dcdfbbfe10b0f5fac858f124f72441f7f1370062c,PASS,Incremental stereo PSX ADPCM decode; lossless review audio.
gr3_stream_00c4,0xC4,195,0x53A;0x53B,159787,24000,2,0x1EF56000,4384768,f5d5212eb7d6bcefc94f7c4afa1d289dbc5afa3043d6c530cd318bc2d1da5d23,6af1ae08e24c71f4c74c52d81f30df3ba99fc3cff4ad72daf00b074f11803a28,3834880,audio/extracted/gr3_rendered_events/stream_00c4.flac,8056881,8e952552dea644254826824dfd43afebcb944d323b064419d1de3ca1ada49b8c,PASS,Incremental stereo PSX ADPCM decode; lossless review audio.
gr3_stream_00c5,0xC5,196,0x53E;0x53F,21504,24000,2,0x1F384800,591872,fa43d89003d1bb8af35acbe02f81bbe0df060b3ba474041687d164ac53bac511,f8356a510fa178139b2a84a8c51c3950144f6d49b50f9ebec85adcc6926e0dd3,516096,audio/extracted/gr3_rendered_events/stream_00c5.flac,1456853,dd581810f7f406faf2ece8b88daaeaf43086b87ccfcbd5f74711db6cb436cdc0,PASS,Incremental stereo PSX ADPCM decode; lossless review audio.
gr3_stream_00c6,0xC6,197,0x540;0x541,100053,24000,2,0x1F415000,2746368,b1eed2411011125376cb042918eb3801aae4e6b55b4bf07e50093b03552c1d61,96819b179163381b60a523ef351d0926517cf8856645001ff793cad7691b3d68,2401280,audio/extracted/gr3_rendered_events/stream_00c6.flac,6064477,c23adbbb26694210918d0733e6cf9bcf2eb5fb8d5614814807e9fd21d8c78edd,PASS,Incremental stereo PSX ADPCM decode; lossless review audio.
gr3_stream_00c7,0xC7,198,0x57C;0x57D,16277,24000,2,0x1F6B3800,448512,b98466b726303d426380f8b367232a9c5feb3ea98693f9faff21ac0177e6a482,e2fce41a39630e0985f927817cafc37d0fee58e9e8836cfa7937c059ac65196c,390656,audio/extracted/gr3_rendered_events/stream_00c7.flac,687606,220d61776cb9f3d9798cdfbd1d4e0cc29822b349d98c7cfd2bb0f9006e6a555e,PASS,Incremental stereo PSX ADPCM decode; lossless review audio.
gr3_stream_00c8,0xC8,199,0x57E;0x57F,109760,24000,2,0x1F721000,3012608,32b4c50ae1986eec54b4fbb96f5e10f2bb05d2e0cec619426eb4bea69cb1d7fe,3c880fda2824d001447792cc93e12a7ae3212f569fb2b143719e21438f7169f9,2634240,audio/extracted/gr3_rendered_events/stream_00c8.flac,7720008,1e2bdc73c7e768d09710c77f8ca73de67fc16fa23e105c45a77609114422e983,PASS,Incremental stereo PSX ADPCM decode; lossless review audio.
gr3_stream_00c9,0xC9,200,0x580;0x581,12544,24000,2,0x1FA00800,346112,2b72d28ff612c5f98b9aedc6cefb19e43901329b77f1f8675c2a58fba0554850,51c0c8ab1154cb337e839954258ad4cbbfece97add7bd80a12ae7224a85ec0a5,301056,audio/extracted/gr3_rendered_events/stream_00c9.flac,865625,de73929d3643d0019f88719d67dd4a3910b0a1256de349aa56ccf106d2c8594a,PASS,Incremental stereo PSX ADPCM decode; lossless review audio.
gr3_stream_00ca,0xCA,201,0x582;0x583,6571,24000,2,0x1FA55000,182272,3cc7a136d9307a39c97327abba9a5cc82446cb2a64c98ca33e2f6ae775fa49d2,ab30f66ad3425bdf9f322d167ca862a71ee6714b57af323343c72ffebe950f52,157696,audio/extracted/gr3_rendered_events/stream_00ca.flac,462774,28c3816087315eed051cd2369282d88860cbae03292bd48a39b56b7f8a8c8a71,PASS,Incremental stereo PSX ADPCM decode; lossless review audio.
gr3_stream_00cb,0xCB,202,0x584;0x585,27776,24000,2,0x1FA81800,763904,254c0a75e0dd2df0745131abe5c663a9d25c015f93f47e9f2a0a718c48a2e806,5914543f667d1e1364e4d42bbfe01b05584cd25f73910888d056a56f7a7704a0,666624,audio/extracted/gr3_rendered_events/stream_00cb.flac,1727684,50377ec54b6bcd14913d871c394a3de1df82ec26ce1514c421e64900d959995d,PASS,Incremental stereo PSX ADPCM decode; lossless review audio.
gr3_stream_00cc,0xCC,203,0x586;0x587;0x614;0x615,21056,24000,2,0x1FB3C000,579584,a2824d58bbed633bc948c908aec643a70d63484bf22ba0161e5f4a2c818a9158,8a58945be08a9a82f6c492a30abd0f303b4e79274090b664e94b185a5b242302,505344,audio/extracted/gr3_rendered_events/stream_00cc.flac,628150,c32e4e3232589dc111d97e58eeb96713527dfc60d38decebe3beafced22cb063,PASS,Incremental stereo PSX ADPCM decode; lossless review audio.
gr3_stream_00cd,0xCD,204,0x588;0x589,80341,24000,2,0x1FBC9800,2205696,b9666a7ad84437628649c0e6064f8670d30b2ca515028efed5efd3dd32d55a72,067de491602650d3e5d02ff879256f796dba64197b60bb9990928c4a948b9c3a,1928192,audio/extracted/gr3_rendered_events/stream_00cd.flac,4007936,568ba7c7954ced6cbd114944e888e62e8d67d54a7fb2bdc8d3504dfb3f5fb0ef,PASS,Incremental stereo PSX ADPCM decode; lossless review audio.
gr3_stream_00ce,0xCE,205,0x58A;0x58B,20309,24000,2,0x1FDE4000,559104,a2ef69674086ab16fbbd0f9f30d388ab0a39ae528604b387a1aa241ccccbee0f,44994a6bebc954d85ca2b6678b3a76ac3c0da880a2a1742ffc2bd487002eded4,487424,audio/extracted/gr3_rendered_events/stream_00ce.flac,1246803,43bd3664381ffd27a90e8aa843c7d9abc1e5461412e0ce233a71a36783b60730,PASS,Incremental stereo PSX ADPCM decode; lossless review audio.
gr3_stream_00cf,0xCF,206,0x58E;0x58F,28075,24000,2,0x1FE6C800,772096,dbee14a5c1feef86e18a80bb15b73d754ee007dece3882e370db273ecedfaa32,fe6b1407c4e23dd395a0ee264e8aa257bc8609f3f2e1757543e0140aed39a0a1,673792,audio/extracted/gr3_rendered_events/stream_00cf.flac,1656811,5b1677184e383047717569211ffda3f9f2e8393915d3099982a58212777c8073,PASS,Incremental stereo PSX ADPCM decode; lossless review audio.
gr3_stream_00d0,0xD0,207,0x590;0x591,22699,24000,2,0x1FF29000,624640,28d3d00e915db92ddd2e9c0e1868052945c9c410f1b924aaff3fdedfb9445d4a,085eef66f791aba05d6eae4d501c682b1e07b64c0c9ff23b8dbc457080835ac9,544768,audio/extracted/gr3_rendered_events/stream_00d0.flac,1300942,1c0d8d438f2e6b8c8678cb1f550c92746188a798a23ac2b8832758f0cc6ce895,PASS,Incremental stereo PSX ADPCM decode; lossless review audio.
gr3_stream_00d1,0xD1,208,0x592;0x593,23296,24000,2,0x1FFC1800,641024,816ea9cc86aa6cb80ed62df23d977c75a7c9713d76787f5be4bdaf72a5d53693,2ec3bf978981c3109e87557b8fdb17a20f217ae00d113703bf4ce8ca778c793c,559104,audio/extracted/gr3_rendered_events/stream_00d1.flac,1281753,3ed93de1b8b6d7f160aa4646148cdc9a24e09c512a8461fae7dec667a5cc3861,PASS,Incremental stereo PSX ADPCM decode; lossless review audio.
gr3_stream_00d2,0xD2,209,0x594;0x595,32704,24000,2,0x2005E000,899072,782c3524ea7ac3dfe2d8867e1e926b86362b989f9e8444254488fb501e2be9e1,dba2d1bf523680a0ca5fa6c28936b7ac9c5ea4c16c811d055e17d6c8aba22c58,784896,audio/extracted/gr3_rendered_events/stream_00d2.flac,1917700,9c919267ee79147bd9ab988ede419ccda905016e2f75ec8759f974d008805468,PASS,Incremental stereo PSX ADPCM decode; lossless review audio.
gr3_stream_00d3,0xD3,210,0x596;0x597;0x61A;0x61B,26581,24000,2,0x20139800,731136,962ba29ad8dd267eba0b749b683a8aac8e0f6c2a64c0e0a22888b2349e0401e7,d0cad7d62b6677e2cdbdf60532c53a8b1e5562cf8728d6bad5ddc377549cb71c,637952,audio/extracted/gr3_rendered_events/stream_00d3.flac,821689,862bbe016e75a461cba612b0d92b38218e2e29c506a1f485c9c5011921e10783,PASS,Incremental stereo PSX ADPCM decode; lossless review audio.
gr3_stream_00d4,0xD4,211,0x598;0x599,32256,24000,2,0x201EC000,886784,ed829d39f0097a36c8eccd26729f54830463d27e24b1766308a41132eedb6c4c,1797b47e94e9e8d37421abfc3cfeaa692bef7936428e9d2e53f6803f1637785a,774144,audio/extracted/gr3_rendered_events/stream_00d4.flac,2173316,0742a8c6bb0e4b1fe659926dd0ced55841654e85f6d91911a29be55c334e67ae,PASS,Incremental stereo PSX ADPCM decode; lossless review audio.
gr3_stream_00d5,0xD5,212,0x59C;0x59D,44949,24000,2,0x202C4800,1234944,2ac48a9cd1162751f284077401de1ebbb2acb7509df5a7c0beb0c993053237da,42cc049a379394e4df7409e0a4798027270dd058803a43e59703a27189ecd30c,1078784,audio/extracted/gr3_rendered_events/stream_00d5.flac,2642237,f9902cb6ab833b430b75a6fddcf6b6240f086a81b53a10538a48a8c3e4a125d6,PASS,Incremental stereo PSX ADPCM decode; lossless review audio.
gr3_stream_00d6,0xD6,213,0x59E;0x59F,13739,24000,2,0x203F2000,378880,9f8e9e8f2c36ed900e0bd8af0ee7af6c8a44d643e3bc9bb09b7895952d003755,72d0391399dc5e2bfd48201a40302994f99d15cfe615b06050eec4ef433156f5,329728,audio/extracted/gr3_rendered_events/stream_00d6.flac,791129,c453c81cfdb04960693795990743bf46f2160f1efad56a3a785cbd22dadbde57,PASS,Incremental stereo PSX ADPCM decode; lossless review audio.
gr3_stream_00d7,0xD7,214,0x5A0;0x5A1,41813,24000,2,0x2044E800,1148928,26e22b4d4ea36417e1c40db136d369dea53ee3d82da3ed7ca470eb54649a3271,3cfcba6d859b086483c14c4ae891cac373c1cd708c45880bede878059e7d3d9b,1003520,audio/extracted/gr3_rendered_events/stream_00d7.flac,2471990,c0ddcfddca6e63078124e65d99e8d2daebd109e2da2351f3d67a69b5d96b2be7,PASS,Incremental stereo PSX ADPCM decode; lossless review audio.
gr3_stream_00d8,0xD8,215,0x5A2;0x5A3,80341,24000,2,0x20567000,2205696,af2f02e338b1519542a2cb613d8fa40fe3db527269f5f6c1bfb0e060898ddf6e,78e1320c14c4d8f1afea538f17a9261fec1b083a133501f79590eec4be1caed1,1928192,audio/extracted/gr3_rendered_events/stream_00d8.flac,4524359,64812c1a538344204ecec06cd3f29065783decf4789558b3a467017d7be90fb5,PASS,Incremental stereo PSX ADPCM decode; lossless review audio.
gr3_stream_00d9,0xD9,216,0x5A4;0x5A5,31808,24000,2,0x20781800,874496,ef5f476c0ceb84ef0b0909572a51bdb0c92a65c83749335a5298f339cbeae194,31a1a39d42800dd3c0614fd092ab3355f75df23cc1df85add2464365398c493a,763392,audio/extracted/gr3_rendered_events/stream_00d9.flac,1859206,93cc9624c1d30602717fb732bddc44e34f85ac6ba1c8ad921569387928f0fe62,PASS,Incremental stereo PSX ADPCM decode; lossless review audio.
gr3_stream_00da,0xDA,217,0x5A6;0x5A7;0x61E;0x61F,15083,24000,2,0x20857000,415744,64fba9ec9d7417a6b0a95992e721051f2fffdfa983a7a045437d8bb853728c7e,0dd2a64ec941067c21998e481d8165c51d06b61abd1bf7d54134aacf53a13d2c,361984,audio/extracted/gr3_rendered_events/stream_00da.flac,923850,a7d3489336517a553e4f0ff4ac0ad1416cdb89d05516699e614d51d3e9746d2e,PASS,Incremental stereo PSX ADPCM decode; lossless review audio.
gr3_stream_00db,0xDB,218,0x5A8;0x5A9,18965,24000,2,0x208BC800,522240,e90ee7909f7139d2d20c771e55dca596692471db98610cf1f6d443b44332333c,4be7d810535fa40be0779dec92b3a1f364db65c0dc559e9e7f725c2ad97e5423,455168,audio/extracted/gr3_rendered_events/stream_00db.flac,998743,0714c6e87af0ef9430167e671fa5b5109a88493fb660b23efcddc784ba61da50,PASS,Incremental stereo PSX ADPCM decode; lossless review audio.
gr3_stream_00dc,0xDC,219,0x5AC;0x5AD,19563,24000,2,0x2093C000,538624,bbf31aa358430e9385365a24eb9c96154b5875512f4ad2ac6216fe00d58e12b9,1c16d0bf7a44256f068994d843c86d8e2269685e146653f49004087e071ca18d,469504,audio/extracted/gr3_rendered_events/stream_00dc.flac,1261278,ed7c5eaac463e2d47033ca71c98770135fe1fe83b06678a7efae73bff2701625,PASS,Incremental stereo PSX ADPCM decode; lossless review audio.
gr3_stream_00dd,0xDD,220,0x5AE;0x5AF,12245,24000,2,0x209BF800,337920,9200fd00b787c1d4bd2bdf9c123677d1df070b6f85f8b6db16474246391314a1,5a5060b3c1e69c9145f53578e245cabe7d931d6cd40c2648b60b66dbf01a1362,293888,audio/extracted/gr3_rendered_events/stream_00dd.flac,682499,b0974bfc1e48692b2f43a86d9e1e716e2829445a7bb8f356f97e813da063aa67,PASS,Incremental stereo PSX ADPCM decode; lossless review audio.
gr3_stream_00de,0xDE,221,0x5B0;0x5B1;0x61C;0x61D,21355,24000,2,0x20A12000,587776,62c40726a9f59390ea58ba614636f1d6e35bdd4cbe5ff65b9bc6106c4b6e3e87,2522381645dc9c12096eb27277a935a459f018932ade5add9452a8e556417d3c,512512,audio/extracted/gr3_rendered_events/stream_00de.flac,1372777,7f66e1126e83d0d8482ca9041947ba63ac87e28f73813765e4903d7764ae1f55,PASS,Incremental stereo PSX ADPCM decode; lossless review audio.
gr3_stream_00df,0xDF,222,0x5B4;0x5B5,24192,24000,2,0x20AA1800,665600,67d618b59870e2ba2929c39549835295603e503845e3146faa6c5092d2903a51,1c6b253f32c9b0e7904bcbcae35562e2985b4ef82ceeedcc7c9d4b292c4bfd8e,580608,audio/extracted/gr3_rendered_events/stream_00df.flac,1580197,d9912326fc816d6e0f52dc75361cae42acf75b2536c824236ca08d4682c97049,PASS,Incremental stereo PSX ADPCM decode; lossless review audio.
gr3_stream_00e0,0xE0,223,0x5B6;0x5B7,20757,24000,2,0x20B44000,571392,a4885940376c460a402f763e586d20eee68eb6bd960cd16a38abf7e4271c11a2,4ac591eef8c6e7a2e5cb0e29c48ae03dd9896df1cd0dc8174a7f54837fde03f8,498176,audio/extracted/gr3_rendered_events/stream_00e0.flac,1221664,e45948a09b69580a93f3ff3e5cfb21143453e82fe14ac188eaac720c1fd8408d,PASS,Incremental stereo PSX ADPCM decode; lossless review audio.
gr3_stream_00e1,0xE1,224,0x5BA;0x5BB,59285,24000,2,0x20BCF800,1628160,d761c2e1b78d192b75a3a8d61b9df7efe17ac82b6d5b944a2c6c6ec2d499185c,a92cdf9d6032a6be4728efe69b2db4779a614d16a845f3436c2b102319ae59cd,1422848,audio/extracted/gr3_rendered_events/stream_00e1.flac,2807807,181ee797a5f4b70eb280dad699e218cfae474a47f7483374a67efe877b7c58ff,PASS,Incremental stereo PSX ADPCM decode; lossless review audio.
gr3_stream_00e2,0xE2,225,0x5BC;0x5BD,35243,24000,2,0x20D5D000,968704,98a753df617b23c7a6494dbdd221fd4507d7d372c41c199a20dda551508ab3a4,3a1d63f49a6257f3d87939a025a52fd17dbb639ab99bd74924034913d33ac469,845824,audio/extracted/gr3_rendered_events/stream_00e2.flac,2535762,75d58d3d331483bc7fba5e3aa160a758b61323cab81f17fee9441a9dd856a251,PASS,Incremental stereo PSX ADPCM decode; lossless review audio.
gr3_stream_00e3,0xE3,226,0x5C0;0x5C1,17323,24000,2,0x20E49800,477184,d125159f9c0dfa92a799d4e2ef4b858688ac9f9b14e26e96945a27638568fa34,b7c339ab4f6d5c2b1430ce55c3d411ab516f5a345b7351cd6df7ab8f835d153c,415744,audio/extracted/gr3_rendered_events/stream_00e3.flac,1038395,d815db2ff4f49a4880f593777ac7c3de561bfc80d7190a0223653d43b3476d8b,PASS,Incremental stereo PSX ADPCM decode; lossless review audio.
gr3_stream_00e4,0xE4,227,0x5C2;0x5C3,28373,24000,2,0x20EBE000,780288,5e9e74f999f3fb88408d1af1e7035ddba31ac7405e7b592ea98d3b57ef31aabd,3c37ce81de2e3c88713d3abee3ca5bedd5d92746095b206717aa75190bc547bc,680960,audio/extracted/gr3_rendered_events/stream_00e4.flac,1591401,d2e8c1f35d0b67661581fd84f13e0883c55c2d492cabcbefe98d5a2f34f477f0,PASS,Incremental stereo PSX ADPCM decode; lossless review audio.
gr3_stream_00e5,0xE5,228,0x5DC;0x5DD,17173,24000,2,0x20F7C800,473088,7b115aa45c40971c1e7c96992ccebf30e5e48b384855de20fab743d0ec2661a4,38e5b19579d690c8ea9208c6023e26a9425820f9d8e7116783bddd837c6d8ef4,412160,audio/extracted/gr3_rendered_events/stream_00e5.flac,1189117,7b42c6893682cef7ec95cb37b5bb6bf233734987a25bfde8926d62bae02d18d8,PASS,Incremental stereo PSX ADPCM decode; lossless review audio.
gr3_stream_00e6,0xE6,229,0x5DE;0x5DF,19413,24000,2,0x20FF0000,534528,993813e39d666f70cf236042e2d15aed2e0a2b652bdd8531457c1204aa8a0ecf,061692dd68059d367d0e632af4eb70a6fbe858aadc8007a731d619b4fa8d2591,465920,audio/extracted/gr3_rendered_events/stream_00e6.flac,1368612,4ea4ed829292ae57c8e3328422f03e3bd3cd9a3dfcd629b3120afd07d84f0f50,PASS,Incremental stereo PSX ADPCM decode; lossless review audio.
gr3_stream_00e7,0xE7,230,0x5E0;0x5E1,6720,24000,2,0x21072800,186368,54dddc45b9c588de27d67f12498b9c4af695962925ddf453d5f3f0974b1e8e85,13d940da57f8a7ca845f37b82707ca42b916bd2bd92bd6837a64611154e90808,161280,audio/extracted/gr3_rendered_events/stream_00e7.flac,330120,ff51b6e1c9a5183b09e1b1405cd8a9ba0a5b6fcf028bf779878a43015876299a,PASS,Incremental stereo PSX ADPCM decode; lossless review audio.
gr3_stream_00e8,0xE8,231,0x5E2;0x5E3,6421,24000,2,0x210A0000,178176,a2aa3af05371039fdf6eeb30877245f5b7373cc0353597ce004fe7c869faedda,bf20bd210562462cedda7cd14e8e483f8f3be20ce54f2dc1345e48dd1b376750,154112,audio/extracted/gr3_rendered_events/stream_00e8.flac,193769,461c3a740cdde398c04c1aacfbceaa808061548327f2f5d4fee1593b36f16ce8,PASS,Incremental stereo PSX ADPCM decode; lossless review audio.
gr3_stream_00e9,0xE9,232,0x5E4;0x5E5,3584,24000,2,0x210CB800,100352,9dcb6eeaeb37fbd3925b70c3d343848dc53d0c5184ec7f30bee3ab76f8e14b8d,d8e9ec0324cacf1e0bf4c7ad72762583f2bbdc4e940efa7e2454553cd152e1a6,86016,audio/extracted/gr3_rendered_events/stream_00e9.flac,86585,32c16078cd6838b192f843a6d70c71232cf06b62a9333bd090eb02ba52760c11,PASS,Incremental stereo PSX ADPCM decode; lossless review audio.
gr3_stream_00ea,0xEA,233,0x5E6;0x5E7,4629,24000,2,0x210E4000,129024,5f3e9072509c53fa3857decd5dae0269de47f9c7ca4e27b396ae8b2df5719252,2665e45f5e3a11074b880485297e9fd1d8693997775dd9a0981e6424bbf7a98f,111104,audio/extracted/gr3_rendered_events/stream_00ea.flac,292575,ac24108ae4dce83e59c1f325ccb28cde391baf27f862acfd7342d3863cb4fba6,PASS,Incremental stereo PSX ADPCM decode; lossless review audio.
gr3_stream_00eb,0xEB,234,0x5E8;0x5E9,3883,24000,2,0x21103800,108544,52c008ec77cd95afa465dfcbde03197880ffbf66634c37345972f62cca0e73c1,810e4f2a2ee14d39e781c17ef5e1b6db578740746daca34fba28687cf2ea11d2,93184,audio/extracted/gr3_rendered_events/stream_00eb.flac,123089,7d60a6989cbf26645071a440f4646c908a9eb210247080bd7b446d30696c6200,PASS,Incremental stereo PSX ADPCM decode; lossless review audio.
gr3_stream_00ec,0xEC,235,0x5EA;0x5EB,17024,24000,2,0x2111E000,468992,b8a9cc8411ba0c8a3dfc3379489838fa37284ecdf2709c03a118fce78b885331,40f47b903e3963768f0e54f8a2d83722681ca79b43e20cb866e026b557cdf9a4,408576,audio/extracted/gr3_rendered_events/stream_00ec.flac,1102971,756ba00cf3c8161a86811c0ca4c0e18ae4cf75f242d43b60d5c1b2c269e68415,PASS,Incremental stereo PSX ADPCM decode; lossless review audio.
gr3_stream_00ed,0xED,236,0x5EC;0x5ED,20608,24000,2,0x21190800,567296,d8ee1a1d2edd3000cb2ec64656bb4b0a8eb014b66ca4bb3ac1691bdd2d5f0ede,39fb66b6d1787a99e250659f8740d286ae9808404cfba77654ac62eac59b1e2d,494592,audio/extracted/gr3_rendered_events/stream_00ed.flac,1470708,55490dbd9e251874153ae9641c53e9104b7f152dc8993a844ba2280b24c66ec6,PASS,Incremental stereo PSX ADPCM decode; lossless review audio.
gr3_stream_00ee,0xEE,237,0x5EE;0x5EF,3136,24000,2,0x2121B000,88064,efebe5cd82a0cc5931161dacf6d6681454534333c8a9f18d710f6aa1b9452645,1967dcdca03bcb79ec7ec294ac629f75d141f1ad6ff64cdfedcfb0a4b85ac0d9,75264,audio/extracted/gr3_rendered_events/stream_00ee.flac,150475,1974e00fb2169edb0096fc6f751b66a01f17023031ee30bc25a6ca04b87234e1,PASS,Incremental stereo PSX ADPCM decode; lossless review audio.
gr3_stream_00ef,0xEF,238,0x5F0;0x5F1,3136,24000,2,0x21230800,88064,647510c45ca58105d55bfee133f365e3e153133c80a997490e1d32edb3e09d64,330175fe6ac15d20840b3b0da17c89abdf59e0e06aabea71138aa531f637199b,75264,audio/extracted/gr3_rendered_events/stream_00ef.flac,97221,947472923a4e9873095bcb900e56eb71821daf3dc4adbac78519a48feae376c4,PASS,Incremental stereo PSX ADPCM decode; lossless review audio.
gr3_stream_00f0,0xF0,239,0x5F2;0x5F3,2688,24000,2,0x21246000,75776,fbd6303c2a48f68f480bb7dc10cebca0fd898d43e241684757e947d747c0cd2d,68abc79a613ae1a185ab5b104e9a605ae8e0171cbaad35b10f13ce4b5380b208,64512,audio/extracted/gr3_rendered_events/stream_00f0.flac,134316,77f89a4986c810338fda0e24f2b2c1b372638c2b49a05af01a6c1854bd30211f,PASS,Incremental stereo PSX ADPCM decode; lossless review audio.
gr3_stream_00f1,0xF1,240,0x5F4;0x5F5,2688,24000,2,0x21258800,75776,72c00f5edc20f6bdf27b25332c731e098974b88ffc30db248cf1da397960bb53,fa88f1547b4e0289ddc8fec6ae732f4b66d95ed7b05e326c88dbf1b336a99097,64512,audio/extracted/gr3_rendered_events/stream_00f1.flac,78638,428247284351d476707661946d8417f3f1a53dde66c92c7ada90d1e7e9debbd5,PASS,Incremental stereo PSX ADPCM decode; lossless review audio.
gr3_stream_00f2,0xF2,241,0x5F6;0x5F7,11051,24000,2,0x2126B000,305152,0c62608b43b77c845f622c7613fbb9b4ecec3c4778020d8f31ac4b268aa3e794,624b7e384674597fcc7e7d54d640adfc80e028684658bb80014fabcda9de6254,265216,audio/extracted/gr3_rendered_events/stream_00f2.flac,636897,5663d6ccc25c11d404ab9f2d196c378fb7324dd65eeedf23a7291f0dccf1d37c,PASS,Incremental stereo PSX ADPCM decode; lossless review audio.
gr3_stream_00f3,0xF3,242,0x5F8;0x5F9,14187,24000,2,0x212B5800,391168,d5551d1a5ad0ae72659002edc865940dc4a136986c73378b1b521b8e42ffe446,98c801dca888dab3c2ada37adbcaa1383fa3b9afbd5c68c9f203895ff349aa20,340480,audio/extracted/gr3_rendered_events/stream_00f3.flac,521943,807f22a726f89a4c1ad3c6cbbdba61c45d12acdcdb285da524b8bcbe3bb81290,PASS,Incremental stereo PSX ADPCM decode; lossless review audio.
gr3_stream_00f4,0xF4,243,0x5FA;0x5FB,8811,24000,2,0x21315000,243712,af878abd9be904234b64c23f3fd4f51e1b08d98d397a7e257f8a78814b681420,9ad9da6be7a55af2d6cddc7105b42f6a382c19418756d1740e5185a2a880fe73,211456,audio/extracted/gr3_rendered_events/stream_00f4.flac,281436,ab7d58dee703d2e5aa76f902004e5960b21468e63fafe468a45bc1766f6ccc8f,PASS,Incremental stereo PSX ADPCM decode; lossless review audio.
gr3_stream_00f5,0xF5,244,0x5FC;0x5FD,3883,24000,2,0x21350800,108544,8e1f392f50fe472048956c6a2da1c98f7b653781764cb6298739a83662f81c1d,abfdd8e4e642d983110742c4e8dfe220cb54177b55e91c59112acf6600af8739,93184,audio/extracted/gr3_rendered_events/stream_00f5.flac,126064,a223000f6c7a442b843d1b2e458fb7cd0354118981a93d5145f7bd9eb1dbe22a,PASS,Incremental stereo PSX ADPCM decode; lossless review audio.
gr3_stream_00f6,0xF6,245,0x5FE;0x5FF,3733,24000,2,0x2136B000,104448,23ef29290d1d215fd71823c1f1cf3fc846965892d5b8fb3447851b04be805422,377c638cf0be77a3376b5fb81e398d8674b3618f062ffe7368556f74df368f40,89600,audio/extracted/gr3_rendered_events/stream_00f6.flac,128306,99709db8122556c4c7f8a32b20af70d0c4c9ef2f9ca0cd95235e6e45d9044f2a,PASS,Incremental stereo PSX ADPCM decode; lossless review audio.
gr3_stream_00f7,0xF7,246,0x600;0x601,14187,24000,2,0x21384800,391168,138e733160b0376df1efdc47df959ef73f5bd41b07803a21acf941b043b4ec00,6abe5587854ef3a3963e92730fbeca79e084428999a1e685e03b98dfa093ccdd,340480,audio/extracted/gr3_rendered_events/stream_00f7.flac,541424,8f45bfc00d2d62c84e16cb4f0750e5309ed9d0aa8d48d98393cfa4943e79b549,PASS,Incremental stereo PSX ADPCM decode; lossless review audio.
gr3_stream_00f9,0xF9,248,0x624;0x625,21952,24000,2,0x21406800,604160,55873ee9964efafa3ed4274711ae09a12dd9107dc1bebb47a1a8616686bc3e38,078de25e6645d235a1453db1f33917e23a423c0784d1e769d2768342802ab92a,526848,audio/extracted/gr3_rendered_events/stream_00f9.flac,1010511,f1e027c6f8650f6c65a7ed9e8f0b1f8019b3fca433857af0922e292d11d6ed26,PASS,Incremental stereo PSX ADPCM decode; lossless review audio.
gr3_stream_00fa,0xFA,249,0x62E;0x62F,16427,24000,2,0x2149A000,452608,d21dff72975bcc530e9d8fe0f0f9ab664d29d71dc76956562670d17269f5e2f8,1574c11368e155cfe6cf3542393e8ad387223a6cbb34c86b126573f900b7546d,394240,audio/extracted/gr3_rendered_events/stream_00fa.flac,877236,e7b7e8c09d42d092f056e91fb771de212a4ea5a7737860d8be5f2ca5290e7fc9,PASS,Incremental stereo PSX ADPCM decode; lossless review audio.
gr3_stream_00fb,0xFB,250,0x630;0x631,14784,24000,2,0x21508800,407552,1b16a5849595f868df5822fc8a048a0eaed800f48f7ef393fdce7734ce220590,a8804a10e95323cffda265f7aab9feeeb17177c87a329266f766feff6966f1ec,354816,audio/extracted/gr3_rendered_events/stream_00fb.flac,817508,d4259a07173df644e53c5880b7dda261f1a93553394f0ba82ea4e78e0438001f,PASS,Incremental stereo PSX ADPCM decode; lossless review audio.
gr3_stream_00fc,0xFC,251,0x632;0x633,9259,24000,2,0x2156C000,256000,46a3ed1e9fd0ae3704127b444b87460927ce8c34c1978c5cf360541d7261d446,9ce20e861a74f8ffdc04982d240e1aeae1b89c2814350c53b80ca2d0b4110b49,222208,audio/extracted/gr3_rendered_events/stream_00fc.flac,467605,7d7378dd6a3d73b3d8673b62e319a85eaa84d4c6f467f200ce6b771acd0801d6,PASS,Incremental stereo PSX ADPCM decode; lossless review audio.
gr3_stream_00fd,0xFD,252,0x634;0x635;0x682;0x683;0x684;0x685;0x6D0;0x6D1,12245,24000,2,0x215AA800,337920,ae02520934652898230637056698fc6b981fabbe8575c2ef0654111bd18e0260,3741f53e368ffa74a2bd53b9b5baf63b3472bfdde09de0e8c6c3583f14ef5cfe,293888,audio/extracted/gr3_rendered_events/stream_00fd.flac,542299,0ebc7ffaac571a099bcc071ed5d256a83c478d7efad7b9bc3c9746b57a50bcf8,PASS,Incremental stereo PSX ADPCM decode; lossless review audio.
gr3_stream_00fe,0xFE,253,0x636;0x637;0x638;0x639,14485,24000,2,0x215FD000,399360,9ea484fe039adfc2123c6b01f652688a76d291909745247a23b94c7020f5daf9,b3a9571e739ad37a8e708b16a367c1bc54c31bd1db268d79a72f4b49e051656a,347648,audio/extracted/gr3_rendered_events/stream_00fe.flac,766215,bce1837527efc57fefad72b205c5c3c88766901732d636dc1cc3b587c42d2d6e,PASS,Incremental stereo PSX ADPCM decode; lossless review audio.
gr3_stream_00ff,0xFF,254,0x63A;0x63B;0x63E;0x63F;0x642;0x643;0x646;0x647;0x65A;0x65B;0x65E;0x65F;0x662;0x663;0x666;0x667;0x66E;0x66F;0x672;0x673;0x676;0x677;0x67A;0x67B,3733,24000,2,0x2165E800,104448,a7b4a14ff8130459b42ee8ae3a44e9d8820c74f5bfb5d7d7fd7853194c778fbd,5710f8104dc6ebb5ea6e40875412d1bc123e0fb634eac2eb2ecd3a85d3342b7a,89600,audio/extracted/gr3_rendered_events/stream_00ff.flac,98520,f48e7d79ff4efd0d5a978810f0d387b0d2bdfbc7cd114841ae6ad6758d0426f5,PASS,Incremental stereo PSX ADPCM decode; lossless review audio.
gr3_stream_0100,0x100,255,0x63C;0x63D;0x640;0x641;0x644;0x645;0x648;0x649;0x65C;0x65D;0x660;0x661;0x664;0x665;0x668;0x669;0x670;0x671;0x674;0x675;0x678;0x679;0x67C;0x67D,3733,24000,2,0x21678000,104448,c24f0985eec3582ac354e127facce69a0147bafcc4be07140897552de35a6158,6415e23aca0463f1fe2dcfb96dcfbfc1ad125d2be9715a1ac513402dfab533ac,89600,audio/extracted/gr3_rendered_events/stream_0100.flac,93957,91d05b151486a4a0bd7130a55a89ef0f5d02667e3a2061b189a06aa86162aaec,PASS,Incremental stereo PSX ADPCM decode; lossless review audio.
gr3_stream_0101,0x101,256,0x64A;0x64B;0x64C;0x64D;0x64E;0x64F,3883,24000,2,0x21691800,108544,ad9d8f2c65a5f12dd3e9ed8f381110af598d4f12b88c8f27b197be125e136b0a,a537bf88fb513222eeb879ca8aa4c2d87fbc6b36db983f3b02999666f0c2e736,93184,audio/extracted/gr3_rendered_events/stream_0101.flac,218791,65c1dc68ac39efa75d50df8d671b3a8c57267921abbfc5a27648c499a35d58d8,PASS,Incremental stereo PSX ADPCM decode; lossless review audio.
gr3_stream_0102,0x102,257,0x650;0x651,10603,24000,2,0x216AC000,292864,1d1d98605fa9661413cd9f84b6563a35a9a52da1db9b52bbd0c88b469fe99f26,54c58501b6c22e2395107dd87c5f252df0fcab0f892d7a443a9a9985052d1c92,254464,audio/extracted/gr3_rendered_events/stream_0102.flac,540953,eb87ab7826c7f991c783f566e4324b5a72a17566984617c21654920654d28f2e,PASS,Incremental stereo PSX ADPCM decode; lossless review audio.
gr3_stream_0103,0x103,258,0x652;0x653,10603,24000,2,0x216F3800,292864,87aa3ba92f3df052f2f3dbec509052f67b460596db8d05690654bf38758a2efc,926cdf648f4773713391b0e3202d72295423b2129304703337f4a72e242f5ace,254464,audio/extracted/gr3_rendered_events/stream_0103.flac,540986,7918183ee249e41d8560c76053ebdda5df1ed11f37eac257855049c0da6a61ed,PASS,Incremental stereo PSX ADPCM decode; lossless review audio.
gr3_stream_0104,0x104,259,0x654;0x655,28672,24000,2,0x2173B000,788480,0793b8d48b6d729fda10607c725112d24790f2eef9fb0503d1e837065beeb901,cf49b5ddfb45dbaa96b00d500c114bfcc1f871c82ae9e8f177d6088709ba6a68,688128,audio/extracted/gr3_rendered_events/stream_0104.flac,1315098,d473d05d53483aed5a346b8ce8d9b2f42406fcbdff35f21f83dc4f274a705fd9,PASS,Incremental stereo PSX ADPCM decode; lossless review audio.
gr3_stream_0105,0x105,260,0x686;0x687;0x69A;0x69B;0x69C;0x69D,8811,24000,2,0x217FB800,243712,ed15a959d3d09c256169e86497f8b4b92f3371cfb21cefe2837b140340cd8409,9a5ec3e8a943ed2d2cdd75d713353c1a2f679ff562cef104bd154189c3344a9b,211456,audio/extracted/gr3_rendered_events/stream_0105.flac,440380,31f92ef74c317704089c8242236c6bd6e4930bc03c7f2860c630ff9a0ffebf46,PASS,Incremental stereo PSX ADPCM decode; lossless review audio.
gr3_stream_0106,0x106,261,0x690;0x691;0x696;0x697;0x698;0x699,2987,24000,2,0x21837000,83968,e8f188833ef2618081509721ba39c664073a26b81c7c1e4a8203d694f3e251b2,05a78bf17721031d9d1341b3f17154f66541a7d0377f83cce3659ef1d4f83af4,71680,audio/extracted/gr3_rendered_events/stream_0106.flac,169928,bf2c3abaf202e6431ac0c9f27add66ea3d6493e5d39102669d6b5794c12bdd4b,PASS,Incremental stereo PSX ADPCM decode; lossless review audio.
gr3_stream_0107,0x107,262,0x6B2;0x6B3,13888,24000,2,0x2184B800,382976,7571d3a6814f4476dd2d09cbaad08432d16a39199af46ca3e99e5932bf7c9dad,37530001329bd54231733f39ff0b30bf8f1d91fd86a7372e4f5f65777268832a,333312,audio/extracted/gr3_rendered_events/stream_0107.flac,685645,8c1d6046f6915814323149a39dc9bf573d05c0d647b2e345b1ec1dfe50dfaf56,PASS,Incremental stereo PSX ADPCM decode; lossless review audio.
gr3_stream_0108,0x108,263,0x6B4;0x6B5,14336,24000,2,0x218A9000,395264,cfb4fe1f7a20c2b8f19854c5ce47b1bbcab152b1b84414e8e7f2f3da0265fc33,3dfbc81567340d3e69980d7712462c030d6c71f35f683d545b83a4dc74e8a6b1,344064,audio/extracted/gr3_rendered_events/stream_0108.flac,693388,d00489fc189293b4805a4a4da9a9da0ac7c82f161c99de41b24a4d45650c5771,PASS,Incremental stereo PSX ADPCM decode; lossless review audio.
gr3_stream_0109,0x109,264,0x6B6;0x6B7;0x772;0x773,14336,24000,2,0x21909800,395264,33f37fd293f1584109167cfb72f78fdc1b2464c89d5d26db2d8cc32c75f3e02c,4565ae96fac70f0e707b541079bb618945c069f6bda1df0051ec001484fedd74,344064,audio/extracted/gr3_rendered_events/stream_0109.flac,614456,724f83693deba159a197627865e41c32afade516bfd4c13d23e4ac42cd0369b6,PASS,Incremental stereo PSX ADPCM decode; lossless review audio.
gr3_stream_010a,0x10A,265,0x6B8;0x6B9;0x6BA;0x6BB;0x6BC;0x6BD,4032,24000,2,0x2196A000,112640,2a6878f642808144cf58c7c81ce6273f91f17a47f65c319d73dff76d865c84d7,d6d7cf91f30158bd0986e97c1b2bf3801c52ed16f10d3fd88f119bf50dedb374,96768,audio/extracted/gr3_rendered_events/stream_010a.flac,181418,93536e177ac96407839d385ba663ff2ce9b61ceebd5f653c63c78f262256284e,PASS,Incremental stereo PSX ADPCM decode; lossless review audio.
gr3_stream_010b,0x10B,266,0x6BE;0x6BF,15531,24000,2,0x21985800,428032,24ee1092d240869d2c46e4bcc69c694777fecac842316f591c88879b3d1e15d5,ad2f5c343dcc522eef3bb10c40c9cc5dac74baad1733fba1eeb0f041af3c84e8,372736,audio/extracted/gr3_rendered_events/stream_010b.flac,748601,8e2213818bbe0f56fc07dba258d6f7b2d66fa462da87a694e24fe2a64f4f4f58,PASS,Incremental stereo PSX ADPCM decode; lossless review audio.
gr3_stream_010c,0x10C,267,0x6C2;0x6C3,12096,24000,2,0x219EE000,333824,ffcbbf67490d85612e4b0547fef6e476dfd382d9c3431f5841bc6637bce40090,b8712d6a80a7b45658b252fa74c8f37b752f173e16f0c7bdf80dbeafb68dba7e,290304,audio/extracted/gr3_rendered_events/stream_010c.flac,568464,3871147338512809fd650d79f59fcbcca993911897827c86e325724d73d224eb,PASS,Incremental stereo PSX ADPCM decode; lossless review audio.
gr3_stream_010d,0x10D,268,0x6C4;0x6C5,14187,24000,2,0x21A3F800,391168,81c86dc82b4799999484b756b2b9781341c761e28880c7a2a882f198c5c79d83,6e26e01829dc06fb2cf691e4bc6a87258e90fe9ef239572fb88014f32fff553c,340480,audio/extracted/gr3_rendered_events/stream_010d.flac,563508,5749b9b5b97db80a42715baf1791cba124ab893349bda1d34c4d210ede8f1c15,PASS,Incremental stereo PSX ADPCM decode; lossless review audio.
gr3_stream_010e,0x10E,269,0x6C6;0x6C7;0x6D2;0x6D3,14187,24000,2,0x21A9F000,391168,f9944c636953cb27b0edf091fd6fe8bcfe765a35d7d84391ee2ca7aa90f7f55e,b9430d7d7ca36c102ef7f4e4942ed85253417635b835d792f2e7ae1be6842181,340480,audio/extracted/gr3_rendered_events/stream_010e.flac,557874,7467093a31f0f3fd86f6d9a1a3f3fc9ae7831e5cfa1a23e12054dd41facb916f,PASS,Incremental stereo PSX ADPCM decode; lossless review audio.
gr3_stream_010f,0x10F,270,0x6C8;0x6C9;0x6CC;0x6CD,11051,24000,2,0x21AFE800,305152,cbdd5a758053b58a86897c59389044ebeaeceaeacc7c062acc5f95fa314a944c,f89408676ed6945e870ee7c004c921edfd7cc7ae14d8881fff7eb2c3e469700a,265216,audio/extracted/gr3_rendered_events/stream_010f.flac,481837,08deeb8b371a9c3ee53ada7fe4423ed844be77a839eaa9725ca23f8bc1510adf,PASS,Incremental stereo PSX ADPCM decode; lossless review audio.
gr3_stream_0110,0x110,271,0x6CA;0x6CB;0x6CE;0x6CF,11051,24000,2,0x21B49000,305152,001223404f2e289ed53d3f5ef637e625cf41b4dfb74e36897534c3c8e0de8184,be349900dd9ad1fbd4fbca8d41b5e73c3b0d078583daceb631041e70598e2d3a,265216,audio/extracted/gr3_rendered_events/stream_0110.flac,483023,890bfab843ccc2e312280c826c0ea468339c63b13c33047b33781a89a07934d6,PASS,Incremental stereo PSX ADPCM decode; lossless review audio.
gr3_stream_0111,0x111,272,0x6D4;0x6D5,16277,24000,2,0x21B93800,448512,bf395f15c088172bf732ee6c87ef2e182199e070009c912090c78911143f0047,ebb6c6c84f624d331bfeafbbca4882db17f38fe610b036f050e542582317b0b8,390656,audio/extracted/gr3_rendered_events/stream_0111.flac,764761,561dc60386f938165b1694025c3ae7e8af020c54141b66c4c2660b3c7e5d7938,PASS,Incremental stereo PSX ADPCM decode; lossless review audio.
gr3_stream_0112,0x112,273,0x6D6;0x6D7,7317,24000,2,0x21C01000,202752,42bb4bfc0211764489f9a8136603065fb7334bed8592f4344761b0c958ee7d76,c7e81884eee653bdfdf40af31979b1a6d75318bf48a4b382b80ddfe2c0574738,175616,audio/extracted/gr3_rendered_events/stream_0112.flac,294090,0a54c8e1691942d19319c2cd7b66fb9e321707a5f070b7604c4d5763e7343521,PASS,Incremental stereo PSX ADPCM decode; lossless review audio.
gr3_stream_0113,0x113,274,0x6E0;0x6E1;0x6E2;0x6E3,11051,24000,2,0x21C32800,305152,b08b269169ff032ff2ea8551407cead245cf6e387188a4402dc845793fb40618,ea1d0a98520221721254f50817dd52116a261581220de4297ea3b8c637d5f589,265216,audio/extracted/gr3_rendered_events/stream_0113.flac,485550,a62515977ec026fe32a9adde4ccc29c283d9699754083d08c9caf3ac9ea7ab23,PASS,Incremental stereo PSX ADPCM decode; lossless review audio.
gr3_stream_0114,0x114,275,0x6F4;0x6F5;0x72A;0x72B;0x72C;0x72D;0x734;0x735;0x736;0x737;0x738;0x739;0x73A;0x73B;0x73C;0x73D;0x73E;0x73F;0x776;0x777;0x778;0x779;0x780;0x781;0x782;0x783,5675,24000,2,0x21C7D000,157696,58f76a8ec7207170dd9a879bd2a137c7a87d96b7ee6fe7b3d5315e6125cb4998,7d8f83ca2e39886500d46815ee6889b9138fb02da3b2d8291de9724a5f5f51fa,136192,audio/extracted/gr3_rendered_events/stream_0114.flac,213600,cae4d213db20eb0022955a99c5f68ec0db8266d339eabf191b0150360706fdd3,PASS,Incremental stereo PSX ADPCM decode; lossless review audio.
gr3_stream_0115,0x115,276,0x726;0x727;0x728;0x729;0x7A8;0x7A9,5675,24000,2,0x21CA3800,157696,187ca0928e6da6b37ea9995075465ca7ffbb2de9ccec7531fdb6ce711ded9691,5e12b475603ced1a4b81a480bd4b3caa3cf34254d1033d3cdeee4f41c656be3c,136192,audio/extracted/gr3_rendered_events/stream_0115.flac,255590,3d666ccd57a71c8a372ed42637090af2e85985f3ab5062bc4a9a08834f87728b,PASS,Incremental stereo PSX ADPCM decode; lossless review audio.
gr3_stream_0116,0x116,277,0x72E;0x72F;0x730;0x731;0x76C;0x76D;0x76E;0x76F,2091,24000,2,0x21CCA000,59392,5a54c857b952c180908efc4d4c439ab48e5bf628d483258bf3daf932d8c8e955,a08870d6eb74f02a9e969618b20aa11cbcbaf1254679a3f6e86f85844f1c9467,50176,audio/extracted/gr3_rendered_events/stream_0116.flac,83937,9e5bc101239eaf82bb6741bef455c749f7a4767713d708e17057f6d7e93202be,PASS,Incremental stereo PSX ADPCM decode; lossless review audio.
gr3_stream_0117,0x117,278,0x732;0x733,11499,24000,2,0x21CD8800,317440,9c586cdc9e497b262ac89b777ca4b9a45acb308dca42407ab9878e0adb6b6c1c,6a4327d17133060d51d8e79ba1b2d48afb4af2fa78072a48cfc20c404626722d,275968,audio/extracted/gr3_rendered_events/stream_0117.flac,626933,e958faa1a9df396f6013bde281ee13af61a8b4d669cbab7d302f81126458a188,PASS,Incremental stereo PSX ADPCM decode; lossless review audio.
gr3_stream_0118,0x118,279,0x770;0x771,7467,24000,2,0x21D26000,206848,7afd178446e673d4d29ebf325fc672024b92806ab9275a06c5e236b69d8e117f,debf006523a6d21b988ac3d30bcb33577ffd337b9ecd0c6ebc35156832db20bb,179200,audio/extracted/gr3_rendered_events/stream_0118.flac,328886,2677b1012ea17b983cb4616bc42a60da0f8c01e2de7dacd661b5a6f81de23876,PASS,Incremental stereo PSX ADPCM decode; lossless review audio.
gr3_stream_0119,0x119,280,0x774;0x775,5675,24000,2,0x21D58800,157696,0759a3b424d3356dd761839e58d3d590479f825265d2deb6e4639f3e149574a9,5d2c22c69b9383566fa22974e952c2122cc5d0c9b46b965e7bfd33883faeb78c,136192,audio/extracted/gr3_rendered_events/stream_0119.flac,216613,1dbda2bd04f3b58b04fbebda7eeaf0308a26d7343f6f0411fdd8a33ee79bcbff,PASS,Incremental stereo PSX ADPCM decode; lossless review audio.
gr3_stream_011a,0x11A,281,0x77A;0x77B,5824,24000,2,0x21D7F000,161792,58306ec87506965e36b4cfab7dcd5d231b42d81ef37787b7397c9758bd3995fd,2f56c1e10336c2d767049e924de529dda81eb50924c11d0a9711f715fd7321c6,139776,audio/extracted/gr3_rendered_events/stream_011a.flac,228244,166831aa3f61d0efb361d66a7c3d452948b012d6da46d2202f508c6ebb10a9bb,PASS,Incremental stereo PSX ADPCM decode; lossless review audio.
gr3_stream_011b,0x11B,282,0x77C;0x77D;0x77E;0x77F,6421,24000,2,0x21DA6800,178176,3f1b45a3d7f2e5e038038a9fd78a88037e6f760977565e41dc26c3730be952fc,cde8fc1b81d3da1081beada71beeb2c404ba08f959aabef39090010cbb863510,154112,audio/extracted/gr3_rendered_events/stream_011b.flac,334559,125f69dd7f6d623f5370b7fa308cd0550f350323af548810b7108f61f4a842e2,PASS,Incremental stereo PSX ADPCM decode; lossless review audio.
gr3_stream_011c,0x11C,283,0x786;0x787,5227,24000,2,0x21DD2000,145408,4b5b1862348ae439db7442277d50a91ca8c26b0676533d45a29192d354bd3fa9,74014308e394fc36ad9aca985d4026c426e67d8366227bbf4ecf8562cb964573,125440,audio/extracted/gr3_rendered_events/stream_011c.flac,281069,e88cd20d47cad3e7cd64a2a2c39ba1a83cc9a7f59d386af474c294ab7c0f3c72,PASS,Incremental stereo PSX ADPCM decode; lossless review audio.
gr3_stream_011d,0x11D,284,0x788;0x789,8512,24000,2,0x21DF5800,235520,a37edeaacab08f56c78e1332a40d1e22fd1554da8b827201686ce9de9347499c,ddf62c6d09b7f7aefff08105c3596714a679457e39ced1ee5db8f1803724643e,204288,audio/extracted/gr3_rendered_events/stream_011d.flac,424892,06425bac79b90f3d5a596b7e897325367b23ba27bc5e7ab8d2cb9e279667ec2e,PASS,Incremental stereo PSX ADPCM decode; lossless review audio.
gr3_stream_011e,0x11E,285,0x78A;0x78B,2688,24000,2,0x21E2F000,75776,8bfcb2c156fcda12eae5c39a9b8299b62f3c49c0931ca259dacb0a1c6e66d420,9ecfd26aa69d6a0bd4c51b8923d934b6625d7a0a31c4d1d7e39165a88b75d702,64512,audio/extracted/gr3_rendered_events/stream_011e.flac,133911,f3281e9f9d57dfa86338a593554dea4de53515bd3b9eca11da1f41da990eb11c,PASS,Incremental stereo PSX ADPCM decode; lossless review audio.
gr3_stream_011f,0x11F,286,0x78C;0x78D;0x78E;0x78F,11797,24000,2,0x21E41800,325632,c25e4d48805940e72f5e0fde3d1f6ce7c99fc0d295bdd47fc7e1d9a6bcebf090,3f13f3f1b8335c90fbe82f09506dff5add43933f4b19b2ed3a9e3916fcfd47cd,283136,audio/extracted/gr3_rendered_events/stream_011f.flac,581137,25364562052c3d27c7f4aa0485a92d15ac47c0d9456f66ce72fc3a5f9ad6c95e,PASS,Incremental stereo PSX ADPCM decode; lossless review audio.
gr3_stream_0120,0x120,287,0x790;0x791,11349,24000,2,0x21E91000,313344,47ab60520f5f926dae40b35211dfbf3d4277acc221d916c7623abc4e46e31455,09100affe7fd0292f6a105138456f207ebd4bdfa06f0324e890fe8538d2fc987,272384,audio/extracted/gr3_rendered_events/stream_0120.flac,691105,3d71e6a49e3ffe11091d0a19b9d8f228169f232e0a730fc6bb2f31f8581cd09d,PASS,Incremental stereo PSX ADPCM decode; lossless review audio.
gr3_stream_0121,0x121,288,0x792;0x793,4928,24000,2,0x21EDD800,137216,87bd87ce5d7239c39c667d08f5c2fc56b0e057c3c0e5d184893174b32d577208,19c5dde512b9f59f64788e207444a9763810e9574e85f2da3d4a904ab18770cf,118272,audio/extracted/gr3_rendered_events/stream_0121.flac,287078,6c2c4911dc4416346e4abe51948117ea5c0eb35a5a9674424f2a74dc820b63e1,PASS,Incremental stereo PSX ADPCM decode; lossless review audio.
