entry_index,stream_key,key_bit_0x800,start_sector,end_sector,source_offset,size_bytes,channels,sample_rate,header_size,interleave,duration_ms,reference_count,sample_ids,classification,confidence,notes
55,0x38,0,0x12B61,0x12BCE,0x95B0800,223232,2,24000,0x800,0x800,8064,2,0x2BC;0x2BD,rendered_event_candidate,STRONG,stereo GR3_STR stream referenced by GR3.IDX; runtime event caller not yet verified
56,0x39,0,0x12BCE,0x12C37,0x95E7000,215040,2,24000,0x800,0x800,7765,2,0x2BE;0x2BF,rendered_event_candidate,STRONG,stereo GR3_STR stream referenced by GR3.IDX; runtime event caller not yet verified
78,0x4F,0,0x1A5C6,0x1A931,0xD2E3000,1792000,2,24000,0x800,0x800,65259,2,0x39C;0x39D,rendered_event_candidate,STRONG,stereo GR3_STR stream referenced by GR3.IDX; runtime event caller not yet verified
82,0x53,0,0x1BBFE,0x1BF35,0xDDFF000,1685504,2,24000,0x800,0x800,61376,2,0x3EC;0x3ED,rendered_event_candidate,STRONG,stereo GR3_STR stream referenced by GR3.IDX; runtime event caller not yet verified
83,0x54,0,0x1BF35,0x1C06A,0xDF9A800,632832,2,24000,0x800,0x800,22997,2,0x3EE;0x3EF,rendered_event_candidate,STRONG,stereo GR3_STR stream referenced by GR3.IDX; runtime event caller not yet verified
84,0x55,0,0x1C06A,0x1C1A3,0xE035000,641024,2,24000,0x800,0x800,23296,2,0x3F0;0x3F1,rendered_event_candidate,STRONG,stereo GR3_STR stream referenced by GR3.IDX; runtime event caller not yet verified
85,0x56,0,0x1C1A3,0x1C8D6,0xE0D1800,3774464,2,24000,0x800,0x800,137536,2,0x3F2;0x3F3,rendered_event_candidate,STRONG,stereo GR3_STR stream referenced by GR3.IDX; runtime event caller not yet verified
86,0x57,0,0x1C8D6,0x1D013,0xE46B000,3794944,2,24000,0x800,0x800,138283,2,0x3F4;0x3F5,rendered_event_candidate,STRONG,stereo GR3_STR stream referenced by GR3.IDX; runtime event caller not yet verified
87,0x58,0,0x1D013,0x1D78A,0xE809800,3913728,2,24000,0x800,0x800,142613,2,0x3F6;0x3F7,rendered_event_candidate,STRONG,stereo GR3_STR stream referenced by GR3.IDX; runtime event caller not yet verified
88,0x59,0,0x1D78A,0x1DF01,0xEBC5000,3913728,2,24000,0x800,0x800,142613,2,0x3F8;0x3F9,rendered_event_candidate,STRONG,stereo GR3_STR stream referenced by GR3.IDX; runtime event caller not yet verified
89,0x5A,0,0x1DF01,0x1E178,0xEF80800,1292288,2,24000,0x800,0x800,47040,2,0x3FA;0x3FB,rendered_event_candidate,STRONG,stereo GR3_STR stream referenced by GR3.IDX; runtime event caller not yet verified
90,0x5B,0,0x1E178,0x1E6BB,0xF0BC000,2758656,2,24000,0x800,0x800,100501,2,0x3FC;0x3FD,rendered_event_candidate,STRONG,stereo GR3_STR stream referenced by GR3.IDX; runtime event caller not yet verified
91,0x5C,0,0x1E6BB,0x1EA70,0xF35D800,1943552,2,24000,0x800,0x800,70784,2,0x3FE;0x3FF,rendered_event_candidate,STRONG,stereo GR3_STR stream referenced by GR3.IDX; runtime event caller not yet verified
96,0x61,0,0x1EB31,0x1F254,0xF598800,3741696,2,24000,0x800,0x800,136341,2,0x408;0x409,rendered_event_candidate,STRONG,stereo GR3_STR stream referenced by GR3.IDX; runtime event caller not yet verified
97,0x62,0,0x1F254,0x1F391,0xF92A000,649216,2,24000,0x800,0x800,23595,2,0x40C;0x40D,rendered_event_candidate,STRONG,stereo GR3_STR stream referenced by GR3.IDX; runtime event caller not yet verified
98,0x63,0,0x1F391,0x1FD2C,0xF9C8800,5036032,2,24000,0x800,0x800,183531,2,0x414;0x415,rendered_event_proven,PROVEN,Alfina-room rendered event; runtime sample IDs 0x414/0x415 verified
99,0x64,0,0x1FD2C,0x2022B,0xFE96000,2619392,2,24000,0x800,0x800,95424,2,0x416;0x417,rendered_event_candidate,STRONG,stereo GR3_STR stream referenced by GR3.IDX; runtime event caller not yet verified
100,0x65,0,0x2022B,0x205AE,0x10115800,1841152,2,24000,0x800,0x800,67051,2,0x418;0x419,rendered_event_candidate,STRONG,stereo GR3_STR stream referenced by GR3.IDX; runtime event caller not yet verified
101,0x66,0,0x205AE,0x20C3F,0x102D7000,3442688,2,24000,0x800,0x800,125440,2,0x41C;0x41D,rendered_event_candidate,STRONG,stereo GR3_STR stream referenced by GR3.IDX; runtime event caller not yet verified
102,0x67,0,0x20C3F,0x20F1A,0x1061F800,1497088,2,24000,0x800,0x800,54507,2,0x420;0x421,rendered_event_candidate,STRONG,stereo GR3_STR stream referenced by GR3.IDX; runtime event caller not yet verified
103,0x68,0,0x20F1A,0x21205,0x1078D000,1529856,2,24000,0x800,0x800,55701,2,0x422;0x423,rendered_event_candidate,STRONG,stereo GR3_STR stream referenced by GR3.IDX; runtime event caller not yet verified
104,0x69,0,0x21205,0x21464,0x10902800,1243136,2,24000,0x800,0x800,45248,2,0x424;0x425,rendered_event_candidate,STRONG,stereo GR3_STR stream referenced by GR3.IDX; runtime event caller not yet verified
105,0x6A,0,0x21464,0x2208F,0x10A32000,6379520,2,24000,0x800,0x800,232512,2,0x426;0x427,rendered_event_candidate,STRONG,stereo GR3_STR stream referenced by GR3.IDX; runtime event caller not yet verified
106,0x6B,0,0x2208F,0x22494,0x11047800,2107392,2,24000,0x800,0x800,76757,2,0x428;0x429,rendered_event_candidate,STRONG,stereo GR3_STR stream referenced by GR3.IDX; runtime event caller not yet verified
107,0x6C,0,0x22494,0x2261D,0x1124A000,804864,2,24000,0x800,0x800,29269,2,0x42A;0x42B,rendered_event_candidate,STRONG,stereo GR3_STR stream referenced by GR3.IDX; runtime event caller not yet verified
108,0x6D,0,0x2261D,0x22C96,0x1130E800,3393536,2,24000,0x800,0x800,123648,2,0x42C;0x42D,rendered_event_candidate,STRONG,stereo GR3_STR stream referenced by GR3.IDX; runtime event caller not yet verified
109,0x6E,0,0x22C96,0x235B1,0x1164B000,4773888,2,24000,0x800,0x800,173973,2,0x42E;0x42F,rendered_event_candidate,STRONG,stereo GR3_STR stream referenced by GR3.IDX; runtime event caller not yet verified
110,0x6F,0,0x235B1,0x23AEA,0x11AD8800,2738176,2,24000,0x800,0x800,99755,2,0x430;0x431,rendered_event_candidate,STRONG,stereo GR3_STR stream referenced by GR3.IDX; runtime event caller not yet verified
111,0x70,0,0x23AEA,0x2468D,0x11D75000,6100992,2,24000,0x800,0x800,222357,2,0x432;0x433,rendered_event_candidate,STRONG,stereo GR3_STR stream referenced by GR3.IDX; runtime event caller not yet verified
112,0x71,0,0x2468D,0x2494A,0x12346800,1435648,2,24000,0x800,0x800,52267,2,0x434;0x435,rendered_event_candidate,STRONG,stereo GR3_STR stream referenced by GR3.IDX; runtime event caller not yet verified
113,0x72,0,0x2494A,0x24AB1,0x124A5000,735232,2,24000,0x800,0x800,26731,2,0x436;0x437,rendered_event_candidate,STRONG,stereo GR3_STR stream referenced by GR3.IDX; runtime event caller not yet verified
114,0x73,0,0x24AB1,0x252AE,0x12558800,4188160,2,24000,0x800,0x800,152619,2,0x438;0x439,rendered_event_candidate,STRONG,stereo GR3_STR stream referenced by GR3.IDX; runtime event caller not yet verified
115,0x74,0,0x252AE,0x25DA7,0x12957000,5752832,2,24000,0x800,0x800,209664,2,0x43A;0x43B,rendered_event_candidate,STRONG,stereo GR3_STR stream referenced by GR3.IDX; runtime event caller not yet verified
116,0x75,0,0x25DA7,0x25F8C,0x12ED3800,993280,2,24000,0x800,0x800,36139,2,0x440;0x441,rendered_event_candidate,STRONG,stereo GR3_STR stream referenced by GR3.IDX; runtime event caller not yet verified
117,0x76,0,0x25F8C,0x266CF,0x12FC6000,3807232,2,24000,0x800,0x800,138731,2,0x442;0x443,rendered_event_candidate,STRONG,stereo GR3_STR stream referenced by GR3.IDX; runtime event caller not yet verified
118,0x77,0,0x266CF,0x26B4E,0x13367800,2357248,2,24000,0x800,0x800,85867,2,0x444;0x445,rendered_event_candidate,STRONG,stereo GR3_STR stream referenced by GR3.IDX; runtime event caller not yet verified
119,0x78,0,0x26B4E,0x27307,0x135A7000,4048896,2,24000,0x800,0x800,147541,2,0x446;0x447,rendered_event_candidate,STRONG,stereo GR3_STR stream referenced by GR3.IDX; runtime event caller not yet verified
120,0x79,0,0x27307,0x27A88,0x13983800,3934208,2,24000,0x800,0x800,143360,2,0x448;0x449,rendered_event_candidate,STRONG,stereo GR3_STR stream referenced by GR3.IDX; runtime event caller not yet verified
121,0x7A,0,0x27A88,0x27F7F,0x13D44000,2603008,2,24000,0x800,0x800,94827,2,0x44C;0x44D,rendered_event_candidate,STRONG,stereo GR3_STR stream referenced by GR3.IDX; runtime event caller not yet verified
122,0x7B,0,0x27F7F,0x28660,0x13FBF800,3606528,2,24000,0x800,0x800,131413,2,0x44E;0x44F,rendered_event_candidate,STRONG,stereo GR3_STR stream referenced by GR3.IDX; runtime event caller not yet verified
123,0x7C,0,0x28660,0x28B71,0x14330000,2656256,2,24000,0x800,0x800,96768,2,0x450;0x451,rendered_event_candidate,STRONG,stereo GR3_STR stream referenced by GR3.IDX; runtime event caller not yet verified
124,0x7D,0,0x28B71,0x2920A,0x145B8800,3459072,2,24000,0x800,0x800,126037,2,0x452;0x453,rendered_event_candidate,STRONG,stereo GR3_STR stream referenced by GR3.IDX; runtime event caller not yet verified
125,0x7E,0,0x2920A,0x29B1B,0x14905000,4753408,2,24000,0x800,0x800,173227,2,0x454;0x455,rendered_event_candidate,STRONG,stereo GR3_STR stream referenced by GR3.IDX; runtime event caller not yet verified
126,0x7F,0,0x29B1B,0x29D58,0x14D8D800,1173504,2,24000,0x800,0x800,42709,2,0x456;0x457,rendered_event_candidate,STRONG,stereo GR3_STR stream referenced by GR3.IDX; runtime event caller not yet verified
127,0x80,0,0x29D58,0x2A35F,0x14EAC000,3160064,2,24000,0x800,0x800,115136,2,0x458;0x459,rendered_event_candidate,STRONG,stereo GR3_STR stream referenced by GR3.IDX; runtime event caller not yet verified
128,0x81,0,0x2A35F,0x2A564,0x151AF800,1058816,2,24000,0x800,0x800,38528,2,0x45A;0x45B,rendered_event_candidate,STRONG,stereo GR3_STR stream referenced by GR3.IDX; runtime event caller not yet verified
129,0x82,0,0x2A564,0x2A7AF,0x152B2000,1202176,2,24000,0x800,0x800,43755,2,0x45C;0x45D,rendered_event_candidate,STRONG,stereo GR3_STR stream referenced by GR3.IDX; runtime event caller not yet verified
130,0x83,0,0x2A7AF,0x2AA6E,0x153D7800,1439744,2,24000,0x800,0x800,52416,2,0x45E;0x45F,rendered_event_candidate,STRONG,stereo GR3_STR stream referenced by GR3.IDX; runtime event caller not yet verified
131,0x84,0,0x2AA6E,0x2AFE9,0x15537000,2873344,2,24000,0x800,0x800,104683,2,0x460;0x461,rendered_event_candidate,STRONG,stereo GR3_STR stream referenced by GR3.IDX; runtime event caller not yet verified
132,0x85,0,0x2AFE9,0x2B80C,0x157F4800,4265984,2,24000,0x800,0x800,155456,2,0x462;0x463,rendered_event_candidate,STRONG,stereo GR3_STR stream referenced by GR3.IDX; runtime event caller not yet verified
133,0x86,0,0x2B80C,0x2BBAD,0x15C06000,1902592,2,24000,0x800,0x800,69291,2,0x466;0x467,rendered_event_candidate,STRONG,stereo GR3_STR stream referenced by GR3.IDX; runtime event caller not yet verified
134,0x87,0,0x2BBAD,0x2C9C0,0x15DD6800,7378944,2,24000,0x800,0x800,268949,2,0x468;0x469,rendered_event_candidate,STRONG,stereo GR3_STR stream referenced by GR3.IDX; runtime event caller not yet verified
135,0x88,0,0x2C9C0,0x2D1A1,0x164E0000,4130816,2,24000,0x800,0x800,150528,2,0x46A;0x46B,rendered_event_candidate,STRONG,stereo GR3_STR stream referenced by GR3.IDX; runtime event caller not yet verified
136,0x89,0,0x2D1A1,0x2D476,0x168D0800,1484800,2,24000,0x800,0x800,54059,2,0x46C;0x46D,rendered_event_candidate,STRONG,stereo GR3_STR stream referenced by GR3.IDX; runtime event caller not yet verified
137,0x8A,0,0x2D476,0x2DA99,0x16A3B000,3217408,2,24000,0x800,0x800,117227,2,0x46E;0x46F,rendered_event_candidate,STRONG,stereo GR3_STR stream referenced by GR3.IDX; runtime event caller not yet verified
138,0x8B,0,0x2DA99,0x2DE2A,0x16D4C800,1869824,2,24000,0x800,0x800,68096,2,0x470;0x471,rendered_event_candidate,STRONG,stereo GR3_STR stream referenced by GR3.IDX; runtime event caller not yet verified
139,0x8C,0,0x2DE2A,0x2E149,0x16F15000,1636352,2,24000,0x800,0x800,59584,2,0x472;0x473,rendered_event_candidate,STRONG,stereo GR3_STR stream referenced by GR3.IDX; runtime event caller not yet verified
140,0x8D,0,0x2E149,0x2E770,0x170A4800,3225600,2,24000,0x800,0x800,117525,2,0x474;0x475,rendered_event_candidate,STRONG,stereo GR3_STR stream referenced by GR3.IDX; runtime event caller not yet verified
141,0x8E,0,0x2E770,0x2EAA7,0x173B8000,1685504,2,24000,0x800,0x800,61376,2,0x47A;0x47B,rendered_event_candidate,STRONG,stereo GR3_STR stream referenced by GR3.IDX; runtime event caller not yet verified
142,0x8F,0,0x2EAA7,0x2ED9E,0x17553800,1554432,2,24000,0x800,0x800,56597,2,0x482;0x483,rendered_event_candidate,STRONG,stereo GR3_STR stream referenced by GR3.IDX; runtime event caller not yet verified
143,0x90,0,0x2ED9E,0x2EFFF,0x176CF000,1247232,2,24000,0x800,0x800,45397,2,0x484;0x485,rendered_event_candidate,STRONG,stereo GR3_STR stream referenced by GR3.IDX; runtime event caller not yet verified
144,0x91,0,0x2EFFF,0x2F188,0x177FF800,804864,2,24000,0x800,0x800,29269,2,0x486;0x487,rendered_event_candidate,STRONG,stereo GR3_STR stream referenced by GR3.IDX; runtime event caller not yet verified
145,0x92,0,0x2F188,0x2F55D,0x178C4000,2009088,2,24000,0x800,0x800,73173,2,0x488;0x489,rendered_event_candidate,STRONG,stereo GR3_STR stream referenced by GR3.IDX; runtime event caller not yet verified
146,0x93,0,0x2F55D,0x2F95A,0x17AAE800,2091008,2,24000,0x800,0x800,76160,2,0x48C;0x48D,rendered_event_candidate,STRONG,stereo GR3_STR stream referenced by GR3.IDX; runtime event caller not yet verified
147,0x94,0,0x2F95A,0x2FF4B,0x17CAD000,3115008,2,24000,0x800,0x800,113493,2,0x48E;0x48F,rendered_event_candidate,STRONG,stereo GR3_STR stream referenced by GR3.IDX; runtime event caller not yet verified
148,0x95,0,0x2FF4B,0x30564,0x17FA5800,3196928,2,24000,0x800,0x800,116480,2,0x490;0x491,rendered_event_candidate,STRONG,stereo GR3_STR stream referenced by GR3.IDX; runtime event caller not yet verified
149,0x96,0,0x30564,0x30AE3,0x182B2000,2881536,2,24000,0x800,0x800,104981,2,0x492;0x493,rendered_event_candidate,STRONG,stereo GR3_STR stream referenced by GR3.IDX; runtime event caller not yet verified
150,0x97,0,0x30AE3,0x311A6,0x18571800,3545088,2,24000,0x800,0x800,129173,2,0x494;0x495,rendered_event_candidate,STRONG,stereo GR3_STR stream referenced by GR3.IDX; runtime event caller not yet verified
151,0x98,0,0x311A6,0x31725,0x188D3000,2881536,2,24000,0x800,0x800,104981,2,0x4A6;0x4A7,rendered_event_candidate,STRONG,stereo GR3_STR stream referenced by GR3.IDX; runtime event caller not yet verified
152,0x99,0,0x31725,0x31FC6,0x18B92800,4524032,2,24000,0x800,0x800,164864,2,0x4A8;0x4A9,rendered_event_candidate,STRONG,stereo GR3_STR stream referenced by GR3.IDX; runtime event caller not yet verified
153,0x9A,0,0x31FC6,0x324F9,0x18FE3000,2725888,2,24000,0x800,0x800,99307,2,0x4AA;0x4AB,rendered_event_candidate,STRONG,stereo GR3_STR stream referenced by GR3.IDX; runtime event caller not yet verified
154,0x9B,0,0x324F9,0x327D2,0x1927C800,1492992,2,24000,0x800,0x800,54357,2,0x4AE;0x4AF,rendered_event_candidate,STRONG,stereo GR3_STR stream referenced by GR3.IDX; runtime event caller not yet verified
155,0x9C,0,0x327D2,0x32CE5,0x193E9000,2660352,2,24000,0x800,0x800,96917,2,0x4B0;0x4B1,rendered_event_candidate,STRONG,stereo GR3_STR stream referenced by GR3.IDX; runtime event caller not yet verified
156,0x9D,0,0x32CE5,0x3322E,0x19672800,2770944,2,24000,0x800,0x800,100949,2,0x4B2;0x4B3,rendered_event_candidate,STRONG,stereo GR3_STR stream referenced by GR3.IDX; runtime event caller not yet verified
157,0x9E,0,0x3322E,0x337EF,0x19917000,3016704,2,24000,0x800,0x800,109909,2,0x4B4;0x4B5,rendered_event_candidate,STRONG,stereo GR3_STR stream referenced by GR3.IDX; runtime event caller not yet verified
158,0x9F,0,0x337EF,0x33C58,0x19BF7800,2312192,2,24000,0x800,0x800,84224,2,0x4B6;0x4B7,rendered_event_candidate,STRONG,stereo GR3_STR stream referenced by GR3.IDX; runtime event caller not yet verified
159,0xA0,0,0x33C58,0x34051,0x19E2C000,2082816,2,24000,0x800,0x800,75861,2,0x4BA;0x4BB,rendered_event_candidate,STRONG,stereo GR3_STR stream referenced by GR3.IDX; runtime event caller not yet verified
160,0xA1,0,0x34051,0x3496C,0x1A028800,4773888,2,24000,0x800,0x800,173973,2,0x4BC;0x4BD,rendered_event_candidate,STRONG,stereo GR3_STR stream referenced by GR3.IDX; runtime event caller not yet verified
163,0xA4,0,0x34CFC,0x34DE9,0x1A67E000,485376,2,24000,0x800,0x800,17621,2,0x4C8;0x4C9,rendered_event_candidate,STRONG,stereo GR3_STR stream referenced by GR3.IDX; runtime event caller not yet verified
164,0xA5,0,0x34DE9,0x34F78,0x1A6F4800,817152,2,24000,0x800,0x800,29717,2,0x4CA;0x4CB,rendered_event_candidate,STRONG,stereo GR3_STR stream referenced by GR3.IDX; runtime event caller not yet verified
165,0xA6,0,0x34F78,0x35011,0x1A7BC000,313344,2,24000,0x800,0x800,11349,2,0x4CC;0x4CD,rendered_event_candidate,STRONG,stereo GR3_STR stream referenced by GR3.IDX; runtime event caller not yet verified
166,0xA7,0,0x35011,0x35B14,0x1A808800,5773312,2,24000,0x800,0x800,210411,2,0x4CE;0x4CF,rendered_event_candidate,STRONG,stereo GR3_STR stream referenced by GR3.IDX; runtime event caller not yet verified
167,0xA8,0,0x35B14,0x362E9,0x1AD8A000,4106240,2,24000,0x800,0x800,149632,2,0x4D2;0x4D3,rendered_event_candidate,STRONG,stereo GR3_STR stream referenced by GR3.IDX; runtime event caller not yet verified
168,0xA9,0,0x362E9,0x369A0,0x1B174800,3520512,2,24000,0x800,0x800,128277,2,0x4D6;0x4D7,rendered_event_candidate,STRONG,stereo GR3_STR stream referenced by GR3.IDX; runtime event caller not yet verified
169,0xAA,0,0x369A0,0x36B37,0x1B4D0000,833536,2,24000,0x800,0x800,30315,2,0x4DA;0x4DB,rendered_event_candidate,STRONG,stereo GR3_STR stream referenced by GR3.IDX; runtime event caller not yet verified
170,0xAB,0,0x36B37,0x37492,0x1B59B800,4904960,2,24000,0x800,0x800,178752,2,0x4DC;0x4DD,rendered_event_candidate,STRONG,stereo GR3_STR stream referenced by GR3.IDX; runtime event caller not yet verified
171,0xAC,0,0x37492,0x37B67,0x1BA49000,3581952,2,24000,0x800,0x800,130517,2,0x4DE;0x4DF,rendered_event_candidate,STRONG,stereo GR3_STR stream referenced by GR3.IDX; runtime event caller not yet verified
172,0xAD,0,0x37B67,0x380DC,0x1BDB3800,2861056,2,24000,0x800,0x800,104235,2,0x4E0;0x4E1,rendered_event_candidate,STRONG,stereo GR3_STR stream referenced by GR3.IDX; runtime event caller not yet verified
173,0xAE,0,0x380DC,0x382F9,0x1C06E000,1107968,2,24000,0x800,0x800,40320,2,0x4E2;0x4E3,rendered_event_candidate,STRONG,stereo GR3_STR stream referenced by GR3.IDX; runtime event caller not yet verified
174,0xAF,0,0x382F9,0x386F6,0x1C17C800,2091008,2,24000,0x800,0x800,76160,2,0x4E4;0x4E5,rendered_event_candidate,STRONG,stereo GR3_STR stream referenced by GR3.IDX; runtime event caller not yet verified
175,0xB0,0,0x386F6,0x38C49,0x1C37B000,2791424,2,24000,0x800,0x800,101696,2,0x4E6;0x4E7,rendered_event_candidate,STRONG,stereo GR3_STR stream referenced by GR3.IDX; runtime event caller not yet verified
176,0xB1,0,0x38C49,0x39184,0x1C624800,2742272,2,24000,0x800,0x800,99904,2,0x4E8;0x4E9,rendered_event_candidate,STRONG,stereo GR3_STR stream referenced by GR3.IDX; runtime event caller not yet verified
177,0xB2,0,0x39184,0x393D9,0x1C8C2000,1222656,2,24000,0x800,0x800,44501,2,0x4EC;0x4ED,rendered_event_candidate,STRONG,stereo GR3_STR stream referenced by GR3.IDX; runtime event caller not yet verified
178,0xB3,0,0x393D9,0x3962C,0x1C9EC800,1218560,2,24000,0x800,0x800,44352,2,0x4EE;0x4EF,rendered_event_candidate,STRONG,stereo GR3_STR stream referenced by GR3.IDX; runtime event caller not yet verified
179,0xB4,0,0x3962C,0x39CB5,0x1CB16000,3426304,2,24000,0x800,0x800,124843,2,0x4F0;0x4F1,rendered_event_candidate,STRONG,stereo GR3_STR stream referenced by GR3.IDX; runtime event caller not yet verified
180,0xB5,0,0x39CB5,0x3A3DE,0x1CE5A800,3753984,2,24000,0x800,0x800,136789,2,0x4F4;0x4F5,rendered_event_candidate,STRONG,stereo GR3_STR stream referenced by GR3.IDX; runtime event caller not yet verified
181,0xB6,0,0x3A3DE,0x3AA43,0x1D1EF000,3352576,2,24000,0x800,0x800,122155,2,0x4F6;0x4F7,rendered_event_candidate,STRONG,stereo GR3_STR stream referenced by GR3.IDX; runtime event caller not yet verified
182,0xB7,0,0x3AA43,0x3B70A,0x1D521800,6699008,2,24000,0x800,0x800,244160,2,0x4F8;0x4F9,rendered_event_candidate,STRONG,stereo GR3_STR stream referenced by GR3.IDX; runtime event caller not yet verified
183,0xB8,0,0x3B70A,0x3B94F,0x1DB85000,1189888,2,24000,0x800,0x800,43307,2,0x4FA;0x4FB,rendered_event_candidate,STRONG,stereo GR3_STR stream referenced by GR3.IDX; runtime event caller not yet verified
184,0xB9,0,0x3B94F,0x3BB6A,0x1DCA7800,1103872,2,24000,0x800,0x800,40171,2,0x4FC;0x4FD,rendered_event_candidate,STRONG,stereo GR3_STR stream referenced by GR3.IDX; runtime event caller not yet verified
185,0xBA,0,0x3BB6A,0x3BF61,0x1DDB5000,2078720,2,24000,0x800,0x800,75712,2,0x4FE;0x4FF,rendered_event_candidate,STRONG,stereo GR3_STR stream referenced by GR3.IDX; runtime event caller not yet verified
186,0xBB,0,0x3BF61,0x3C49A,0x1DFB0800,2738176,2,24000,0x800,0x800,99755,2,0x500;0x501,rendered_event_candidate,STRONG,stereo GR3_STR stream referenced by GR3.IDX; runtime event caller not yet verified
187,0xBC,0,0x3C49A,0x3C6E9,0x1E24D000,1210368,2,24000,0x800,0x800,44053,2,0x502;0x503,rendered_event_candidate,STRONG,stereo GR3_STR stream referenced by GR3.IDX; runtime event caller not yet verified
188,0xBD,0,0x3C6E9,0x3CAD4,0x1E374800,2054144,2,24000,0x800,0x800,74816,2,0x504;0x505,rendered_event_candidate,STRONG,stereo GR3_STR stream referenced by GR3.IDX; runtime event caller not yet verified
189,0xBE,0,0x3CAD4,0x3CF07,0x1E56A000,2201600,2,24000,0x800,0x800,80192,2,0x506;0x507,rendered_event_candidate,STRONG,stereo GR3_STR stream referenced by GR3.IDX; runtime event caller not yet verified
190,0xBF,0,0x3CF07,0x3D228,0x1E783800,1640448,2,24000,0x800,0x800,59733,2,0x50A;0x50B,rendered_event_candidate,STRONG,stereo GR3_STR stream referenced by GR3.IDX; runtime event caller not yet verified
191,0xC0,0,0x3D228,0x3D3A5,0x1E914000,780288,2,24000,0x800,0x800,28373,2,0x510;0x511,rendered_event_candidate,STRONG,stereo GR3_STR stream referenced by GR3.IDX; runtime event caller not yet verified
192,0xC1,0,0x3D3A5,0x3D55C,0x1E9D2800,899072,2,24000,0x800,0x800,32704,2,0x512;0x513,rendered_event_candidate,STRONG,stereo GR3_STR stream referenced by GR3.IDX; runtime event caller not yet verified
193,0xC2,0,0x3D55C,0x3DA4D,0x1EAAE000,2590720,2,24000,0x800,0x800,94379,2,0x516;0x517,rendered_event_candidate,STRONG,stereo GR3_STR stream referenced by GR3.IDX; runtime event caller not yet verified
194,0xC3,0,0x3DA4D,0x3DEAC,0x1ED26800,2291712,2,24000,0x800,0x800,83477,2,0x538;0x539,rendered_event_candidate,STRONG,stereo GR3_STR stream referenced by GR3.IDX; runtime event caller not yet verified
195,0xC4,0,0x3DEAC,0x3E709,0x1EF56000,4384768,2,24000,0x800,0x800,159787,2,0x53A;0x53B,rendered_event_candidate,STRONG,stereo GR3_STR stream referenced by GR3.IDX; runtime event caller not yet verified
196,0xC5,0,0x3E709,0x3E82A,0x1F384800,591872,2,24000,0x800,0x800,21504,2,0x53E;0x53F,rendered_event_candidate,STRONG,stereo GR3_STR stream referenced by GR3.IDX; runtime event caller not yet verified
197,0xC6,0,0x3E82A,0x3ED67,0x1F415000,2746368,2,24000,0x800,0x800,100053,2,0x540;0x541,rendered_event_candidate,STRONG,stereo GR3_STR stream referenced by GR3.IDX; runtime event caller not yet verified
198,0xC7,0,0x3ED67,0x3EE42,0x1F6B3800,448512,2,24000,0x800,0x800,16277,2,0x57C;0x57D,rendered_event_candidate,STRONG,stereo GR3_STR stream referenced by GR3.IDX; runtime event caller not yet verified
199,0xC8,0,0x3EE42,0x3F401,0x1F721000,3012608,2,24000,0x800,0x800,109760,2,0x57E;0x57F,rendered_event_candidate,STRONG,stereo GR3_STR stream referenced by GR3.IDX; runtime event caller not yet verified
200,0xC9,0,0x3F401,0x3F4AA,0x1FA00800,346112,2,24000,0x800,0x800,12544,2,0x580;0x581,rendered_event_candidate,STRONG,stereo GR3_STR stream referenced by GR3.IDX; runtime event caller not yet verified
201,0xCA,0,0x3F4AA,0x3F503,0x1FA55000,182272,2,24000,0x800,0x800,6571,2,0x582;0x583,rendered_event_candidate,STRONG,stereo GR3_STR stream referenced by GR3.IDX; runtime event caller not yet verified
202,0xCB,0,0x3F503,0x3F678,0x1FA81800,763904,2,24000,0x800,0x800,27776,2,0x584;0x585,rendered_event_candidate,STRONG,stereo GR3_STR stream referenced by GR3.IDX; runtime event caller not yet verified
203,0xCC,0,0x3F678,0x3F793,0x1FB3C000,579584,2,24000,0x800,0x800,21056,4,0x586;0x587;0x614;0x615,rendered_event_candidate,STRONG,stereo GR3_STR stream referenced by GR3.IDX; runtime event caller not yet verified
204,0xCD,0,0x3F793,0x3FBC8,0x1FBC9800,2205696,2,24000,0x800,0x800,80341,2,0x588;0x589,rendered_event_candidate,STRONG,stereo GR3_STR stream referenced by GR3.IDX; runtime event caller not yet verified
205,0xCE,0,0x3FBC8,0x3FCD9,0x1FDE4000,559104,2,24000,0x800,0x800,20309,2,0x58A;0x58B,rendered_event_candidate,STRONG,stereo GR3_STR stream referenced by GR3.IDX; runtime event caller not yet verified
206,0xCF,0,0x3FCD9,0x3FE52,0x1FE6C800,772096,2,24000,0x800,0x800,28075,2,0x58E;0x58F,rendered_event_candidate,STRONG,stereo GR3_STR stream referenced by GR3.IDX; runtime event caller not yet verified
207,0xD0,0,0x3FE52,0x3FF83,0x1FF29000,624640,2,24000,0x800,0x800,22699,2,0x590;0x591,rendered_event_candidate,STRONG,stereo GR3_STR stream referenced by GR3.IDX; runtime event caller not yet verified
208,0xD1,0,0x3FF83,0x400BC,0x1FFC1800,641024,2,24000,0x800,0x800,23296,2,0x592;0x593,rendered_event_candidate,STRONG,stereo GR3_STR stream referenced by GR3.IDX; runtime event caller not yet verified
209,0xD2,0,0x400BC,0x40273,0x2005E000,899072,2,24000,0x800,0x800,32704,2,0x594;0x595,rendered_event_candidate,STRONG,stereo GR3_STR stream referenced by GR3.IDX; runtime event caller not yet verified
210,0xD3,0,0x40273,0x403D8,0x20139800,731136,2,24000,0x800,0x800,26581,4,0x596;0x597;0x61A;0x61B,rendered_event_candidate,STRONG,stereo GR3_STR stream referenced by GR3.IDX; runtime event caller not yet verified
211,0xD4,0,0x403D8,0x40589,0x201EC000,886784,2,24000,0x800,0x800,32256,2,0x598;0x599,rendered_event_candidate,STRONG,stereo GR3_STR stream referenced by GR3.IDX; runtime event caller not yet verified
212,0xD5,0,0x40589,0x407E4,0x202C4800,1234944,2,24000,0x800,0x800,44949,2,0x59C;0x59D,rendered_event_candidate,STRONG,stereo GR3_STR stream referenced by GR3.IDX; runtime event caller not yet verified
213,0xD6,0,0x407E4,0x4089D,0x203F2000,378880,2,24000,0x800,0x800,13739,2,0x59E;0x59F,rendered_event_candidate,STRONG,stereo GR3_STR stream referenced by GR3.IDX; runtime event caller not yet verified
214,0xD7,0,0x4089D,0x40ACE,0x2044E800,1148928,2,24000,0x800,0x800,41813,2,0x5A0;0x5A1,rendered_event_candidate,STRONG,stereo GR3_STR stream referenced by GR3.IDX; runtime event caller not yet verified
215,0xD8,0,0x40ACE,0x40F03,0x20567000,2205696,2,24000,0x800,0x800,80341,2,0x5A2;0x5A3,rendered_event_candidate,STRONG,stereo GR3_STR stream referenced by GR3.IDX; runtime event caller not yet verified
216,0xD9,0,0x40F03,0x410AE,0x20781800,874496,2,24000,0x800,0x800,31808,2,0x5A4;0x5A5,rendered_event_candidate,STRONG,stereo GR3_STR stream referenced by GR3.IDX; runtime event caller not yet verified
217,0xDA,0,0x410AE,0x41179,0x20857000,415744,2,24000,0x800,0x800,15083,4,0x5A6;0x5A7;0x61E;0x61F,rendered_event_candidate,STRONG,stereo GR3_STR stream referenced by GR3.IDX; runtime event caller not yet verified
218,0xDB,0,0x41179,0x41278,0x208BC800,522240,2,24000,0x800,0x800,18965,2,0x5A8;0x5A9,rendered_event_candidate,STRONG,stereo GR3_STR stream referenced by GR3.IDX; runtime event caller not yet verified
219,0xDC,0,0x41278,0x4137F,0x2093C000,538624,2,24000,0x800,0x800,19563,2,0x5AC;0x5AD,rendered_event_candidate,STRONG,stereo GR3_STR stream referenced by GR3.IDX; runtime event caller not yet verified
220,0xDD,0,0x4137F,0x41424,0x209BF800,337920,2,24000,0x800,0x800,12245,2,0x5AE;0x5AF,rendered_event_candidate,STRONG,stereo GR3_STR stream referenced by GR3.IDX; runtime event caller not yet verified
221,0xDE,0,0x41424,0x41543,0x20A12000,587776,2,24000,0x800,0x800,21355,4,0x5B0;0x5B1;0x61C;0x61D,rendered_event_candidate,STRONG,stereo GR3_STR stream referenced by GR3.IDX; runtime event caller not yet verified
222,0xDF,0,0x41543,0x41688,0x20AA1800,665600,2,24000,0x800,0x800,24192,2,0x5B4;0x5B5,rendered_event_candidate,STRONG,stereo GR3_STR stream referenced by GR3.IDX; runtime event caller not yet verified
223,0xE0,0,0x41688,0x4179F,0x20B44000,571392,2,24000,0x800,0x800,20757,2,0x5B6;0x5B7,rendered_event_candidate,STRONG,stereo GR3_STR stream referenced by GR3.IDX; runtime event caller not yet verified
224,0xE1,0,0x4179F,0x41ABA,0x20BCF800,1628160,2,24000,0x800,0x800,59285,2,0x5BA;0x5BB,rendered_event_candidate,STRONG,stereo GR3_STR stream referenced by GR3.IDX; runtime event caller not yet verified
225,0xE2,0,0x41ABA,0x41C93,0x20D5D000,968704,2,24000,0x800,0x800,35243,2,0x5BC;0x5BD,rendered_event_candidate,STRONG,stereo GR3_STR stream referenced by GR3.IDX; runtime event caller not yet verified
226,0xE3,0,0x41C93,0x41D7C,0x20E49800,477184,2,24000,0x800,0x800,17323,2,0x5C0;0x5C1,rendered_event_candidate,STRONG,stereo GR3_STR stream referenced by GR3.IDX; runtime event caller not yet verified
227,0xE4,0,0x41D7C,0x41EF9,0x20EBE000,780288,2,24000,0x800,0x800,28373,2,0x5C2;0x5C3,rendered_event_candidate,STRONG,stereo GR3_STR stream referenced by GR3.IDX; runtime event caller not yet verified
228,0xE5,0,0x41EF9,0x41FE0,0x20F7C800,473088,2,24000,0x800,0x800,17173,2,0x5DC;0x5DD,rendered_event_candidate,STRONG,stereo GR3_STR stream referenced by GR3.IDX; runtime event caller not yet verified
229,0xE6,0,0x41FE0,0x420E5,0x20FF0000,534528,2,24000,0x800,0x800,19413,2,0x5DE;0x5DF,rendered_event_candidate,STRONG,stereo GR3_STR stream referenced by GR3.IDX; runtime event caller not yet verified
230,0xE7,0,0x420E5,0x42140,0x21072800,186368,2,24000,0x800,0x800,6720,2,0x5E0;0x5E1,rendered_event_candidate,STRONG,stereo GR3_STR stream referenced by GR3.IDX; runtime event caller not yet verified
231,0xE8,0,0x42140,0x42197,0x210A0000,178176,2,24000,0x800,0x800,6421,2,0x5E2;0x5E3,rendered_event_candidate,STRONG,stereo GR3_STR stream referenced by GR3.IDX; runtime event caller not yet verified
232,0xE9,0,0x42197,0x421C8,0x210CB800,100352,2,24000,0x800,0x800,3584,2,0x5E4;0x5E5,rendered_event_candidate,STRONG,stereo GR3_STR stream referenced by GR3.IDX; runtime event caller not yet verified
233,0xEA,0,0x421C8,0x42207,0x210E4000,129024,2,24000,0x800,0x800,4629,2,0x5E6;0x5E7,rendered_event_candidate,STRONG,stereo GR3_STR stream referenced by GR3.IDX; runtime event caller not yet verified
234,0xEB,0,0x42207,0x4223C,0x21103800,108544,2,24000,0x800,0x800,3883,2,0x5E8;0x5E9,rendered_event_candidate,STRONG,stereo GR3_STR stream referenced by GR3.IDX; runtime event caller not yet verified
235,0xEC,0,0x4223C,0x42321,0x2111E000,468992,2,24000,0x800,0x800,17024,2,0x5EA;0x5EB,rendered_event_candidate,STRONG,stereo GR3_STR stream referenced by GR3.IDX; runtime event caller not yet verified
236,0xED,0,0x42321,0x42436,0x21190800,567296,2,24000,0x800,0x800,20608,2,0x5EC;0x5ED,rendered_event_candidate,STRONG,stereo GR3_STR stream referenced by GR3.IDX; runtime event caller not yet verified
237,0xEE,0,0x42436,0x42461,0x2121B000,88064,2,24000,0x800,0x800,3136,2,0x5EE;0x5EF,rendered_event_candidate,STRONG,stereo GR3_STR stream referenced by GR3.IDX; runtime event caller not yet verified
238,0xEF,0,0x42461,0x4248C,0x21230800,88064,2,24000,0x800,0x800,3136,2,0x5F0;0x5F1,rendered_event_candidate,STRONG,stereo GR3_STR stream referenced by GR3.IDX; runtime event caller not yet verified
239,0xF0,0,0x4248C,0x424B1,0x21246000,75776,2,24000,0x800,0x800,2688,2,0x5F2;0x5F3,rendered_event_candidate,STRONG,stereo GR3_STR stream referenced by GR3.IDX; runtime event caller not yet verified
240,0xF1,0,0x424B1,0x424D6,0x21258800,75776,2,24000,0x800,0x800,2688,2,0x5F4;0x5F5,rendered_event_candidate,STRONG,stereo GR3_STR stream referenced by GR3.IDX; runtime event caller not yet verified
241,0xF2,0,0x424D6,0x4256B,0x2126B000,305152,2,24000,0x800,0x800,11051,2,0x5F6;0x5F7,rendered_event_candidate,STRONG,stereo GR3_STR stream referenced by GR3.IDX; runtime event caller not yet verified
242,0xF3,0,0x4256B,0x4262A,0x212B5800,391168,2,24000,0x800,0x800,14187,2,0x5F8;0x5F9,rendered_event_candidate,STRONG,stereo GR3_STR stream referenced by GR3.IDX; runtime event caller not yet verified
243,0xF4,0,0x4262A,0x426A1,0x21315000,243712,2,24000,0x800,0x800,8811,2,0x5FA;0x5FB,rendered_event_candidate,STRONG,stereo GR3_STR stream referenced by GR3.IDX; runtime event caller not yet verified
244,0xF5,0,0x426A1,0x426D6,0x21350800,108544,2,24000,0x800,0x800,3883,2,0x5FC;0x5FD,rendered_event_candidate,STRONG,stereo GR3_STR stream referenced by GR3.IDX; runtime event caller not yet verified
245,0xF6,0,0x426D6,0x42709,0x2136B000,104448,2,24000,0x800,0x800,3733,2,0x5FE;0x5FF,rendered_event_candidate,STRONG,stereo GR3_STR stream referenced by GR3.IDX; runtime event caller not yet verified
246,0xF7,0,0x42709,0x427C8,0x21384800,391168,2,24000,0x800,0x800,14187,2,0x600;0x601,rendered_event_candidate,STRONG,stereo GR3_STR stream referenced by GR3.IDX; runtime event caller not yet verified
248,0xF9,0,0x4280D,0x42934,0x21406800,604160,2,24000,0x800,0x800,21952,2,0x624;0x625,rendered_event_candidate,STRONG,stereo GR3_STR stream referenced by GR3.IDX; runtime event caller not yet verified
249,0xFA,0,0x42934,0x42A11,0x2149A000,452608,2,24000,0x800,0x800,16427,2,0x62E;0x62F,rendered_event_candidate,STRONG,stereo GR3_STR stream referenced by GR3.IDX; runtime event caller not yet verified
250,0xFB,0,0x42A11,0x42AD8,0x21508800,407552,2,24000,0x800,0x800,14784,2,0x630;0x631,rendered_event_candidate,STRONG,stereo GR3_STR stream referenced by GR3.IDX; runtime event caller not yet verified
251,0xFC,0,0x42AD8,0x42B55,0x2156C000,256000,2,24000,0x800,0x800,9259,2,0x632;0x633,rendered_event_candidate,STRONG,stereo GR3_STR stream referenced by GR3.IDX; runtime event caller not yet verified
252,0xFD,0,0x42B55,0x42BFA,0x215AA800,337920,2,24000,0x800,0x800,12245,8,0x634;0x635;0x682;0x683;0x684;0x685;0x6D0;0x6D1,rendered_event_candidate,STRONG,stereo GR3_STR stream referenced by GR3.IDX; runtime event caller not yet verified
253,0xFE,0,0x42BFA,0x42CBD,0x215FD000,399360,2,24000,0x800,0x800,14485,4,0x636;0x637;0x638;0x639,rendered_event_candidate,STRONG,stereo GR3_STR stream referenced by GR3.IDX; runtime event caller not yet verified
254,0xFF,0,0x42CBD,0x42CF0,0x2165E800,104448,2,24000,0x800,0x800,3733,24,0x63A;0x63B;0x63E;0x63F;0x642;0x643;0x646;0x647;0x65A;0x65B;0x65E;0x65F;0x662;0x663;0x666;0x667;0x66E;0x66F;0x672;0x673;0x676;0x677;0x67A;0x67B,rendered_event_candidate,STRONG,stereo GR3_STR stream referenced by GR3.IDX; runtime event caller not yet verified
255,0x100,0,0x42CF0,0x42D23,0x21678000,104448,2,24000,0x800,0x800,3733,24,0x63C;0x63D;0x640;0x641;0x644;0x645;0x648;0x649;0x65C;0x65D;0x660;0x661;0x664;0x665;0x668;0x669;0x670;0x671;0x674;0x675;0x678;0x679;0x67C;0x67D,rendered_event_candidate,STRONG,stereo GR3_STR stream referenced by GR3.IDX; runtime event caller not yet verified
256,0x101,0,0x42D23,0x42D58,0x21691800,108544,2,24000,0x800,0x800,3883,6,0x64A;0x64B;0x64C;0x64D;0x64E;0x64F,rendered_event_candidate,STRONG,stereo GR3_STR stream referenced by GR3.IDX; runtime event caller not yet verified
257,0x102,0,0x42D58,0x42DE7,0x216AC000,292864,2,24000,0x800,0x800,10603,2,0x650;0x651,rendered_event_candidate,STRONG,stereo GR3_STR stream referenced by GR3.IDX; runtime event caller not yet verified
258,0x103,0,0x42DE7,0x42E76,0x216F3800,292864,2,24000,0x800,0x800,10603,2,0x652;0x653,rendered_event_candidate,STRONG,stereo GR3_STR stream referenced by GR3.IDX; runtime event caller not yet verified
259,0x104,0,0x42E76,0x42FF7,0x2173B000,788480,2,24000,0x800,0x800,28672,2,0x654;0x655,rendered_event_candidate,STRONG,stereo GR3_STR stream referenced by GR3.IDX; runtime event caller not yet verified
260,0x105,0,0x42FF7,0x4306E,0x217FB800,243712,2,24000,0x800,0x800,8811,6,0x686;0x687;0x69A;0x69B;0x69C;0x69D,rendered_event_candidate,STRONG,stereo GR3_STR stream referenced by GR3.IDX; runtime event caller not yet verified
261,0x106,0,0x4306E,0x43097,0x21837000,83968,2,24000,0x800,0x800,2987,6,0x690;0x691;0x696;0x697;0x698;0x699,rendered_event_candidate,STRONG,stereo GR3_STR stream referenced by GR3.IDX; runtime event caller not yet verified
262,0x107,0,0x43097,0x43152,0x2184B800,382976,2,24000,0x800,0x800,13888,2,0x6B2;0x6B3,rendered_event_candidate,STRONG,stereo GR3_STR stream referenced by GR3.IDX; runtime event caller not yet verified
263,0x108,0,0x43152,0x43213,0x218A9000,395264,2,24000,0x800,0x800,14336,2,0x6B4;0x6B5,rendered_event_candidate,STRONG,stereo GR3_STR stream referenced by GR3.IDX; runtime event caller not yet verified
264,0x109,0,0x43213,0x432D4,0x21909800,395264,2,24000,0x800,0x800,14336,4,0x6B6;0x6B7;0x772;0x773,rendered_event_candidate,STRONG,stereo GR3_STR stream referenced by GR3.IDX; runtime event caller not yet verified
265,0x10A,0,0x432D4,0x4330B,0x2196A000,112640,2,24000,0x800,0x800,4032,6,0x6B8;0x6B9;0x6BA;0x6BB;0x6BC;0x6BD,rendered_event_candidate,STRONG,stereo GR3_STR stream referenced by GR3.IDX; runtime event caller not yet verified
266,0x10B,0,0x4330B,0x433DC,0x21985800,428032,2,24000,0x800,0x800,15531,2,0x6BE;0x6BF,rendered_event_candidate,STRONG,stereo GR3_STR stream referenced by GR3.IDX; runtime event caller not yet verified
267,0x10C,0,0x433DC,0x4347F,0x219EE000,333824,2,24000,0x800,0x800,12096,2,0x6C2;0x6C3,rendered_event_candidate,STRONG,stereo GR3_STR stream referenced by GR3.IDX; runtime event caller not yet verified
268,0x10D,0,0x4347F,0x4353E,0x21A3F800,391168,2,24000,0x800,0x800,14187,2,0x6C4;0x6C5,rendered_event_candidate,STRONG,stereo GR3_STR stream referenced by GR3.IDX; runtime event caller not yet verified
269,0x10E,0,0x4353E,0x435FD,0x21A9F000,391168,2,24000,0x800,0x800,14187,4,0x6C6;0x6C7;0x6D2;0x6D3,rendered_event_candidate,STRONG,stereo GR3_STR stream referenced by GR3.IDX; runtime event caller not yet verified
270,0x10F,0,0x435FD,0x43692,0x21AFE800,305152,2,24000,0x800,0x800,11051,4,0x6C8;0x6C9;0x6CC;0x6CD,rendered_event_candidate,STRONG,stereo GR3_STR stream referenced by GR3.IDX; runtime event caller not yet verified
271,0x110,0,0x43692,0x43727,0x21B49000,305152,2,24000,0x800,0x800,11051,4,0x6CA;0x6CB;0x6CE;0x6CF,rendered_event_candidate,STRONG,stereo GR3_STR stream referenced by GR3.IDX; runtime event caller not yet verified
272,0x111,0,0x43727,0x43802,0x21B93800,448512,2,24000,0x800,0x800,16277,2,0x6D4;0x6D5,rendered_event_candidate,STRONG,stereo GR3_STR stream referenced by GR3.IDX; runtime event caller not yet verified
273,0x112,0,0x43802,0x43865,0x21C01000,202752,2,24000,0x800,0x800,7317,2,0x6D6;0x6D7,rendered_event_candidate,STRONG,stereo GR3_STR stream referenced by GR3.IDX; runtime event caller not yet verified
274,0x113,0,0x43865,0x438FA,0x21C32800,305152,2,24000,0x800,0x800,11051,4,0x6E0;0x6E1;0x6E2;0x6E3,rendered_event_candidate,STRONG,stereo GR3_STR stream referenced by GR3.IDX; runtime event caller not yet verified
275,0x114,0,0x438FA,0x43947,0x21C7D000,157696,2,24000,0x800,0x800,5675,26,0x6F4;0x6F5;0x72A;0x72B;0x72C;0x72D;0x734;0x735;0x736;0x737;0x738;0x739;0x73A;0x73B;0x73C;0x73D;0x73E;0x73F;0x776;0x777;0x778;0x779;0x780;0x781;0x782;0x783,rendered_event_candidate,STRONG,stereo GR3_STR stream referenced by GR3.IDX; runtime event caller not yet verified
276,0x115,0,0x43947,0x43994,0x21CA3800,157696,2,24000,0x800,0x800,5675,6,0x726;0x727;0x728;0x729;0x7A8;0x7A9,rendered_event_candidate,STRONG,stereo GR3_STR stream referenced by GR3.IDX; runtime event caller not yet verified
277,0x116,0,0x43994,0x439B1,0x21CCA000,59392,2,24000,0x800,0x800,2091,8,0x72E;0x72F;0x730;0x731;0x76C;0x76D;0x76E;0x76F,rendered_event_candidate,STRONG,stereo GR3_STR stream referenced by GR3.IDX; runtime event caller not yet verified
278,0x117,0,0x439B1,0x43A4C,0x21CD8800,317440,2,24000,0x800,0x800,11499,2,0x732;0x733,rendered_event_candidate,STRONG,stereo GR3_STR stream referenced by GR3.IDX; runtime event caller not yet verified
279,0x118,0,0x43A4C,0x43AB1,0x21D26000,206848,2,24000,0x800,0x800,7467,2,0x770;0x771,rendered_event_candidate,STRONG,stereo GR3_STR stream referenced by GR3.IDX; runtime event caller not yet verified
280,0x119,0,0x43AB1,0x43AFE,0x21D58800,157696,2,24000,0x800,0x800,5675,2,0x774;0x775,rendered_event_candidate,STRONG,stereo GR3_STR stream referenced by GR3.IDX; runtime event caller not yet verified
281,0x11A,0,0x43AFE,0x43B4D,0x21D7F000,161792,2,24000,0x800,0x800,5824,2,0x77A;0x77B,rendered_event_candidate,STRONG,stereo GR3_STR stream referenced by GR3.IDX; runtime event caller not yet verified
282,0x11B,0,0x43B4D,0x43BA4,0x21DA6800,178176,2,24000,0x800,0x800,6421,4,0x77C;0x77D;0x77E;0x77F,rendered_event_candidate,STRONG,stereo GR3_STR stream referenced by GR3.IDX; runtime event caller not yet verified
283,0x11C,0,0x43BA4,0x43BEB,0x21DD2000,145408,2,24000,0x800,0x800,5227,2,0x786;0x787,rendered_event_candidate,STRONG,stereo GR3_STR stream referenced by GR3.IDX; runtime event caller not yet verified
284,0x11D,0,0x43BEB,0x43C5E,0x21DF5800,235520,2,24000,0x800,0x800,8512,2,0x788;0x789,rendered_event_candidate,STRONG,stereo GR3_STR stream referenced by GR3.IDX; runtime event caller not yet verified
285,0x11E,0,0x43C5E,0x43C83,0x21E2F000,75776,2,24000,0x800,0x800,2688,2,0x78A;0x78B,rendered_event_candidate,STRONG,stereo GR3_STR stream referenced by GR3.IDX; runtime event caller not yet verified
286,0x11F,0,0x43C83,0x43D22,0x21E41800,325632,2,24000,0x800,0x800,11797,4,0x78C;0x78D;0x78E;0x78F,rendered_event_candidate,STRONG,stereo GR3_STR stream referenced by GR3.IDX; runtime event caller not yet verified
287,0x120,0,0x43D22,0x43DBB,0x21E91000,313344,2,24000,0x800,0x800,11349,2,0x790;0x791,rendered_event_candidate,STRONG,stereo GR3_STR stream referenced by GR3.IDX; runtime event caller not yet verified
288,0x121,0,0x43DBB,0x43DFE,0x21EDD800,137216,2,24000,0x800,0x800,4928,2,0x792;0x793,rendered_event_candidate,STRONG,stereo GR3_STR stream referenced by GR3.IDX; runtime event caller not yet verified
