id,category,sub_category,source_file,action_term,cp932_hex,compact_hex,field_cp932_hits,field_compact_hits,slpm_cp932_hits,slpm_compact_hits,mdt_cp932_hits,mdt_compact_hits,data_prior_hit_count,status,review_level,evidence,note
FIELD_ACTION_0001,OTHER,field_action_candidate,FIELD.BIN; DATA/*.MDZ; SLPM_659.76,外に出る,8A 4F 82 C9 8F 6F 82 E9,3C F1 7D 68 F0 9D,,,,,,,0,INSERTED,PROVEN,PROVEN,No bounded source string exists; fixed font slots now render the runtime-assembled phrase as 밖에출구.
FIELD_ACTION_0002,OTHER,field_action_candidate,FIELD.BIN; DATA/*.MDZ; SLPM_659.76,調べる,92 B2 82 D7 82 E9,A2 F2 8B 9D,,,,,,,,UNTRANSLATED,UNPROVEN,UNPROVEN,PROVEN: no exact CP932/compact hit in FIELD.BIN. UNPROVEN: this term was not present in the preserved exhaustive DATA report; remaining raw DATA containers are unavailable in the current workspace.
FIELD_ACTION_0003,OTHER,field_action_candidate,FIELD.BIN; DATA/*.MDZ; SLPM_659.76,話す,98 62 82 B7,44 F0 6C,,,,,,/Users/j.swon/Desktop/Grandia3_KR/work/scenario/runtime/map-exit-00060000/00030000.MDT:0x20D10B;/Users/j.swon/Desktop/Grandia3_KR/work/scenario/runtime/map-exit-00060000/00030000.MDT:0x20D33F,,UNTRANSLATED,UNPROVEN,UNPROVEN,"PROVEN: no exact CP932/compact hit in FIELD.BIN. UNPROVEN: this term was not present in the preserved exhaustive DATA report; remaining raw DATA containers are unavailable in the current workspace. UNPROVEN: a compact-byte substring occurs in an extracted MDT, but no bounded event/action record or decoded UI string was established."
FIELD_ACTION_0004,OTHER,field_action_candidate,FIELD.BIN; DATA/*.MDZ; SLPM_659.76,取る,8E E6 82 E9,6A F0 9D,,,,,,,,UNTRANSLATED,UNPROVEN,UNPROVEN,PROVEN: no exact CP932/compact hit in FIELD.BIN. UNPROVEN: this term was not present in the preserved exhaustive DATA report; remaining raw DATA containers are unavailable in the current workspace.
FIELD_ACTION_0005,OTHER,field_action_candidate,FIELD.BIN; DATA/*.MDZ; SLPM_659.76,開ける,8A 4A 82 AF 82 E9,6E F3 64 9D,,,,,,,,UNTRANSLATED,UNPROVEN,UNPROVEN,PROVEN: no exact CP932/compact hit in FIELD.BIN. UNPROVEN: this term was not present in the preserved exhaustive DATA report; remaining raw DATA containers are unavailable in the current workspace.
FIELD_ACTION_0006,OTHER,field_action_candidate,FIELD.BIN; DATA/*.MDZ; SLPM_659.76,入る,93 FC 82 E9,60 F0 9D,,,,,,,,UNTRANSLATED,UNPROVEN,UNPROVEN,PROVEN: no exact CP932/compact hit in FIELD.BIN. UNPROVEN: this term was not present in the preserved exhaustive DATA report; remaining raw DATA containers are unavailable in the current workspace.
FIELD_ACTION_0007,OTHER,field_action_candidate,FIELD.BIN; DATA/*.MDZ; SLPM_659.76,乗る,8F E6 82 E9,9C F2 9D,,,,,,,,UNTRANSLATED,UNPROVEN,UNPROVEN,PROVEN: no exact CP932/compact hit in FIELD.BIN. UNPROVEN: this term was not present in the preserved exhaustive DATA report; remaining raw DATA containers are unavailable in the current workspace.
FIELD_ACTION_0008,OTHER,field_action_candidate,FIELD.BIN; DATA/*.MDZ; SLPM_659.76,降りる,8D 7E 82 E8 82 E9,27 F4 9C 9D,,,,,,,,UNTRANSLATED,UNPROVEN,UNPROVEN,PROVEN: no exact CP932/compact hit in FIELD.BIN. UNPROVEN: this term was not present in the preserved exhaustive DATA report; remaining raw DATA containers are unavailable in the current workspace.
FIELD_ACTION_0009,OTHER,field_action_candidate,FIELD.BIN; DATA/*.MDZ; SLPM_659.76,光の玉を調べる,8C F5 82 CC 8B CA 82 F0 92 B2 82 D7 82 E9,D2 F1 80 B0 F0 A1 A2 F2 8B 9D,,,,,,,,UNTRANSLATED,UNPROVEN,UNPROVEN,PROVEN: no exact CP932/compact hit in FIELD.BIN. UNPROVEN: this term was not present in the preserved exhaustive DATA report; remaining raw DATA containers are unavailable in the current workspace.
