id,category,sub_category,source_file,inner_file,record_id,scene_id,string_index,original_offset,pointer_offset,jp_raw_hex,jp_text,kr_text,kr_encoded_hex,speaker,control_codes,status,game_verified,translator_note,review_note
SCN_00030000_00740000_0012,SCENARIO,scenario_message,DATA/00030000.MDZ,DATA/00030000.MDT,0x00740000,00030000,11,0x008d14cd,0x008d14c8,26 f0 e5 47 9d 56 f0 57 f0 8c bd ba bc b4 08 dc f0 e2 f0 e5 f0 95 98 86 9a 44 0d ff 00,"フツーに攻撃するよりも
効果的ってこと？","보통 공격하는 것보다
더 효과적이라는 거야?",UNASSIGNED,ユウキ,"[{""offset"":-5,""raw_hex"":""02 0e 00 0b 00"",""kind"":""MESSAGE_HEADER"",""opcode"":2,""argument"":11},{""offset"":14,""raw_hex"":""08"",""kind"":""LINE_BREAK""},{""offset"":26,""raw_hex"":""0d ff 00"",""kind"":""MESSAGE_END""}]",REVIEW_1,NO,CHARACTER_GUIDE v0.1 적용 1차 번역. 말투는 화자·관계·장면 기준.,"SUPPORTED: structured scenario command; header FACE slot maps to face_yuuki_12; runtime display not yet checked. PROVEN: byte-identical source command exists at the same path and offsets on Disc 2. TERM: バースフィア는 ‘버스피어’ 채택. ‘바 스피어’는 대안 표기로 보류. 湿布는 ‘파스’, トバク場은 ‘도박장’으로 채택."
SCN_00030000_00740000_0016,SCENARIO,scenario_message,DATA/00030000.MDZ,DATA/00030000.MDT,0x00740000,00030000,15,0x008d1778,0x008d1773,75 75 43 08 b5 f0 a0 4a f3 7a f0 08 8a 9c 82 94 b5 77 84 9c 77 8a 0d ff 00,"ああ！
旅の準備
しなくちゃいけないし","그래!
여행 준비도
해야 하니까.",UNASSIGNED,ユウキ,"[{""offset"":-5,""raw_hex"":""02 0e 00 02 00"",""kind"":""MESSAGE_HEADER"",""opcode"":2,""argument"":2},{""offset"":3,""raw_hex"":""08"",""kind"":""LINE_BREAK""},{""offset"":11,""raw_hex"":""08"",""kind"":""LINE_BREAK""},{""offset"":22,""raw_hex"":""0d ff 00"",""kind"":""MESSAGE_END""}]",REVIEW_1,NO,CHARACTER_GUIDE v0.1 적용 1차 번역. 말투는 화자·관계·장면 기준.,"SUPPORTED: structured scenario command; header FACE slot maps to face_yuuki_03; runtime display not yet checked. PROVEN: byte-identical source command exists at the same path and offsets on Disc 2. TERM: バースフィア는 ‘버스피어’ 채택. ‘바 스피어’는 대안 표기로 보류. 湿布는 ‘파스’, トバク場은 ‘도박장’으로 채택."
SCN_00030000_00740000_0061,SCENARIO,scenario_message,DATA/00030000.MDZ,DATA/00030000.MDT,0x00740000,00030000,60,0x008d345a,0x008d3455,75 75 43 08 c4 3d f0 26 f0 c5 eb a0 86 9a 9c bb 08 b0 7e 8e 9a 84 ba 43 0d ff 00,"ああ！
アルフィナのことなら
まかせとけよ！","그래!
알피나 일이라면
나한테 맡겨!",UNASSIGNED,ユウキ,"[{""offset"":-5,""raw_hex"":""02 0e 00 0a 00"",""kind"":""MESSAGE_HEADER"",""opcode"":2,""argument"":10},{""offset"":3,""raw_hex"":""08"",""kind"":""LINE_BREAK""},{""offset"":16,""raw_hex"":""08"",""kind"":""LINE_BREAK""},{""offset"":24,""raw_hex"":""0d ff 00"",""kind"":""MESSAGE_END""}]",REVIEW_1,NO,CHARACTER_GUIDE v0.1 적용 1차 번역. 말투는 화자·관계·장면 기준.,"SUPPORTED: structured scenario command; header FACE slot maps to face_yuuki_11; runtime display not yet checked. PROVEN: byte-identical source command exists at the same path and offsets on Disc 2. TERM: バースフィア는 ‘버스피어’ 채택. ‘바 스피어’는 대안 표기로 보류. 湿布는 ‘파스’, トバク場은 ‘도박장’으로 채택."
SCN_00030000_00740000_0088,SCENARIO,scenario_message,DATA/00030000.MDZ,DATA/00030000.MDT,0x00740000,00030000,87,0x008d442a,0x008d4425,7d 9a 9a 77 c8 f5 77 92 ba 43 0d ff 00,おととい聞いたよ！,그저께 들었어!,UNASSIGNED,ユウキ,"[{""offset"":-5,""raw_hex"":""02 0e 00 08 00"",""kind"":""MESSAGE_HEADER"",""opcode"":2,""argument"":8},{""offset"":10,""raw_hex"":""0d ff 00"",""kind"":""MESSAGE_END""}]",REVIEW_1,NO,CHARACTER_GUIDE v0.1 적용 1차 번역. 말투는 화자·관계·장면 기준.,"SUPPORTED: structured scenario command; header FACE slot maps to face_yuuki_09; runtime display not yet checked. PROVEN: byte-identical source command exists at the same path and offsets on Disc 2. TERM: バースフィア는 ‘버스피어’ 채택. ‘바 스피어’는 대안 표기로 보류. 湿布는 ‘파스’, トバク場은 ‘도박장’으로 채택."
SCN_00030000_00740000_0094,SCENARIO,scenario_message,DATA/00030000.MDZ,DATA/00030000.MDT,0x00740000,00030000,93,0x008d48e0,0x008d48db,dd e4 e9 c4 e4 28 f0 95 98 44 0d ff 00,セットアップって？,셋업이 뭐야?,UNASSIGNED,ユウキ,"[{""offset"":-5,""raw_hex"":""02 0e 00 0b 00"",""kind"":""MESSAGE_HEADER"",""opcode"":2,""argument"":11},{""offset"":10,""raw_hex"":""0d ff 00"",""kind"":""MESSAGE_END""}]",REVIEW_1,NO,CHARACTER_GUIDE v0.1 적용 1차 번역. 말투는 화자·관계·장면 기준.,"SUPPORTED: structured scenario command; header FACE slot maps to face_yuuki_12; runtime display not yet checked. PROVEN: byte-identical source command exists at the same path and offsets on Disc 2. TERM: バースフィア는 ‘버스피어’ 채택. ‘바 스피어’는 대안 표기로 보류. 湿布는 ‘파스’, トバク場은 ‘도박장’으로 채택."
SCN_00030000_00740000_0098,SCENARIO,scenario_message,DATA/00030000.MDZ,DATA/00030000.MDT,0x00740000,00030000,97,0x008d4d1f,0x008d4d1a,c2 44 08 80 f3 7e cc 3e f0 9d 82 be bd a0 44 0d ff 00,"ん？
何かオレにくれるの？","응?
나한테 뭔가 주는 거야?",UNASSIGNED,ユウキ,"[{""offset"":-5,""raw_hex"":""02 0e 00 02 00"",""kind"":""MESSAGE_HEADER"",""opcode"":2,""argument"":2},{""offset"":2,""raw_hex"":""08"",""kind"":""LINE_BREAK""},{""offset"":15,""raw_hex"":""0d ff 00"",""kind"":""MESSAGE_END""}]",REVIEW_1,NO,CHARACTER_GUIDE v0.1 적용 1차 번역. 말투는 화자·관계·장면 기준.,"SUPPORTED: structured scenario command; header FACE slot maps to face_yuuki_03; runtime display not yet checked. PROVEN: byte-identical source command exists at the same path and offsets on Disc 2. TERM: バースフィア는 ‘버스피어’ 채택. ‘바 스피어’는 대안 표기로 보류. 湿布는 ‘파스’, トバク場은 ‘도박장’으로 채택."
SCN_00030000_00740000_0113,SCENARIO,scenario_message,DATA/00030000.MDZ,DATA/00030000.MDT,0x00740000,00030000,112,0x008d5967,0x008d5962,9c c2 93 43 08 90 c2 9c 86 9a 93 9a a1 f1 95 92 ba 0d ff 00,"なんだ！
そんなことだと思ったよ","뭐야!
그럴 줄 알았어.",UNASSIGNED,ユウキ,"[{""offset"":-5,""raw_hex"":""02 0e 00 03 00"",""kind"":""MESSAGE_HEADER"",""opcode"":2,""argument"":3},{""offset"":4,""raw_hex"":""08"",""kind"":""LINE_BREAK""},{""offset"":17,""raw_hex"":""0d ff 00"",""kind"":""MESSAGE_END""}]",REVIEW_1,NO,CHARACTER_GUIDE v0.1 적용 1차 번역. 말투는 화자·관계·장면 기준.,"SUPPORTED: structured scenario command; header FACE slot maps to face_yuuki_04; runtime display not yet checked. PROVEN: byte-identical source command exists at the same path and offsets on Disc 2. TERM: バースフィア는 ‘버스피어’ 채택. ‘바 스피어’는 대안 표기로 보류. 湿布는 ‘파스’, トバク場은 ‘도박장’으로 채택."
SCN_00030000_00740000_0240,SCENARIO,scenario_message,DATA/00030000.MDZ,DATA/00030000.MDT,0x00740000,00030000,239,0x008dc64b,0x008dc646,db 3d f0 2f f0 ec c4 a1 08 86 a0 99 f2 a0 9b 86 7e 9d 75 bd 43 08 86 a0 af f3 9e f0 99 42 f1 84 bd 9a 86 b0 99 08 42 f1 95 98 b6 bd 43 0d ff 00,"スルマニアは
この空のどこかにある！
この機体で行けるとこまで
行ってやる！","수르마니아는
이 하늘 어딘가에 있어!
이 기체로 갈 수 있는 데까지
가고 말 거야!",UNASSIGNED,ユウキ,"[{""offset"":-5,""raw_hex"":""02 0e 00 07 00"",""kind"":""MESSAGE_HEADER"",""opcode"":2,""argument"":7},{""offset"":8,""raw_hex"":""08"",""kind"":""LINE_BREAK""},{""offset"":21,""raw_hex"":""08"",""kind"":""LINE_BREAK""},{""offset"":37,""raw_hex"":""08"",""kind"":""LINE_BREAK""},{""offset"":45,""raw_hex"":""0d ff 00"",""kind"":""MESSAGE_END""}]",REVIEW_1,NO,CHARACTER_GUIDE v0.1 적용 1차 번역. 말투는 화자·관계·장면 기준.,"SUPPORTED: structured scenario command; header FACE slot maps to face_yuuki_08; runtime display not yet checked. PROVEN: byte-identical source command exists at the same path and offsets on Disc 2. TERM: バースフィア는 ‘버스피어’ 채택. ‘바 스피어’는 대안 표기로 보류. 湿布는 ‘파스’, トバク場은 ‘도박장’으로 채택."
SCN_00030100_00740000_0007,SCENARIO,scenario_message,DATA/00030100.MDZ,DATA/00030100.MDT,0x00740000,00030100,6,0x002a9928,0x002a9923,9c c2 7e 77 95 92 44 0d ff 00,なんかいった？,뭐라고 했어?,UNASSIGNED,ミランダ,"[{""offset"":-5,""raw_hex"":""22 0e 00 1e 00"",""kind"":""MESSAGE_HEADER"",""opcode"":34,""argument"":30},{""offset"":7,""raw_hex"":""0d ff 00"",""kind"":""MESSAGE_END""}]",REVIEW_1,NO,CHARACTER_GUIDE v0.1 적용 1차 번역. 말투는 화자·관계·장면 기준.,"SUPPORTED: structured scenario command; header FACE slot maps to face_miranda_05; runtime display not yet checked. PROVEN: byte-identical source command exists at the same path and offsets on Disc 2. TERM: バースフィア는 ‘버스피어’ 채택. ‘바 스피어’는 대안 표기로 보류. 湿布는 ‘파스’, トバク場은 ‘도박장’으로 채택."
SCN_00030100_00740000_0014,SCENARIO,scenario_message,DATA/00030100.MDZ,DATA/00030100.MDT,0x00740000,00030100,13,0x002a9a83,0x002a9a7e,9c 9d d2 dc d2 dc 8a 98 c2 a0 44 08 31 f8 81 f1 9d 74 f0 79 20 f0 47 27 f0 08 ce 3e f0 47 da 9d cf f0 77 98 75 bd c2 99 8a b9 08 df f0 82 8a f0 95 98 bb 95 8a b5 77 0d ff 00,"なにグズグズしてんの？
湿布に使うハーブ
ガレージに置いてあるんでしょ
早く取ってらっしゃい","뭘 그렇게 꾸물거려?
파스에 쓸 허브,
차고에 있잖아.
얼른 가져와.",UNASSIGNED,ミランダ,"[{""offset"":-5,""raw_hex"":""22 0e 00 1e 00"",""kind"":""MESSAGE_HEADER"",""opcode"":34,""argument"":30},{""offset"":11,""raw_hex"":""08"",""kind"":""LINE_BREAK""},{""offset"":25,""raw_hex"":""08"",""kind"":""LINE_BREAK""},{""offset"":42,""raw_hex"":""08"",""kind"":""LINE_BREAK""},{""offset"":55,""raw_hex"":""0d ff 00"",""kind"":""MESSAGE_END""}]",REVIEW_1,NO,CHARACTER_GUIDE v0.1 적용 1차 번역. 말투는 화자·관계·장면 기준.,"PROVEN: runtime source bytes, render path, FACE slot, speaker, and visible text match. PROVEN: byte-identical source command exists at the same path and offsets on Disc 2. TERM: バースフィア는 ‘버스피어’ 채택. ‘바 스피어’는 대안 표기로 보류. 湿布는 ‘파스’, トバク場은 ‘도박장’으로 채택."
SCN_00030100_00740000_0017,SCENARIO,scenario_message,DATA/00030100.MDZ,DATA/00030100.MDT,0x00740000,00030100,16,0x002a9b5d,0x002a9b58,d5 3b f0 d5 3b f0 d5 3b f0 43 08 41 f1 85 ba 79 95 92 95 98 31 f0 e2 43 08 94 b5 c2 9a a1 f0 7b 98 c2 93 7e bb 43 0d ff 00,"コラコラコラ！
逃げようったってムダ！
ちゃんと見えてんだから！","어이, 어이, 어이!
도망치려 해도 소용없어!
다 보이거든!",UNASSIGNED,アロンソ,"[{""offset"":-5,""raw_hex"":""22 0e 00 24 00"",""kind"":""MESSAGE_HEADER"",""opcode"":34,""argument"":36},{""offset"":10,""raw_hex"":""08"",""kind"":""LINE_BREAK""},{""offset"":24,""raw_hex"":""08"",""kind"":""LINE_BREAK""},{""offset"":38,""raw_hex"":""0d ff 00"",""kind"":""MESSAGE_END""}]",REVIEW_1,NO,CHARACTER_GUIDE v0.1 적용 1차 번역. 말투는 화자·관계·장면 기준.,"SUPPORTED: structured scenario command; header FACE slot maps to face_alonso_03; runtime display not yet checked. PROVEN: byte-identical source command exists at the same path and offsets on Disc 2. TERM: バースフィア는 ‘버스피어’ 채택. ‘바 스피어’는 대안 표기로 보류. 湿布는 ‘파스’, トバク場은 ‘도박장’으로 채택."
SCN_00030100_00740000_0021,SCENARIO,scenario_message,DATA/00030100.MDZ,DATA/00030100.MDT,0x00740000,00030100,20,0x002a9cb5,0x002a9cb0,21 f0 cd 95 43 08 c5 f2 86 8a 94 b5 7e c0 77 90 79 99 8a b9 43 08 88 95 88 9a ce 3e f0 47 da 7e bb 08 20 f0 47 27 f0 8a f0 95 98 bb 95 8a b5 77 43 0d ff 00,"バカっ！
起こしちゃかわいそうでしょ！
さっさとガレージから
ハーブ取ってらっしゃい！","바보야!
깨우면 불쌍하잖아!
얼른 차고에서
허브 가져와!",UNASSIGNED,アロンソ,"[{""offset"":-5,""raw_hex"":""22 0e 00 24 00"",""kind"":""MESSAGE_HEADER"",""opcode"":34,""argument"":36},{""offset"":5,""raw_hex"":""08"",""kind"":""LINE_BREAK""},{""offset"":21,""raw_hex"":""08"",""kind"":""LINE_BREAK""},{""offset"":33,""raw_hex"":""08"",""kind"":""LINE_BREAK""},{""offset"":49,""raw_hex"":""0d ff 00"",""kind"":""MESSAGE_END""}]",REVIEW_1,NO,CHARACTER_GUIDE v0.1 적용 1차 번역. 말투는 화자·관계·장면 기준.,"SUPPORTED: structured scenario command; header FACE slot maps to face_alonso_03; runtime display not yet checked. PROVEN: byte-identical source command exists at the same path and offsets on Disc 2. TERM: バースフィア는 ‘버스피어’ 채택. ‘바 스피어’는 대안 표기로 보류. 湿布는 ‘파스’, トバク場은 ‘도박장’으로 채택."
SCN_00030300_00740000_0013,SCENARIO,scenario_message,DATA/00030300.MDZ,DATA/00030300.MDT,0x00740000,00030300,12,0x001de20e,0x001de209,75 75 43 0d ff 00,ああ！,그래!,UNASSIGNED,ユウキ,"[{""offset"":-5,""raw_hex"":""02 0e 00 0a 00"",""kind"":""MESSAGE_HEADER"",""opcode"":2,""argument"":10},{""offset"":3,""raw_hex"":""0d ff 00"",""kind"":""MESSAGE_END""}]",REVIEW_1,NO,CHARACTER_GUIDE v0.1 적용 1차 번역. 말투는 화자·관계·장면 기준.,"SUPPORTED: structured scenario command; header FACE slot maps to face_yuuki_11; runtime display not yet checked. PROVEN: byte-identical source command exists at the same path and offsets on Disc 2. TERM: バースフィア는 ‘버스피어’ 채택. ‘바 스피어’는 대안 표기로 보류. 湿布는 ‘파스’, トバク場은 ‘도박장’으로 채택."
SCN_00030600_00740000_0010,SCENARIO,scenario_message,DATA/00030600.MDZ,DATA/00030600.MDT,0x00740000,00030600,9,0x0025e134,0x0025e12f,93 be 7f 44 f4 7b 88 f0 8a 92 c2 93 ba 08 90 c2 9c d0 28 f0 db 0d ff 00,"だれが考え出したんだよ
そんなギプス","누가 생각해 낸 거야
이런 깁스?",UNASSIGNED,ユウキ,"[{""offset"":-5,""raw_hex"":""02 0e 00 06 00"",""kind"":""MESSAGE_HEADER"",""opcode"":2,""argument"":6},{""offset"":13,""raw_hex"":""08"",""kind"":""LINE_BREAK""},{""offset"":21,""raw_hex"":""0d ff 00"",""kind"":""MESSAGE_END""}]",REVIEW_1,NO,CHARACTER_GUIDE v0.1 적용 1차 번역. 말투는 화자·관계·장면 기준.,"SUPPORTED: structured scenario command; header FACE slot maps to face_yuuki_07; runtime display not yet checked. PROVEN: byte-identical source command exists at the same path and offsets on Disc 2. TERM: バースフィア는 ‘버스피어’ 채택. ‘바 스피어’는 대안 표기로 보류. 湿布는 ‘파스’, トバク場은 ‘도박장’으로 채택."
SCN_00030600_00740000_0035,SCENARIO,scenario_message,DATA/00030600.MDZ,DATA/00030600.MDT,0x00740000,00030600,34,0x0025f20d,0x0025f208,cc 3e f0 7f ec f1 bd 7e ba e4 43 0d ff 00,オレが知るかよッ！,내가 알 게 뭐야!,UNASSIGNED,ユウキ,"[{""offset"":-5,""raw_hex"":""02 0e 00 07 00"",""kind"":""MESSAGE_HEADER"",""opcode"":2,""argument"":7},{""offset"":11,""raw_hex"":""0d ff 00"",""kind"":""MESSAGE_END""}]",REVIEW_1,NO,CHARACTER_GUIDE v0.1 적용 1차 번역. 말투는 화자·관계·장면 기준.,"SUPPORTED: structured scenario command; header FACE slot maps to face_yuuki_08; runtime display not yet checked. PROVEN: byte-identical source command exists at the same path and offsets on Disc 2. TERM: バースフィア는 ‘버스피어’ 채택. ‘바 스피어’는 대안 표기로 보류. 湿布는 ‘파스’, トバク場은 ‘도박장’으로 채택."
SCN_00030900_00740000_0017,SCENARIO,scenario_message,DATA/00030900.MDZ,DATA/00030900.MDT,0x00740000,00030900,16,0x001cbd5b,0x001cbd56,a1 77 a1 77 08 8d f4 6a f0 8a 98 e1 f0 7e 95 92 c0 9f 43 0d ff 00,"はいはい
邪魔して悪かったわね！","그래, 그래.
방해해서 미안하네!",UNASSIGNED,アロンソ,"[{""offset"":-5,""raw_hex"":""22 0e 00 24 00"",""kind"":""MESSAGE_HEADER"",""opcode"":34,""argument"":36},{""offset"":4,""raw_hex"":""08"",""kind"":""LINE_BREAK""},{""offset"":19,""raw_hex"":""0d ff 00"",""kind"":""MESSAGE_END""}]",REVIEW_1,NO,CHARACTER_GUIDE v0.1 적용 1차 번역. 말투는 화자·관계·장면 기준.,"SUPPORTED: structured scenario command; header FACE slot maps to face_alonso_03; runtime display not yet checked. PROVEN: byte-identical source command exists at the same path and offsets on Disc 2. TERM: バースフィア는 ‘버스피어’ 채택. ‘바 스피어’는 대안 표기로 보류. 湿布는 ‘파스’, トバク場은 ‘도박장’으로 채택."
SCN_00030900_00740000_0029,SCENARIO,scenario_message,DATA/00030900.MDZ,DATA/00030900.MDT,0x00740000,00030900,28,0x001ccd1c,0x001ccd17,7d 8b 88 c2 08 bb f0 c1 8a 95 7e bc b8 f1 95 98 43 0d ff 00,"おじさん
気をしっかり持って！","아저씨,
정신 차리세요!",UNASSIGNED,アルフィナ,"[{""offset"":-5,""raw_hex"":""02 0e 00 0c 00"",""kind"":""MESSAGE_HEADER"",""opcode"":2,""argument"":12},{""offset"":4,""raw_hex"":""08"",""kind"":""LINE_BREAK""},{""offset"":17,""raw_hex"":""0d ff 00"",""kind"":""MESSAGE_END""}]",REVIEW_1,NO,CHARACTER_GUIDE v0.1 적용 1차 번역. 말투는 화자·관계·장면 기준.,"SUPPORTED: structured scenario command; header FACE slot maps to face_alfina_01; runtime display not yet checked. PROVEN: byte-identical source command exists at the same path and offsets on Disc 2. TERM: バースフィア는 ‘버스피어’ 채택. ‘바 스피어’는 대안 표기로 보류. 湿布는 ‘파스’, トバク場은 ‘도박장’으로 채택."
SCN_00031300_00740000_0005,SCENARIO,scenario_message,DATA/00031300.MDZ,DATA/00031300.MDT,0x00740000,00031300,4,0x001e55c3,0x001e55be,c4 3d f0 26 f0 c5 eb a1 86 86 9d 77 98 43 08 93 77 8b b9 79 a8 08 cc 3e f0 92 94 7f 9c c2 9a 7e 8c bd 7e bb 43 0d ff 00,"アルフィナはここにいて！
だいじょうぶ
オレたちがなんとかするから！","알피나는 여기 있어!
괜찮아.
우리들이 어떻게든 할 테니까!",UNASSIGNED,ユウキ,"[{""offset"":-5,""raw_hex"":""02 0e 00 0a 00"",""kind"":""MESSAGE_HEADER"",""opcode"":2,""argument"":10},{""offset"":14,""raw_hex"":""08"",""kind"":""LINE_BREAK""},{""offset"":21,""raw_hex"":""08"",""kind"":""LINE_BREAK""},{""offset"":37,""raw_hex"":""0d ff 00"",""kind"":""MESSAGE_END""}]",REVIEW_1,NO,CHARACTER_GUIDE v0.1 적용 1차 번역. 말투는 화자·관계·장면 기준.,"SUPPORTED: structured scenario command; header FACE slot maps to face_yuuki_11; runtime display not yet checked. PROVEN: byte-identical source command exists at the same path and offsets on Disc 2. TERM: バースフィア는 ‘버스피어’ 채택. ‘바 스피어’는 대안 표기로 보류. 湿布는 ‘파스’, トバク場은 ‘도박장’으로 채택."
SCN_00060000_00740000_0020,SCENARIO,scenario_message,DATA/00060000.MDZ,DATA/00060000.MDT,0x00740000,00060000,19,0x002e212f,0x002e212a,d5 3b f0 d5 3b f0 43 08 90 95 94 42 f1 95 92 bb 08 b2 f1 7e bb 88 f0 94 b5 79 95 8a b9 43 0d ff 00,"コラコラ！
そっち行ったら
森から出ちゃうっしょ！","어이, 어이!
그쪽으로 가면
숲 밖으로 나가 버리잖아!",UNASSIGNED,アロンソ,"[{""offset"":-5,""raw_hex"":""22 0e 00 24 00"",""kind"":""MESSAGE_HEADER"",""opcode"":34,""argument"":36},{""offset"":7,""raw_hex"":""08"",""kind"":""LINE_BREAK""},{""offset"":16,""raw_hex"":""08"",""kind"":""LINE_BREAK""},{""offset"":30,""raw_hex"":""0d ff 00"",""kind"":""MESSAGE_END""}]",REVIEW_1,NO,CHARACTER_GUIDE v0.1 적용 1차 번역. 말투는 화자·관계·장면 기준.,"SUPPORTED: structured scenario command; header FACE slot maps to face_alonso_03; runtime display not yet checked. PROVEN: byte-identical source command exists at the same path and offsets on Disc 2. TERM: バースフィア는 ‘버스피어’ 채택. ‘바 스피어’는 대안 표기로 보류. 湿布는 ‘파스’, トバク場은 ‘도박장’으로 채택."
SCN_00120000_00740000_0027,SCENARIO,scenario_message,DATA/00120000.MDZ,DATA/00120000.MDT,0x00740000,00120000,26,0x00532c5e,0x00532c59,86 86 9d b4 77 bd c0 9f 08 d7 c6 e7 47 61 f2 43 0d ff 00,"ここにもいるわね
サイテー男！","여기도 있었네.
최악의 남자!",UNASSIGNED,アロンソ,"[{""offset"":-5,""raw_hex"":""22 0e 00 24 00"",""kind"":""MESSAGE_HEADER"",""opcode"":34,""argument"":36},{""offset"":8,""raw_hex"":""08"",""kind"":""LINE_BREAK""},{""offset"":16,""raw_hex"":""0d ff 00"",""kind"":""MESSAGE_END""}]",REVIEW_1,NO,CHARACTER_GUIDE v0.1 적용 1차 번역. 말투는 화자·관계·장면 기준.,"SUPPORTED: structured scenario command; header FACE slot maps to face_alonso_03; runtime display not yet checked. PROVEN: byte-identical source command exists at the same path and offsets on Disc 2. TERM: バースフィア는 ‘버스피어’ 채택. ‘바 스피어’는 대안 표기로 보류. 湿布는 ‘파스’, トバク場은 ‘도박장’으로 채택."
SCN_00120000_00740000_0029,SCENARIO,scenario_message,DATA/00120000.MDZ,DATA/00120000.MDT,0x00740000,00120000,28,0x00532e00,0x00532dfb,90 be 99 c2 f2 59 f1 9d bc f2 95 98 90 f0 4d f0 c7 f5 44 08 77 77 ba 79 9d 08 93 b0 88 be 94 b5 95 98 88 43 08 21 f0 cd 9f 43 0d ff 00,"それで調子に乗って無一文？
いいように
だまされちゃってさ！
バカね！","그래서 우쭐대다가 빈털터리가 된 거야?
실컷
속아 넘어가고 말이야!
바보 아냐?",UNASSIGNED,アロンソ,"[{""offset"":-5,""raw_hex"":""22 0e 00 24 00"",""kind"":""MESSAGE_HEADER"",""opcode"":34,""argument"":36},{""offset"":19,""raw_hex"":""08"",""kind"":""LINE_BREAK""},{""offset"":25,""raw_hex"":""08"",""kind"":""LINE_BREAK""},{""offset"":36,""raw_hex"":""08"",""kind"":""LINE_BREAK""},{""offset"":42,""raw_hex"":""0d ff 00"",""kind"":""MESSAGE_END""}]",REVIEW_1,NO,CHARACTER_GUIDE v0.1 적용 1차 번역. 말투는 화자·관계·장면 기준.,"SUPPORTED: structured scenario command; header FACE slot maps to face_alonso_03; runtime display not yet checked. PROVEN: byte-identical source command exists at the same path and offsets on Disc 2. TERM: バースフィア는 ‘버스피어’ 채택. ‘바 스피어’는 대안 표기로 보류. 湿布는 ‘파스’, トバク場은 ‘도박장’으로 채택."
SCN_00120000_00740000_0072,SCENARIO,scenario_message,DATA/00120000.MDZ,DATA/00120000.MDT,0x00740000,00120000,71,0x0053687f,0x0053687a,ab f5 aa f4 95 98 81 f0 93 ba 44 0d ff 00,彼女って誰だよ？,그 여자친구가 누군데?,UNASSIGNED,ユウキ,"[{""offset"":-5,""raw_hex"":""02 0e 00 01 00"",""kind"":""MESSAGE_HEADER"",""opcode"":2,""argument"":1},{""offset"":11,""raw_hex"":""0d ff 00"",""kind"":""MESSAGE_END""}]",REVIEW_1,NO,CHARACTER_GUIDE v0.1 적용 1차 번역. 말투는 화자·관계·장면 기준.,"SUPPORTED: structured scenario command; header FACE slot maps to face_yuuki_02; runtime display not yet checked. PROVEN: byte-identical source command exists at the same path and offsets on Disc 2. TERM: バースフィア는 ‘버스피어’ 채택. ‘바 스피어’는 대안 표기로 보류. 湿布는 ‘파스’, トバク場은 ‘도박장’으로 채택."
SCN_00120000_00740000_0079,SCENARIO,scenario_message,DATA/00120000.MDZ,DATA/00120000.MDT,0x00740000,00120000,78,0x00536eca,0x00536ec5,b2 f1 9d 23 f6 95 98 bd b1 f0 a3 f1 8b b5 9c 77 08 df f0 82 e9 21 f0 d1 b1 f0 9d 42 f1 7e 9c 80 b5 43 0d ff 00,"森に戻ってる場合じゃない
早くトバク場に行かなきゃ！","숲으로 돌아갈 때가 아니야.
얼른 도박장으로 가야 해!",UNASSIGNED,ユウキ,"[{""offset"":-5,""raw_hex"":""02 0e 00 01 00"",""kind"":""MESSAGE_HEADER"",""opcode"":2,""argument"":1},{""offset"":16,""raw_hex"":""08"",""kind"":""LINE_BREAK""},{""offset"":34,""raw_hex"":""0d ff 00"",""kind"":""MESSAGE_END""}]",REVIEW_1,NO,CHARACTER_GUIDE v0.1 적용 1차 번역. 말투는 화자·관계·장면 기준.,"SUPPORTED: structured scenario command; header FACE slot maps to face_yuuki_02; runtime display not yet checked. PROVEN: byte-identical source command exists at the same path and offsets on Disc 2. TERM: バースフィア는 ‘버스피어’ 채택. ‘바 스피어’는 대안 표기로 보류. 湿布는 ‘파스’, トバク場은 ‘도박장’으로 채택."
SCN_00120100_00740000_0035,SCENARIO,scenario_message,DATA/00120100.MDZ,DATA/00120100.MDT,0x00740000,00120100,34,0x002e78ae,0x002e78a9,24 f0 c4 3a f0 cd 7f 08 86 95 7e bb 41 f1 85 98 95 92 9a 80 08 a2 bb b0 77 92 e6 f1 93 ba 0d ff 00,"ビアンカが
こっから逃げてったとき
ばらまいた金だよ","비앙카가
여기서 도망칠 때
뿌리고 간 돈이야.",UNASSIGNED,ユウキ,"[{""offset"":-5,""raw_hex"":""02 0e 00 01 00"",""kind"":""MESSAGE_HEADER"",""opcode"":2,""argument"":1},{""offset"":7,""raw_hex"":""08"",""kind"":""LINE_BREAK""},{""offset"":20,""raw_hex"":""08"",""kind"":""LINE_BREAK""},{""offset"":30,""raw_hex"":""0d ff 00"",""kind"":""MESSAGE_END""}]",REVIEW_1,NO,CHARACTER_GUIDE v0.1 적용 1차 번역. 말투는 화자·관계·장면 기준.,"SUPPORTED: structured scenario command; header FACE slot maps to face_yuuki_02; runtime display not yet checked. PROVEN: byte-identical source command exists at the same path and offsets on Disc 2. TERM: バースフィア는 ‘버스피어’ 채택. ‘바 스피어’는 대안 표기로 보류. 湿布는 ‘파스’, トバク場은 ‘도박장’으로 채택."
SCN_00120100_00740000_0045,SCENARIO,scenario_message,DATA/00120100.MDZ,DATA/00120100.MDT,0x00740000,00120100,44,0x002e87c8,0x002e87c3,d7 f5 8e ba 95 43 0d ff 00,放せよっ！,놔!,UNASSIGNED,ユウキ,"[{""offset"":-5,""raw_hex"":""02 0e 00 07 00"",""kind"":""MESSAGE_HEADER"",""opcode"":2,""argument"":7},{""offset"":6,""raw_hex"":""0d ff 00"",""kind"":""MESSAGE_END""}]",REVIEW_1,NO,CHARACTER_GUIDE v0.1 적용 1차 번역. 말투는 화자·관계·장면 기준.,"SUPPORTED: structured scenario command; header FACE slot maps to face_yuuki_08; runtime display not yet checked. PROVEN: byte-identical source command exists at the same path and offsets on Disc 2. TERM: バースフィア는 ‘버스피어’ 채택. ‘바 스피어’는 대안 표기로 보류. 湿布는 ‘파스’, トバク場은 ‘도박장’으로 채택."
SCN_00120200_00740000_0011,SCENARIO,scenario_message,DATA/00120200.MDZ,DATA/00120200.MDT,0x00740000,00120200,10,0x00253e25,0x00253e20,70 f0 c0 95 98 8a b0 95 92 b4 a0 44 0d ff 00,変わってしまったもの？,변해 버린 것?,UNASSIGNED,ユウキ,"[{""offset"":-5,""raw_hex"":""02 0e 00 01 00"",""kind"":""MESSAGE_HEADER"",""opcode"":2,""argument"":1},{""offset"":12,""raw_hex"":""0d ff 00"",""kind"":""MESSAGE_END""}]",REVIEW_1,NO,CHARACTER_GUIDE v0.1 적용 1차 번역. 말투는 화자·관계·장면 기준.,"SUPPORTED: structured scenario command; header FACE slot maps to face_yuuki_02; runtime display not yet checked. PROVEN: byte-identical source command exists at the same path and offsets on Disc 2. TERM: バースフィア는 ‘버스피어’ 채택. ‘바 스피어’는 대안 표기로 보류. 湿布는 ‘파스’, トバク場은 ‘도박장’으로 채택."
SCN_00120200_00740000_0033,SCENARIO,scenario_message,DATA/00120200.MDZ,DATA/00120200.MDT,0x00740000,00120200,32,0x00255115,0x00255110,90 79 a7 f0 7d f0 82 77 82 b4 c2 7e 0d ff 00,そう上手くいくもんか,그렇게 잘 풀릴 리가 있나.,UNASSIGNED,ユウキ,"[{""offset"":-5,""raw_hex"":""02 0e 00 01 00"",""kind"":""MESSAGE_HEADER"",""opcode"":2,""argument"":1},{""offset"":12,""raw_hex"":""0d ff 00"",""kind"":""MESSAGE_END""}]",REVIEW_1,NO,CHARACTER_GUIDE v0.1 적용 1차 번역. 말투는 화자·관계·장면 기준.,"SUPPORTED: structured scenario command; header FACE slot maps to face_yuuki_02; runtime display not yet checked. PROVEN: byte-identical source command exists at the same path and offsets on Disc 2. TERM: バースフィア는 ‘버스피어’ 채택. ‘바 스피어’는 대안 표기로 보류. 湿布는 ‘파스’, トバク場은 ‘도박장’으로 채택."
SCN_00151000_00740000_0015,SCENARIO,scenario_message,DATA/00151000.MDZ,DATA/00151000.MDT,0x00740000,00151000,14,0x002eee0d,0x002eee08,b4 bb 95 98 77 77 a0 44 0d ff 00,もらっていいの？,받아도 돼?,UNASSIGNED,ユウキ,"[{""offset"":-5,""raw_hex"":""02 0e 00 02 00"",""kind"":""MESSAGE_HEADER"",""opcode"":2,""argument"":2},{""offset"":8,""raw_hex"":""0d ff 00"",""kind"":""MESSAGE_END""}]",REVIEW_1,NO,CHARACTER_GUIDE v0.1 적용 1차 번역. 말투는 화자·관계·장면 기준.,"SUPPORTED: structured scenario command; header FACE slot maps to face_yuuki_03; runtime display not yet checked. PROVEN: byte-identical source command exists at the same path and offsets on Disc 2. TERM: バースフィア는 ‘버스피어’ 채택. ‘바 스피어’는 대안 표기로 보류. 湿布는 ‘파스’, トバク場은 ‘도박장’으로 채택."
SCN_00151000_00740000_0047,SCENARIO,scenario_message,DATA/00151000.MDZ,DATA/00151000.MDT,0x00740000,00151000,46,0x002efea8,0x002efea3,9c c2 9c a0 08 90 a0 21 f0 47 db 26 f0 c5 c4 95 98 44 0d ff 00,"なんなの
そのバースフィアって？","대체 뭐야
그 버스피어라는 게?",UNASSIGNED,ユウキ,"[{""offset"":-5,""raw_hex"":""02 0e 00 01 00"",""kind"":""MESSAGE_HEADER"",""opcode"":2,""argument"":1},{""offset"":4,""raw_hex"":""08"",""kind"":""LINE_BREAK""},{""offset"":18,""raw_hex"":""0d ff 00"",""kind"":""MESSAGE_END""}]",REVIEW_1,NO,CHARACTER_GUIDE v0.1 적용 1차 번역. 말투는 화자·관계·장면 기준.,"SUPPORTED: structured scenario command; header FACE slot maps to face_yuuki_02; runtime display not yet checked. PROVEN: byte-identical source command exists at the same path and offsets on Disc 2. TERM: バースフィア는 ‘버스피어’ 채택. ‘바 스피어’는 대안 표기로 보류. 湿布는 ‘파스’, トバク場은 ‘도박장’으로 채택."
SCN_00151000_00740000_0091,SCENARIO,scenario_message,DATA/00151000.MDZ,DATA/00151000.MDT,0x00740000,00151000,90,0x002f22f2,0x002f22ed,90 be 93 84 d9 36 f0 30 f0 e4 e9 7f 08 8c 87 77 95 98 86 9a 93 ba 43 0d ff 00,"それだけシュミットが
すごいってことだよ！","그만큼 슈미트가
대단하다는 거야!",UNASSIGNED,ユウキ,"[{""offset"":-5,""raw_hex"":""02 0e 00 07 00"",""kind"":""MESSAGE_HEADER"",""opcode"":2,""argument"":7},{""offset"":12,""raw_hex"":""08"",""kind"":""LINE_BREAK""},{""offset"":23,""raw_hex"":""0d ff 00"",""kind"":""MESSAGE_END""}]",REVIEW_1,NO,CHARACTER_GUIDE v0.1 적용 1차 번역. 말투는 화자·관계·장면 기준.,"SUPPORTED: structured scenario command; header FACE slot maps to face_yuuki_08; runtime display not yet checked. PROVEN: byte-identical source command exists at the same path and offsets on Disc 2. TERM: バースフィア는 ‘버스피어’ 채택. ‘바 스피어’는 대안 표기로 보류. 湿布는 ‘파스’, トバク場은 ‘도박장’으로 채택."
SCN_00151000_00740000_0113,SCENARIO,scenario_message,DATA/00151000.MDZ,DATA/00151000.MDT,0x00740000,00151000,112,0x002f2b2f,0x002f2b2a,49 f1 42 f1 af f3 a1 9b 79 9c 95 92 a0 44 08 50 f1 95 98 b4 bb 7b 90 79 44 0d ff 00,"飛行機はどうなったの？
作ってもらえそう？","비행기는 어떻게 됐어?
만들어 줄 수 있대?",UNASSIGNED,ミランダ,"[{""offset"":-5,""raw_hex"":""22 0e 00 1d 00"",""kind"":""MESSAGE_HEADER"",""opcode"":34,""argument"":29},{""offset"":14,""raw_hex"":""08"",""kind"":""LINE_BREAK""},{""offset"":25,""raw_hex"":""0d ff 00"",""kind"":""MESSAGE_END""}]",REVIEW_1,NO,CHARACTER_GUIDE v0.1 적용 1차 번역. 말투는 화자·관계·장면 기준.,"SUPPORTED: structured scenario command; header FACE slot maps to face_miranda_04; runtime display not yet checked. PROVEN: byte-identical source command exists at the same path and offsets on Disc 2. TERM: バースフィア는 ‘버스피어’ 채택. ‘바 스피어’는 대안 표기로 보류. 湿布는 ‘파스’, トバク場은 ‘도박장’으로 채택."
