character,unicode,usage_count
가,U+AC00,1798
각,U+AC01,152
간,U+AC04,119
갈,U+AC08,94
감,U+AC10,52
갑,U+AC11,51
갔,U+AC14,32
강,U+AC15,25
갖,U+AC16,10
같,U+AC19,314
갚,U+AC1A,4
개,U+AC1C,53
객,U+AC1D,1
갯,U+AC2F,5
갱,U+AC31,1
갸,U+AC38,1
걀,U+AC40,2
거,U+AC70,935
걱,U+AC71,15
건,U+AC74,455
걷,U+AC77,5
걸,U+AC78,241
검,U+AC80,14
겁,U+AC81,20
것,U+AC83,360
겉,U+AC89,1
게,U+AC8C,1031
겠,U+ACA0,353
겨,U+ACA8,37
격,U+ACA9,31
견,U+ACAC,5
결,U+ACB0,54
겼,U+ACBC,5
경,U+ACBD,90
곁,U+ACC1,4
계,U+ACC4,195
고,U+ACE0,1537
곡,U+ACE1,6
곤,U+ACE4,44
곧,U+ACE7,20
골,U+ACE8,4
곰,U+ACF0,1
곱,U+ACF1,5
곳,U+ACF3,155
공,U+ACF5,39
과,U+ACFC,96
관,U+AD00,94
광,U+AD11,9
괘,U+AD18,1
괜,U+AD1C,122
괴,U+AD34,24
굉,U+AD49,8
교,U+AD50,10
구,U+AD6C,345
국,U+AD6D,13
군,U+AD70,20
굳,U+AD73,10
굴,U+AD74,46
굽,U+AD7D,6
궁,U+AD81,8
궂,U+AD82,5
권,U+AD8C,18
귀,U+ADC0,12
규,U+ADDC,6
그,U+ADF8,3817
극,U+ADF9,13
근,U+ADFC,30
글,U+AE00,54
긁,U+AE01,5
금,U+AE08,240
급,U+AE09,14
긋,U+AE0B,14
긍,U+AE0D,1
기,U+AE30,5379
긴,U+AE34,69
길,U+AE38,48
김,U+AE40,7
깁,U+AE41,1
깃,U+AE43,1
깊,U+AE4A,6
까,U+AE4C,722
깎,U+AE4E,2
깐,U+AE50,62
깔,U+AE54,1
깜,U+AE5C,2
깝,U+AE5D,1
깨,U+AE68,7
꺼,U+AEBC,3
껍,U+AECD,6
껏,U+AECF,7
께,U+AED8,62
껴,U+AEF4,26
꼬,U+AF2C,35
꼭,U+AF2D,12
꼴,U+AF34,2
꼼,U+AF3C,3
꽁,U+AF41,1
꽂,U+AF42,1
꽃,U+AF43,30
꽉,U+AF49,3
꽤,U+AF64,19
꾸,U+AFB8,7
꾹,U+AFB9,1
꾼,U+AFBC,9
꿀,U+AFC0,2
꿈,U+AFC8,39
꿉,U+AFC9,3
꿎,U+AFCE,2
꿔,U+AFD4,1
뀌,U+B00C,5
끄,U+B044,15
끈,U+B048,12
끊,U+B04A,1
끌,U+B04C,2
끔,U+B054,13
끗,U+B057,3
끝,U+B05D,55
끼,U+B07C,33
낄,U+B084,1
낌,U+B08C,40
나,U+B098,1534
낙,U+B099,1
난,U+B09C,145
날,U+B0A0,375
낡,U+B0A1,1
남,U+B0A8,87
낫,U+B0AB,2
났,U+B0AC,31
낮,U+B0AE,2
낳,U+B0B3,5
내,U+B0B4,350
낸,U+B0B8,13
낼,U+B0BC,19
냄,U+B0C4,21
냈,U+B0C8,10
냐,U+B0D0,24
냥,U+B0E5,52
너,U+B108,172
넋,U+B10B,1
넌,U+B10C,1
널,U+B110,3
넓,U+B113,13
넘,U+B118,27
넛,U+B11B,2
넣,U+B123,8
네,U+B124,702
넬,U+B12C,1
넵,U+B135,5
녀,U+B140,133
녁,U+B141,14
년,U+B144,17
념,U+B150,6
녔,U+B154,1
녕,U+B155,8
노,U+B178,26
녹,U+B179,1
논,U+B17C,1
놀,U+B180,27
놈,U+B188,1
농,U+B18D,3
높,U+B192,3
놓,U+B193,24
놔,U+B194,1
놨,U+B1A8,1
누,U+B204,78
눈,U+B208,49
눌,U+B20C,5
눠,U+B220,4
뉴,U+B274,2
늉,U+B289,1
느,U+B290,103
늑,U+B291,1
는,U+B294,2071
늘,U+B298,297
능,U+B2A5,9
늦,U+B2A6,5
늪,U+B2AA,1
늬,U+B2AC,6
니,U+B2C8,1031
닉,U+B2C9,3
닌,U+B2CC,20
닐,U+B2D0,15
님,U+B2D8,67
닙,U+B2D9,5
닛,U+B2DB,43
닝,U+B2DD,1
다,U+B2E4,1498
닥,U+B2E5,6
닦,U+B2E6,4
단,U+B2E8,133
닫,U+B2EB,4
달,U+B2EC,57
닭,U+B2ED,2
닮,U+B2EE,5
담,U+B2F4,9
답,U+B2F5,72
닷,U+B2F7,4
당,U+B2F9,99
닿,U+B2FF,7
대,U+B300,373
더,U+B354,145
덕,U+B355,13
던,U+B358,149
덜,U+B35C,10
덤,U+B364,5
덩,U+B369,13
덮,U+B36E,1
데,U+B370,442
도,U+B3C4,1378
독,U+B3C5,6
돈,U+B3C8,30
돋,U+B3CB,3
돌,U+B3CC,84
돕,U+B3D5,5
동,U+B3D9,72
돼,U+B3FC,54
됐,U+B410,88
되,U+B418,138
된,U+B41C,55
될,U+B420,52
두,U+B450,1518
둑,U+B451,7
둔,U+B454,81
둘,U+B458,62
둠,U+B460,1
둥,U+B465,25
둬,U+B46C,23
뒤,U+B4A4,20
뒷,U+B4B7,6
드,U+B4DC,115
득,U+B4DD,3
든,U+B4E0,183
듣,U+B4E3,18
들,U+B4E4,432
듬,U+B4EC,1
듯,U+B4EF,1
등,U+B4F1,12
디,U+B514,181
딘,U+B518,30
딜,U+B51C,2
따,U+B530,31
딱,U+B531,34
딸,U+B538,1
땀,U+B540,3
때,U+B54C,208
땠,U+B560,1
떠,U+B5A0,29
떤,U+B5A4,58
떨,U+B5A8,15
떻,U+B5BB,119
떼,U+B5BC,7
또,U+B610,45
똑,U+B611,27
뚝,U+B69D,2
뚫,U+B6AB,2
뚱,U+B6B1,2
뛰,U+B6F0,8
뜨,U+B728,31
뜩,U+B729,9
뜯,U+B72F,6
뜻,U+B73B,42
라,U+B77C,878
락,U+B77D,29
란,U+B780,140
랄,U+B784,22
람,U+B78C,267
랍,U+B78D,2
랐,U+B790,20
랑,U+B791,31
래,U+B798,550
랙,U+B799,2
랜,U+B79C,11
랬,U+B7AC,12
량,U+B7C9,3
러,U+B7EC,293
런,U+B7F0,366
럴,U+B7F4,45
럼,U+B7FC,130
럽,U+B7FD,13
럿,U+B7FF,1
렀,U+B800,8
렁,U+B801,3
렇,U+B807,420
레,U+B808,15
렌,U+B80C,1
렘,U+B818,8
려,U+B824,259
력,U+B825,32
련,U+B828,7
렬,U+B82C,2
렴,U+B834,26
렵,U+B835,8
렸,U+B838,46
령,U+B839,2
례,U+B840,1
로,U+B85C,691
록,U+B85D,15
론,U+B860,127
롭,U+B86D,24
롯,U+B86F,102
롱,U+B871,2
뢰,U+B8B0,9
료,U+B8CC,15
룡,U+B8E1,35
루,U+B8E8,26
룩,U+B8E9,1
룰,U+B8F0,1
룻,U+B8FB,16
뤘,U+B918,1
류,U+B958,3
륙,U+B959,18
륭,U+B96D,8
르,U+B974,235
른,U+B978,87
를,U+B97C,550
름,U+B984,53
릇,U+B987,6
리,U+B9AC,760
릭,U+B9AD,3
린,U+B9B0,58
릴,U+B9B4,46
림,U+B9BC,39
립,U+B9BD,1
릿,U+B9BF,8
마,U+B9C8,1580
막,U+B9C9,41
만,U+B9CC,2231
많,U+B9CE,46
말,U+B9D0,832
맑,U+B9D1,2
맙,U+B9D9,5
맛,U+B9DB,51
망,U+B9DD,46
맞,U+B9DE,74
맡,U+B9E1,19
맣,U+B9E3,1
매,U+B9E4,32
맹,U+B9F9,22
머,U+BA38,79
먹,U+BA39,177
먼,U+BA3C,19
멀,U+BA40,22
멈,U+BA48,10
멋,U+BA4B,15
멍,U+BA4D,14
멎,U+BA4E,1
메,U+BA54,58
멘,U+BA58,35
며,U+BA70,23
면,U+BA74,562
멸,U+BA78,4
몄,U+BA84,1
명,U+BA85,146
몇,U+BA87,25
모,U+BAA8,249
목,U+BAA9,71
몫,U+BAAB,9
몬,U+BAAC,15
몰,U+BAB0,40
몸,U+BAB8,21
못,U+BABB,75
묘,U+BB18,9
무,U+BB34,382
묵,U+BB35,14
묶,U+BB36,1
문,U+BB38,50
묻,U+BB3B,3
물,U+BB3C,138
뭐,U+BB50,390
뭔,U+BB54,71
뭘,U+BB58,39
뮈,U+BB88,1
므,U+BBC0,1
미,U+BBF8,485
민,U+BBFC,31
믿,U+BBFF,17
밀,U+BC00,9
밑,U+BC11,6
바,U+BC14,277
박,U+BC15,116
밖,U+BC16,44
반,U+BC18,96
받,U+BC1B,41
발,U+BC1C,24
밝,U+BC1D,6
밟,U+BC1F,1
밤,U+BC24,32
밥,U+BC25,30
방,U+BC29,78
밭,U+BC2D,2
배,U+BC30,102
백,U+BC31,8
뱃,U+BC43,6
버,U+BC84,175
번,U+BC88,73
벌,U+BC8C,35
범,U+BC94,12
법,U+BC95,64
벗,U+BC97,1
베,U+BCA0,6
벼,U+BCBC,4
벽,U+BCBD,9
변,U+BCC0,18
별,U+BCC4,43
병,U+BCD1,5
볕,U+BCD5,1
보,U+BCF4,447
복,U+BCF5,701
본,U+BCF8,109
볼,U+BCFC,74
봉,U+BD09,10
봐,U+BD10,61
봤,U+BD24,26
부,U+BD80,267
북,U+BD81,7
분,U+BD84,192
불,U+BD88,53
붉,U+BD89,4
붙,U+BD99,24
뷔,U+BDD4,10
브,U+BE0C,21
블,U+BE14,4
비,U+BE44,491
빈,U+BE48,3
빌,U+BE4C,6
빚,U+BE5A,7
빛,U+BE5B,28
빠,U+BE60,11
빡,U+BE61,2
빨,U+BE68,34
빵,U+BE75,23
빻,U+BE7B,2
빼,U+BE7C,9
뻐,U+BED0,14
뻑,U+BED1,1
뻔,U+BED4,4
뻤,U+BEE4,5
뾰,U+BFB0,1
뿌,U+BFCC,15
뿐,U+BFD0,42
쁘,U+C058,8
쁜,U+C05C,15
사,U+C0AC,591
산,U+C0B0,29
살,U+C0B4,113
삼,U+C0BC,5
샀,U+C0C0,1
상,U+C0C1,263
새,U+C0C8,100
색,U+C0C9,10
생,U+C0DD,212
샤,U+C0E4,6
샨,U+C0E8,4
샹,U+C0F9,4
서,U+C11C,712
석,U+C11D,134
선,U+C120,54
설,U+C124,120
섬,U+C12C,5
섭,U+C12D,9
섯,U+C12F,3
섰,U+C130,1
성,U+C131,169
세,U+C138,147
센,U+C13C,2
셀,U+C140,5
셈,U+C148,3
셋,U+C14B,695
셔,U+C154,8
셨,U+C168,3
셸,U+C178,8
소,U+C18C,314
속,U+C18D,97
손,U+C190,55
솔,U+C194,4
솟,U+C19F,5
송,U+C1A1,23
쇠,U+C1E0,12
쇼,U+C1FC,1
숍,U+C20D,1
수,U+C218,541
숙,U+C219,70
순,U+C21C,11
술,U+C220,30
숨,U+C228,41
숭,U+C22D,3
숲,U+C232,35
쉬,U+C26C,37
쉴,U+C274,1
쉽,U+C27D,13
쉿,U+C27F,2
슈,U+C288,207
스,U+C2A4,263
슨,U+C2A8,119
슬,U+C2AC,107
슴,U+C2B4,3
습,U+C2B5,24
슷,U+C2B7,11
승,U+C2B9,11
시,U+C2DC,475
식,U+C2DD,174
신,U+C2E0,203
싣,U+C2E3,2
실,U+C2E4,107
싫,U+C2EB,17
심,U+C2EC,88
십,U+C2ED,3
싱,U+C2F1,2
싶,U+C2F6,137
싸,U+C2F8,58
싹,U+C2F9,1
싼,U+C2FC,2
쌀,U+C300,2
쌍,U+C30D,11
써,U+C368,26
썩,U+C369,2
썰,U+C370,1
썼,U+C37C,4
쎄,U+C384,2
쑥,U+C465,3
쓰,U+C4F0,89
쓴,U+C4F4,9
쓸,U+C4F8,28
씌,U+C50C,1
씨,U+C528,191
씩,U+C529,3
씬,U+C52C,4
씹,U+C539,5
씻,U+C53B,1
아,U+C544,2358
악,U+C545,29
안,U+C548,277
않,U+C54A,335
알,U+C54C,681
앓,U+C553,1
암,U+C554,1
압,U+C555,5
앗,U+C557,32
았,U+C558,127
앙,U+C559,64
앞,U+C55E,39
애,U+C560,33
야,U+C57C,1695
약,U+C57D,44
얇,U+C587,1
얌,U+C58C,2
얏,U+C58F,1
양,U+C591,68
얘,U+C598,40
어,U+C5B4,2097
억,U+C5B5,15
언,U+C5B8,89
얹,U+C5B9,1
얻,U+C5BB,2
얼,U+C5BC,119
엄,U+C5C4,88
업,U+C5C5,703
없,U+C5C6,422
엇,U+C5C7,13
었,U+C5C8,378
엉,U+C5C9,13
엌,U+C5CC,1
에,U+C5D0,1198
엑,U+C5D1,2
엔,U+C5D4,40
엠,U+C5E0,2
엣,U+C5E3,1
여,U+C5EC,340
역,U+C5ED,140
연,U+C5F0,49
열,U+C5F4,43
염,U+C5FC,2
엽,U+C5FD,3
엿,U+C5FF,1
였,U+C600,78
영,U+C601,36
옆,U+C606,6
예,U+C608,57
옛,U+C61B,26
오,U+C624,248
옥,U+C625,2
온,U+C628,84
올,U+C62C,90
옮,U+C62E,7
옷,U+C637,16
와,U+C640,249
완,U+C644,38
왓,U+C653,3
왔,U+C654,64
왕,U+C655,43
왜,U+C65C,116
왠,U+C660,73
외,U+C678,33
요,U+C694,200
욕,U+C695,7
욘,U+C698,8
용,U+C6A9,50
우,U+C6B0,268
운,U+C6B4,97
울,U+C6B8,247
움,U+C6C0,46
웃,U+C6C3,25
워,U+C6CC,132
원,U+C6D0,61
월,U+C6D4,6
웠,U+C6E0,30
웨,U+C6E8,1
웩,U+C6E9,6
위,U+C704,109
윈,U+C708,1
윌,U+C70C,2
유,U+C720,152
육,U+C721,8
으,U+C73C,412
윽,U+C73D,8
은,U+C740,888
을,U+C744,1100
음,U+C74C,268
응,U+C751,87
의,U+C758,768
이,U+C774,3403
익,U+C775,1
인,U+C778,448
일,U+C77C,402
읽,U+C77D,57
잃,U+C783,14
임,U+C784,7
입,U+C785,31
잇,U+C787,2
있,U+C788,1140
잊,U+C78A,11
자,U+C790,586
작,U+C791,48
잔,U+C794,34
잖,U+C796,273
잘,U+C798,123
잠,U+C7A0,66
잡,U+C7A1,40
잣,U+C7A3,6
장,U+C7A5,1510
재,U+C7AC,55
잭,U+C7AD,1
쟁,U+C7C1,3
저,U+C800,1804
적,U+C801,121
전,U+C804,245
절,U+C808,35
젊,U+C80A,2
점,U+C810,26
접,U+C811,6
정,U+C815,358
젖,U+C816,1
제,U+C81C,231
젠,U+C820,57
젯,U+C82F,2
져,U+C838,69
졌,U+C84C,33
조,U+C870,228
족,U+C871,23
존,U+C874,101
졸,U+C878,5
좀,U+C880,61
종,U+C885,68
좇,U+C887,1
좋,U+C88B,181
죄,U+C8C4,13
죠,U+C8E0,4
주,U+C8FC,177
죽,U+C8FD,32
준,U+C900,49
줄,U+C904,59
줌,U+C90C,5
중,U+C911,104
줘,U+C918,111
줬,U+C92C,39
쥐,U+C950,1
즈,U+C988,1
즐,U+C990,11
증,U+C99D,14
지,U+C9C0,2155
직,U+C9C1,155
진,U+C9C4,187
질,U+C9C8,47
짐,U+C9D0,5
집,U+C9D1,57
짓,U+C9D3,37
징,U+C9D5,8
짚,U+C9DA,5
짜,U+C9DC,26
짝,U+C9DD,22
짠,U+C9E0,1
짧,U+C9E7,1
짱,U+C9F1,1
째,U+C9F8,6
쨌,U+CA0C,6
쩌,U+CA4C,11
쩔,U+CA54,16
쩜,U+CA5C,1
쪄,U+CA84,5
쪼,U+CABC,1
쪽,U+CABD,63
쫓,U+CAD3,6
쭈,U+CB48,2
쭐,U+CB50,1
쯤,U+CBE4,27
찌,U+CC0C,8
찍,U+CC0D,3
찜,U+CC1C,2
찢,U+CC22,5
차,U+CC28,67
착,U+CC29,42
찬,U+CC2C,30
찮,U+CC2E,123
참,U+CC38,33
찻,U+CC3B,27
찼,U+CC3C,9
창,U+CC3D,4
찾,U+CC3E,107
채,U+CC44,13
책,U+CC45,31
챙,U+CC59,1
처,U+CC98,98
척,U+CC99,7
천,U+CC9C,47
철,U+CCA0,21
첨,U+CCA8,1
첫,U+CCAB,10
청,U+CCAD,67
체,U+CCB4,74
쳇,U+CCC7,9
쳐,U+CCD0,34
쳤,U+CCE4,22
초,U+CD08,22
촉,U+CD09,5
촌,U+CD0C,5
촙,U+CD19,1
총,U+CD1D,1
최,U+CD5C,42
추,U+CD94,19
축,U+CD95,8
춘,U+CD98,2
출,U+CD9C,29
충,U+CDA9,16
춰,U+CDB0,6
취,U+CDE8,11
츠,U+CE20,101
층,U+CE35,5
치,U+CE58,74
칙,U+CE59,13
친,U+CE5C,38
칠,U+CE60,18
침,U+CE68,27
칭,U+CE6D,7
카,U+CE74,68
칼,U+CE7C,3
캉,U+CE89,1
커,U+CEE4,13
컨,U+CEE8,2
컷,U+CEF7,7
케,U+CF00,25
켈,U+CF08,12
켜,U+CF1C,43
켰,U+CF30,7
코,U+CF54,29
콘,U+CF58,3
콜,U+CF5C,1
콤,U+CF64,10
콧,U+CF67,4
콩,U+CF69,9
쾅,U+CF85,2
쾌,U+CF8C,1
쿠,U+CFE0,32
쿨,U+CFE8,1
쿵,U+CFF5,1
크,U+D06C,54
큭,U+D06D,3
큰,U+D070,56
클,U+D074,4
큼,U+D07C,18
키,U+D0A4,79
킨,U+D0A8,7
킬,U+D0AC,17
킷,U+D0B7,2
타,U+D0C0,69
탁,U+D0C1,48
탄,U+D0C4,7
탈,U+D0C8,9
탐,U+D0D0,6
탑,U+D0D1,1
탓,U+D0D3,9
탔,U+D0D4,5
탕,U+D0D5,1
태,U+D0DC,51
택,U+D0DD,4
터,U+D130,77
턱,U+D131,5
털,U+D138,4
텀,U+D140,1
테,U+D14C,85
텐,U+D150,38
텨,U+D168,1
토,U+D1A0,98
톨,U+D1A8,1
톱,U+D1B1,3
통,U+D1B5,39
투,U+D22C,14
툴,U+D234,2
툼,U+D23C,1
퉜,U+D25C,1
튀,U+D280,6
튜,U+D29C,2
트,U+D2B8,302
특,U+D2B9,21
튼,U+D2BC,15
틀,U+D2C0,14
틈,U+D2C8,1
티,U+D2F0,1
틱,U+D2F1,1
틸,U+D2F8,1
팀,U+D300,1
파,U+D30C,48
팎,U+D30E,2
판,U+D310,23
팔,U+D314,21
팡,U+D321,2
패,U+D328,17
팬,U+D32C,2
퍼,U+D37C,17
페,U+D398,15
펜,U+D39C,2
펠,U+D3A0,1
편,U+D3B8,58
펼,U+D3BC,2
평,U+D3C9,25
폐,U+D3D0,4
포,U+D3EC,82
폭,U+D3ED,2
폴,U+D3F4,4
표,U+D45C,11
푸,U+D478,9
푹,U+D479,1
풀,U+D480,29
품,U+D488,27
풉,U+D489,1
풍,U+D48D,12
프,U+D504,90
픈,U+D508,5
플,U+D50C,47
픔,U+D514,12
피,U+D53C,491
핀,U+D540,2
필,U+D544,56
핑,U+D551,1
하,U+D558,4282
학,U+D559,3
한,U+D55C,594
할,U+D560,254
함,U+D568,86
합,U+D569,28
핫,U+D56B,32
항,U+D56D,32
해,U+D574,783
핵,U+D575,1
햇,U+D587,1
했,U+D588,237
행,U+D589,437
향,U+D5A5,33
허,U+D5C8,26
헉,U+D5C9,5
험,U+D5D8,32
헛,U+D5DB,2
헤,U+D5E4,64
헥,U+D5E5,28
헬,U+D5EC,5
헷,U+D5F7,4
혀,U+D600,30
현,U+D604,12
협,U+D611,5
혔,U+D614,8
형,U+D615,18
호,U+D638,47
혹,U+D639,49
혼,U+D63C,35
홍,U+D64D,1
화,U+D654,79
확,U+D655,47
환,U+D658,7
활,U+D65C,23
황,U+D669,6
회,U+D68C,715
획,U+D68D,6
효,U+D6A8,9
후,U+D6C4,30
훈,U+D6C8,3
훌,U+D6CC,8
훔,U+D6D4,5
훨,U+D6E8,4
휘,U+D718,3
휩,U+D729,3
휴,U+D734,7
흉,U+D749,4
흐,U+D750,35
흑,U+D751,1
흔,U+D754,3
흘,U+D758,8
흠,U+D760,6
흡,U+D761,1
흥,U+D765,14
흩,U+D769,4
희,U+D76C,21
히,U+D788,202
힌,U+D78C,11
힐,U+D790,1
힘,U+D798,75
